Job ID,Job URL,Job Title,Company Name,Status,Timestamp,WP ID
ae1750707b6d361c,https://kg.linkedin.com/jobs/view/preparator-at-woodruff-arts-ctr-14th-st-4431987795,Preparator,Woodruff Arts Ctr 14th St,posted,2026-07-07T00:42:45.486354,22
2b7ada0b40984c01,https://kg.linkedin.com/jobs/view/squadron-aor-supply-technician-at-general-dynamics-information-technology-4435542290,Squadron/AOR Supply Technician,General Dynamics Information Technology,posted,2026-07-07T00:42:55.720581,24
e93d8a7345833e77,https://kg.linkedin.com/jobs/view/project-manager-at-smec-an-sj-group-company-4414918557,Project Manager,SMEC (an SJ Group company),posted,2026-07-07T00:43:07.795212,26
134f4405210f4f52,https://kg.linkedin.com/jobs/view/system-administrator-ii-at-general-dynamics-information-technology-4436950734,System Administrator II,General Dynamics Information Technology,posted,2026-07-07T00:43:16.705617,28
3148d061fcf43be9,https://kg.linkedin.com/jobs/view/specialty-lines-examiner-full-time-toronto-on-canada-or-new-westminster-bc-canada-at-scm-insurance-services-4436203544,"Specialty Lines Examiner-Full-time (Toronto, ON Canada or New Westminster, BC Canada)",,scraped,2026-07-07T00:43:19.272862,
f9c55f5e4d8da117,https://kg.linkedin.com/jobs/view/chemical-specialist-launch-team-at-ball-corporation-4427078067,Chemical Specialist Launch Team,Ball Corporation,posted,2026-07-07T00:43:32.394294,30
d87bdd2b8ff0e118,https://kg.linkedin.com/jobs/view/program-manager-at-logistics-institute-of-central-asia-4433707093,Program Manager,,scraped,2026-07-07T00:43:35.034541,
48f8b0c2f49f7b88,https://kg.linkedin.com/jobs/view/et-si-l-ia-ne-d%C3%A9truisait-pas-les-emplois-mais-les-m%C3%A9tiers-%3F-at-mediadw-4437154949,"Et si l'IA ne détruisait pas les emplois, mais les métiers ?",MediaDW,posted,2026-07-07T00:43:51.927545,32
894d3eaf2106e4f9,https://kg.linkedin.com/jobs/view/igcse-ibdp-geography-teacher-at-nita-mukesh-ambani-junior-school-4435779262,IGCSE & IBDP Geography Teacher,,scraped,2026-07-07T00:43:54.524469,
0ce06d264efea8ff,https://kg.linkedin.com/jobs/view/igcse-ibdp-history-teacher-at-nita-mukesh-ambani-junior-school-4435781099,IGCSE & IBDP History Teacher,,scraped,2026-07-07T00:45:06.163761,
217909d00e132865,https://kg.linkedin.com/jobs/view/project-manager-international-at-caddell-construction-4423017304,Project Manager - International,Caddell Construction,posted,2026-07-07T00:45:21.360550,34
dbcec65211e2bcbe,https://kg.linkedin.com/jobs/view/tatar-language-expert-remote-at-yo-it-consulting-4431550960,Tatar Language Expert - Remote,,scraped,2026-07-07T00:45:23.971888,
b1ee1545ca9676ef,https://kg.linkedin.com/jobs/view/russian-qa-lead-remote-at-yo-it-consulting-4434395388,Russian QA Lead - Remote,,scraped,2026-07-07T00:45:30.196274,
8174be95cefd2004,https://kg.linkedin.com/jobs/view/packaging-process-operator-at-ab-inbev-africa-4436934449,Packaging Process Operator,,scraped,2026-07-07T00:45:36.336019,
4c2c22239fda72a8,https://kg.linkedin.com/jobs/view/technical-recruiter-international-remote-at-tubescience-4435323073,Technical Recruiter | International Remote,TubeScience,posted,2026-07-07T00:45:49.655088,36
68c5059912fe0080,https://kg.linkedin.com/jobs/view/%D0%BC%D0%B5%D0%BD%D0%B5%D0%B4%D0%B6%D0%B5%D1%80-%D0%BF%D0%BE-%D0%BF%D1%80%D0%BE%D0%B4%D0%B0%D0%B6%D0%B0%D0%BC-%D0%B8%D1%82-%D0%BA%D0%BE%D0%BC%D0%BF%D0%B0%D0%BD%D0%B8%D1%8F-%D1%80%D0%BE%D1%81%D1%82%D0%BE%D0%B2-%D0%BD%D0%B0-%D0%B4%D0%BE%D0%BD%D1%83-at-nag-4434369152,Менеджер по продажам (ИТ-компания) Ростов-на-Дону,,scraped,2026-07-07T00:45:52.118875,
a1cb166f0efa11ea,https://kg.linkedin.com/jobs/view/%D1%84%D1%83%D0%BD%D0%BA%D1%86%D0%B8%D0%BE%D0%BD%D0%B0%D0%BB%D1%8C%D0%BD%D1%8B%D0%B9-%D0%B0%D1%80%D1%85%D0%B8%D1%82%D0%B5%D0%BA%D1%82%D0%BE%D1%80-1%D1%81-%D0%B5%D1%80%D0%BF-%D0%BE%D0%BF%D0%B5%D1%80%D0%B0%D1%86%D0%B8%D0%BE%D0%BD%D0%BD%D1%8B%D0%B9-%D0%BA%D0%BE%D0%BD%D1%82%D1%83%D1%80-%D0%B5%D0%BA%D0%B0%D1%82%D0%B5%D1%80%D0%B8%D0%BD%D0%B1%D1%83%D1%80%D0%B3-at-nag-4434358623,Функциональный архитектор 1С ЕРП (операционный контур) Екатеринбург,,scraped,2026-07-07T00:45:59.715666,
eb9a3765dd52f881,https://kg.linkedin.com/jobs/view/uyghur-bilingual-expert-remote-at-yo-it-consulting-4436017638,Uyghur Bilingual Expert - Remote,,scraped,2026-07-07T00:47:10.745898,
fe80374aaccf204e,https://kg.linkedin.com/jobs/view/%D0%B8%D0%BD%D0%B6%D0%B5%D0%BD%D0%B5%D1%80-%D1%81%D0%B5%D1%80%D0%B2%D0%B5%D1%80%D0%BD%D0%BE%D0%B5-%D0%BE%D0%B1%D0%BE%D1%80%D1%83%D0%B4%D0%BE%D0%B2%D0%B0%D0%BD%D0%B8%D0%B5-%D0%B5%D0%BA%D0%B0%D1%82%D0%B5%D1%80%D0%B8%D0%BD%D0%B1%D1%83%D1%80%D0%B3-at-nag-4435783396,Инженер (серверное оборудование) Екатеринбург,,scraped,2026-07-07T00:48:20.410315,
616f523f323cea29,https://kg.linkedin.com/jobs/view/project-coordinator-software-development-at-pls-4436704438,Project Coordinator (Software Development),PLS,posted,2026-07-07T00:48:34.309400,38
4cc04a97a297b262,https://kg.linkedin.com/jobs/view/csfc-system-administrator-at-general-dynamics-information-technology-4436947824,CSfC System Administrator,General Dynamics Information Technology,posted,2026-07-07T00:48:43.528464,40
ee65c191fe6ae357,https://kg.linkedin.com/jobs/view/csfc-end-user-administrator-at-general-dynamics-information-technology-4436956352,CSfC End-User Administrator,General Dynamics Information Technology,posted,2026-07-07T00:48:53.560666,42
8e320bae09743edb,https://kg.linkedin.com/jobs/view/comsec-ekms-manager-at-general-dynamics-information-technology-4418498059,COMSEC/EKMS Manager,General Dynamics Information Technology,posted,2026-07-07T00:49:02.727960,44
291a6076c238e80e,https://kg.linkedin.com/jobs/view/inside-outside-cable-plant-technician-ii-at-general-dynamics-information-technology-4435533514,Inside/Outside Cable Plant Technician II,General Dynamics Information Technology,posted,2026-07-07T00:49:11.705871,46
6165107b72e0a201,https://kg.linkedin.com/jobs/view/igcse-ibdp-mathematics-teacher-at-nita-mukesh-ambani-junior-school-4435775321,IGCSE & IBDP Mathematics Teacher,,scraped,2026-07-07T00:49:14.627074,
0b9c6f370dc0c287,https://kg.linkedin.com/jobs/view/cds-network-systems-administrator-at-general-dynamics-information-technology-4417485467,CDS Network/Systems Administrator,General Dynamics Information Technology,posted,2026-07-07T00:50:32.877712,48
b7a145170714fdbe,https://kg.linkedin.com/jobs/view/coalition-support-service-desk-technician-at-general-dynamics-information-technology-4436198583,Coalition Support Service Desk Technician,General Dynamics Information Technology,posted,2026-07-07T00:50:42.799391,50
47b51db51ca00494,https://kg.linkedin.com/jobs/view/igcse-ibdp-chemistry-teacher-at-nita-mukesh-ambani-junior-school-4435761876,IGCSE & IBDP Chemistry Teacher,,scraped,2026-07-07T00:50:45.348642,
c0198a141951332d,https://kg.linkedin.com/jobs/view/igcse-ibdp-biology-teacher-at-nita-mukesh-ambani-junior-school-4435761877,IGCSE & IBDP Biology Teacher,,scraped,2026-07-07T00:50:52.590749,
cd20b3f5b95d0748,https://kg.linkedin.com/jobs/view/affiliate-relationship-manager-cis-at-binance-4415936070,Affiliate Relationship Manager - CIS,Binance,posted,2026-07-07T00:51:06.468446,52
8a43be240d9a9f55,https://kg.linkedin.com/jobs/view/software-engineer-junior-at-iron-eaglex-inc-4418421346,Software Engineer-Junior,"Iron EagleX, Inc.",posted,2026-07-07T00:51:15.602151,54
512502c7a5d53dbf,https://kg.linkedin.com/jobs/view/remote-oromo-interpreter-at-language-services-associates-4426009010,Remote Oromo Interpreter,Language Services Associates,posted,2026-07-07T00:51:25.102877,56
317b232bc1226f32,https://kg.linkedin.com/jobs/view/kyrgyz-speaking-translator-at-xm-4432339240,Kyrgyz-Speaking Translator,XM,posted,2026-07-07T00:52:42.627802,58
bf357965fb7aa6de,https://kg.linkedin.com/jobs/view/software-engineer-junior-at-iron-eaglex-inc-4416253558,Software Engineer-Junior,"Iron EagleX, Inc.",scraped,2026-07-07T00:52:46.878547,
7b7bd7821dbc30f7,https://kg.linkedin.com/jobs/view/growth-campaign-manager-cis-at-binance-4434682690,Growth Campaign Manager - CIS,Binance,posted,2026-07-07T00:52:56.648680,60
55a99fc8907e7d9d,https://kg.linkedin.com/jobs/view/senior-training-and-capacity-development-expert-at-ntu-international-a-s-4434970724,Senior Training and Capacity Development Expert,,scraped,2026-07-07T00:52:59.217665,
995384cc2bae0d1a,https://kg.linkedin.com/jobs/view/international-remote-yupik-interpreter-at-language-services-associates-4426103768,International Remote Yupik Interpreter,Language Services Associates,posted,2026-07-07T00:53:12.563421,62
4aa53d9f9af94d6e,https://kg.linkedin.com/jobs/view/regional-growth-manager-cis-at-binance-4434690249,Regional Growth Manager - CIS,Binance,posted,2026-07-07T00:53:20.826680,64
97c7369b0da2ea41,https://kg.linkedin.com/jobs/view/international-remote-kizigua-interpreter-at-language-services-associates-4425856175,International Remote Kizigua Interpreter,Language Services Associates,posted,2026-07-07T00:53:29.570125,66
bda633cb22d81b91,https://kg.linkedin.com/jobs/view/senior-growth-manager-cis-at-binance-4434690250,Senior Growth Manager - CIS,Binance,posted,2026-07-07T00:53:38.095013,68
5db57b46e0d69807,https://kg.linkedin.com/jobs/view/lead-data-engineer-with-terraform-at-epam-systems-4433946521,Lead Data Engineer with Terraform,EPAM Systems,posted,2026-07-07T00:53:46.823652,70
5eed8b28a357c512,https://kg.linkedin.com/jobs/view/lead-azure-engineer-at-epam-systems-4398256469,Lead Azure Engineer,EPAM Systems,posted,2026-07-07T00:53:54.779420,72
170b9a5fe08b50f4,https://kg.linkedin.com/jobs/view/%D0%B8%D0%BD%D0%B6%D0%B5%D0%BD%D0%B5%D1%80-%D0%BF%D1%80%D0%BE%D0%B5%D0%BA%D1%82%D0%B8%D1%80%D0%BE%D0%B2%D1%89%D0%B8%D0%BA-%D0%B0%D1%81%D1%83-%D1%82%D0%BF-%D0%B5%D0%BA%D0%B0%D1%82%D0%B5%D1%80%D0%B8%D0%BD%D0%B1%D1%83%D1%80%D0%B3-at-nag-4434372118,Инженер-проектировщик АСУ ТП Екатеринбург,,scraped,2026-07-07T00:53:57.211828,
81877e911d952e89,https://kg.linkedin.com/jobs/view/senior-dynamics-crm-developer-voc-at-epam-systems-4411580872,Senior Dynamics CRM Developer (VoC),EPAM Systems,posted,2026-07-07T00:54:10.406438,74
ffaf298d2a0a80b0,https://kg.linkedin.com/jobs/view/claims-representative-remote-anywhere-in-the-us-st-louis-mo-at-scm-insurance-services-4436209330,"Claims Representative - Remote (anywhere in the US) - St Louis, MO",,scraped,2026-07-07T00:54:13.001338,
2112d9b6a4157bfd,https://kg.linkedin.com/jobs/view/lead-devops-engineer-jenkins-scaling-at-epam-systems-4431903991,Lead DevOps Engineer - Jenkins Scaling,EPAM Systems,posted,2026-07-07T00:54:24.506711,76
7780b8330b372eb0,https://kg.linkedin.com/jobs/view/lead-full-stack-engineer-ai-driven-systems-at-epam-systems-4402493046,Lead Full-Stack Engineer (AI-Driven Systems),EPAM Systems,posted,2026-07-07T00:54:32.585028,78
5ddeab496c4c7566,https://kg.linkedin.com/jobs/view/senior-data-engineer-ai-at-epam-systems-4421167271,"Senior Data Engineer, AI",EPAM Systems,posted,2026-07-07T00:54:40.732615,80
cb7aebb4dcf4e325,https://kg.linkedin.com/jobs/view/senior-data-engineer-ai-at-epam-systems-4421153396,"Senior Data Engineer, AI",EPAM Systems,scraped,2026-07-07T00:54:44.928817,
c0357be4bb2156f8,https://kg.linkedin.com/jobs/view/senior-sapui5-btp-developer-relocation-to-cyprus-at-epam-systems-4355716805,Senior SAPUI5/BTP Developer (relocation to Cyprus),EPAM Systems,posted,2026-07-07T00:54:52.452480,82
884166560d1431fe,https://kg.linkedin.com/jobs/view/international-audio-video-remote-indonesian-and-bahasa-interpreter-at-language-services-associates-4426007040,International Audio/Video Remote Indonesian and Bahasa Interpreter,Language Services Associates,posted,2026-07-07T00:55:00.848592,84
b9992ce6d0edb112,https://kg.linkedin.com/jobs/view/software-functional-testing-intern-at-epam-lab-at-epam-systems-4359502624,Software Functional Testing Intern at EPAM Lab,EPAM Systems,posted,2026-07-07T00:55:09.754232,86
bc7a18d04be73893,https://kg.linkedin.com/jobs/view/international-audio-video-remote-russian-interpreter-at-language-services-associates-4406900757,International Audio/Video Remote Russian Interpreter,Language Services Associates,posted,2026-07-07T00:55:18.812411,88
801f3e1833b8504a,https://kg.linkedin.com/jobs/view/international-audio-video-remote-burmese-and-karen-interpreter-at-language-services-associates-4434629749,International Audio/Video Remote Burmese and Karen Interpreter,Language Services Associates,posted,2026-07-07T00:55:27.793616,90
ffff2127353b2b24,https://kg.linkedin.com/jobs/view/remote-shanghainese-interpreter-at-language-services-associates-4425898886,Remote Shanghainese Interpreter,Language Services Associates,posted,2026-07-07T00:55:36.508301,92
73f4abaabbb877b8,https://kg.linkedin.com/jobs/view/international-audio-video-remote-toisan-and-mandarin-or-cantonese-interpreter-at-language-services-associates-4426007039,International Audio/Video Remote Toisan and Mandarin or Cantonese Interpreter,Language Services Associates,posted,2026-07-07T00:55:45.336943,94
ef1e6cdcc4448db4,https://kg.linkedin.com/jobs/view/software-functional-testing-intern-at-epam-lab-at-epam-systems-4357993498,Software Functional Testing Intern at EPAM Lab,EPAM Systems,posted,2026-07-07T00:55:49.892545,86
9b011efa60208dc5,https://kg.linkedin.com/jobs/view/software-functional-testing-intern-at-epam-lab-at-epam-systems-4358042649,Software Functional Testing Intern at EPAM Lab,EPAM Systems,posted,2026-07-07T00:55:54.388049,86
9dc1dcfff85db485,https://kg.linkedin.com/jobs/view/international-audio-video-remote-haitian-creole-interpreter-at-language-services-associates-4406901662,International Audio/Video Remote Haitian Creole Interpreter,Language Services Associates,posted,2026-07-07T00:56:03.102987,96
ff9a4b5a3f57b3a5,https://kg.linkedin.com/jobs/view/remote-finnish-interpreter-at-language-services-associates-4426007037,Remote Finnish Interpreter,Language Services Associates,posted,2026-07-07T00:56:12.248952,98
da76aadbf47e956e,https://kg.linkedin.com/jobs/view/senior-aws-cloud-devops-engineer-at-epam-systems-4398267281,Senior AWS Cloud DevOps Engineer,EPAM Systems,posted,2026-07-07T00:56:20.075425,100
aa5c5ebc20a2b24f,https://kg.linkedin.com/jobs/view/senior-site-reliability-engineer-at-epam-systems-4398256020,Senior Site Reliability Engineer,EPAM Systems,posted,2026-07-07T00:56:27.404591,102
2f7549f6412f38f6,https://kg.linkedin.com/jobs/view/international-audio-video-remote-karen-and-thai-interpreter-at-language-services-associates-4434641133,International Audio/Video Remote Karen and Thai Interpreter,Language Services Associates,posted,2026-07-07T00:56:36.095237,104
d5aea418ad4c830d,https://kg.linkedin.com/jobs/view/remote-portuguese-creole-interpreter-at-language-services-associates-4425896851,Remote Portuguese Creole Interpreter,Language Services Associates,posted,2026-07-07T00:56:44.517886,106
c2bb1b34703715d6,https://kg.linkedin.com/jobs/view/remote-ewe-interpreter-at-language-services-associates-4425888910,Remote Ewe Interpreter,Language Services Associates,posted,2026-07-07T00:56:52.564810,108
2dc7d24cdf16011d,https://kg.linkedin.com/jobs/view/funded-traineeship-for-young-graduates-at-the-eu-delegation-to-the-kyrgyz-republic-ppi-section-at-eubam-libya-4437132100,Funded traineeship for young graduates at the EU Delegation to the Kyrgyz Republic - PPI Section,,scraped,2026-07-07T12:21:00.847885,
99d43cf6b2a86bac,https://kg.linkedin.com/jobs/view/senior-medical-secretary-upper-gi-respiratory-at-lister-fertility-clinic-4436268085,Senior Medical Secretary - Upper GI & Respiratory,,scraped,2026-07-07T12:21:07.651284,
ccebaa808416af12,https://kg.linkedin.com/jobs/view/%D1%80%D1%83%D0%BA%D0%BE%D0%B2%D0%BE%D0%B4%D0%B8%D1%82%D0%B5%D0%BB%D1%8C-%D1%80%D0%B0%D0%B1%D0%BE%D1%82-%D0%BF%D1%80%D0%BE%D1%80%D0%B0%D0%B1-%D0%B5%D0%BA%D0%B0%D1%82%D0%B5%D1%80%D0%B8%D0%BD%D0%B1%D1%83%D1%80%D0%B3-at-nag-4434364277,Руководитель работ (прораб) Екатеринбург,,scraped,2026-07-07T12:21:15.620547,
d3669512d89124b8,https://kg.linkedin.com/jobs/view/%D0%BC%D0%B5%D0%BD%D0%B5%D0%B4%D0%B6%D0%B5%D1%80-%D0%BF%D0%BE-%D0%BE%D0%B1%D1%83%D1%87%D0%B5%D0%BD%D0%B8%D1%8E-%D0%B8-%D1%80%D0%B0%D0%B7%D0%B2%D0%B8%D1%82%D0%B8%D1%8E-%D0%BF%D0%B5%D1%80%D1%81%D0%BE%D0%BD%D0%B0%D0%BB%D0%B0-%D0%B5%D0%BA%D0%B0%D1%82%D0%B5%D1%80%D0%B8%D0%BD%D0%B1%D1%83%D1%80%D0%B3-at-nag-4434368143,Менеджер по обучению и развитию персонала Екатеринбург,,scraped,2026-07-07T12:21:23.598395,
ff67fbf0f809ec04,https://kg.linkedin.com/jobs/view/international-students-at-middle-georgia-state-university-school-of-computing-4434368558,International Students,Middle Georgia State University School of Computing,posted,2026-07-07T12:21:45.004946,110
cf3b5e267a0ef64b,https://kg.linkedin.com/jobs/view/%D0%BC%D0%B5%D0%BD%D0%B5%D0%B4%D0%B6%D0%B5%D1%80-%D0%BF%D0%BE-%D0%BF%D1%80%D0%BE%D0%B4%D1%83%D0%BA%D1%82%D1%83-%D1%82%D0%B5%D0%BB%D0%B5%D0%BA%D0%BE%D0%BC-%D0%BE%D0%B1%D0%BE%D1%80%D1%83%D0%B4%D0%BE%D0%B2%D0%B0%D0%BD%D0%B8%D0%B5-%D0%B5%D0%BA%D0%B0%D1%82%D0%B5%D1%80%D0%B8%D0%BD%D0%B1%D1%83%D1%80%D0%B3-at-nag-4434370121,Менеджер по продукту (телеком-оборудование) Екатеринбург,,scraped,2026-07-07T12:21:47.479079,
be16bade9269126c,https://kg.linkedin.com/jobs/view/%D1%80%D1%83%D0%BA%D0%BE%D0%B2%D0%BE%D0%B4%D0%B8%D1%82%D0%B5%D0%BB%D1%8C-%D0%BE%D1%82%D0%B4%D0%B5%D0%BB%D0%B0-%D0%BF%D0%BE-%D0%B8%D0%BD%D0%B6%D0%B5%D0%BD%D0%B5%D1%80%D0%BD%D1%8B%D0%BC-%D1%81%D0%B8%D1%81%D1%82%D0%B5%D0%BC%D0%B0%D0%BC-%D1%86%D0%BE%D0%B4-%D0%B5%D0%BA%D0%B0%D1%82%D0%B5%D1%80%D0%B8%D0%BD%D0%B1%D1%83%D1%80%D0%B3-at-nag-4434354761,Руководитель отдела по инженерным системам ЦОД Екатеринбург,,scraped,2026-07-07T12:21:55.102206,
2708771871169f60,https://kg.linkedin.com/jobs/view/%D1%80%D1%83%D0%BA%D0%BE%D0%B2%D0%BE%D0%B4%D0%B8%D1%82%D0%B5%D0%BB%D1%8C-%D0%BE%D1%82%D0%B4%D0%B5%D0%BB%D0%B0-%D0%BF%D1%80%D0%BE%D0%B5%D0%BA%D1%82%D0%B8%D1%80%D0%BE%D0%B2%D0%B0%D0%BD%D0%B8%D1%8F-%D0%B8%D0%BD%D0%B6%D0%B5%D0%BD%D0%B5%D1%80%D0%BD%D1%8B%D1%85-%D1%81%D0%B8%D1%81%D1%82%D0%B5%D0%BC-%D0%B5%D0%BA%D0%B0%D1%82%D0%B5%D1%80%D0%B8%D0%BD%D0%B1%D1%83%D1%80%D0%B3-at-nag-4434375067,Руководитель отдела проектирования инженерных систем Екатеринбург,,scraped,2026-07-07T12:22:02.870043,
6afec1d7a2b2bbb4,https://kg.linkedin.com/jobs/view/%D0%BC%D0%B5%D0%BD%D0%B5%D0%B4%D0%B6%D0%B5%D1%80-%D0%BF%D0%BE-%D1%80%D0%B0%D0%B1%D0%BE%D1%82%D0%B5-%D1%81-%D0%BA%D0%BB%D1%8E%D1%87%D0%B5%D0%B2%D1%8B%D0%BC%D0%B8-%D0%BA%D0%BB%D0%B8%D0%B5%D0%BD%D1%82%D0%B0%D0%BC%D0%B8-%D0%B5%D0%BA%D0%B0%D1%82%D0%B5%D1%80%D0%B8%D0%BD%D0%B1%D1%83%D1%80%D0%B3-at-nag-4434351868,Менеджер по работе с ключевыми клиентами Екатеринбург,,scraped,2026-07-07T12:22:11.052234,
1924ec7662363ae2,https://kg.linkedin.com/jobs/view/%D0%B8%D0%BD%D0%B6%D0%B5%D0%BD%D0%B5%D1%80-%D0%BF%D1%80%D0%BE%D0%B5%D0%BA%D1%82%D0%B8%D1%80%D0%BE%D0%B2%D1%89%D0%B8%D0%BA-%D0%B5%D0%BA%D0%B0%D1%82%D0%B5%D1%80%D0%B8%D0%BD%D0%B1%D1%83%D1%80%D0%B3-at-nag-4434361319,Инженер-проектировщик Екатеринбург,,scraped,2026-07-07T12:22:18.914006,
086c4faeeabc1f70,https://kg.linkedin.com/jobs/view/supply-chain-head-at-antal-international-4436727134,Supply chain head,,scraped,2026-07-07T12:22:27.295554,
bf1717b6649800de,https://kg.linkedin.com/jobs/view/senior-value-chain-development-expert-at-ntu-international-a-s-4436376756,Senior Value Chain Development Expert,,scraped,2026-07-07T12:22:33.594325,
20b98ca62e545ddd,https://kg.linkedin.com/jobs/view/sales-manager-at-muk-4436050417,Sales Manager,,scraped,2026-07-07T12:22:40.806450,
2a87313683a29d08,https://kg.linkedin.com/jobs/view/field-sales-manager-%E2%80%93-medior-%E2%80%93-international-at-leadfabric-4436973687,Field Sales Manager – Medior – International,,scraped,2026-07-07T12:22:48.530038,
4cfd1d4966a3d33d,https://kg.linkedin.com/jobs/view/fraud-operations-analyst-tuesday%E2%80%93saturday-at-nsure-ai-4437166637,Fraud Operations Analyst | Tuesday–Saturday,nSure.ai,posted,2026-07-07T12:23:07.307079,112
fabd34ee38ac8d29,https://kg.linkedin.com/jobs/view/middle-python-developer-at-reviro-io-4433911690,Middle Python Developer,Reviro.io,posted,2026-07-07T12:23:22.332138,114
8aad397283b4e056,https://kg.linkedin.com/jobs/view/lead-sap-fico-consultant-at-epam-systems-4363247294,Lead SAP FICO Consultant,EPAM Systems,posted,2026-07-07T12:23:29.985457,116
6b7ca29ddd16ee65,https://kg.linkedin.com/jobs/view/project-manager-warehouse-automation-robotics-at-michael-page-4437760300,Project Manager - Warehouse Automation / Robotics,Michael Page,posted,2026-07-07T12:23:41.263709,118
d6829a0f3d81b068,https://kg.linkedin.com/jobs/view/senior-climate-adaptation-expert-at-ntu-international-a-s-4435105491,Senior Climate Adaptation Expert,,scraped,2026-07-07T12:23:43.995846,
14b04dbe0ada7b7b,https://kg.linkedin.com/jobs/view/%D0%BC%D0%B5%D0%BD%D0%B5%D0%B4%D0%B6%D0%B5%D1%80-%D0%BF%D0%BE-%D0%BF%D1%80%D0%BE%D0%B4%D0%B0%D0%B6%D0%B0%D0%BC-at-freedom-broker-kyrgyzstan-4434517609,Менеджер по продажам,,scraped,2026-07-07T12:23:51.245995,
a02ecdee4b5cf298,https://kg.linkedin.com/jobs/view/resident-doctor-haem-onc-at-lister-fertility-clinic-4436259454,Resident Doctor Haem/Onc,,scraped,2026-07-07T12:23:58.196351,
af7887d6279a52b3,https://kg.linkedin.com/jobs/view/soziale-arbeit-mit-schwerpunkt-sport-naher-osten-%E2%80%A2-sozialwesen-at-coworkers-4432715430,Soziale Arbeit mit Schwerpunkt Sport - Naher Osten • Sozialwesen,,scraped,2026-07-07T12:24:08.058540,
9a743ba05a62986c,https://kg.linkedin.com/jobs/view/business-developer-solutions-chimiques-et-environnementales-at-page-personnel-4433701114,Business Developer - Solutions Chimiques et Environnementales,,scraped,2026-07-07T12:24:16.541337,
155711c264bf7f51,https://kg.linkedin.com/jobs/view/mtc-k-network-administrator-%E2%80%93-secret-clearance-required-at-general-dynamics-information-technology-4436103507,MTC-K Network Administrator – SECRET Clearance Required,General Dynamics Information Technology,posted,2026-07-07T12:24:46.689572,120
bb71b8b8d86840f5,https://kg.linkedin.com/jobs/view/customer-service-agent-merchant-team-at-binance-4427491033,Customer Service Agent - Merchant Team,Binance,posted,2026-07-07T12:24:56.846614,122
dedede4a988f3c79,https://kg.linkedin.com/jobs/view/sap-logistics-consultant-sd-s-4hana-at-epam-systems-4418770433,"SAP Logistics Consultant SD, S/4HANA",EPAM Systems,posted,2026-07-07T12:25:07.553067,124
147d8c0b46448403,https://kg.linkedin.com/jobs/view/senior-agri-food-logistics-cold-chain-expert-at-ntu-international-a-s-4436495617,Senior Agri-Food Logistics / Cold Chain Expert,,scraped,2026-07-07T12:25:10.178098,
2ffd59e16495bf6d,https://kg.linkedin.com/jobs/view/senior-agricultural-statistics-expert-at-ntu-international-a-s-4437750979,Senior Agricultural Statistics Expert,,scraped,2026-07-07T12:25:17.394124,
ec549078541963b5,https://kg.linkedin.com/jobs/view/%D0%B2%D0%B5%D0%B4%D1%83%D1%89%D0%B8%D0%B9-%D1%81%D0%B8%D1%81%D1%82%D0%B5%D0%BC%D0%BD%D1%8B%D0%B9-%D0%B0%D0%B4%D0%BC%D0%B8%D0%BD%D0%B8%D1%81%D1%82%D1%80%D0%B0%D1%82%D0%BE%D1%80-linux-%D0%B5%D0%BA%D0%B0%D1%82%D0%B5%D1%80%D0%B8%D0%BD%D0%B1%D1%83%D1%80%D0%B3-at-nag-4435774824,Ведущий системный администратор Linux Екатеринбург,,scraped,2026-07-07T12:25:24.217296,
ac47ff1a9d40ee7c,https://kg.linkedin.com/jobs/view/sap-logistics-consultant-sd-s-4hana-at-epam-systems-4418767475,"SAP Logistics Consultant SD, S/4HANA",EPAM Systems,scraped,2026-07-07T12:25:33.675124,
2f0318d6d959e761,https://kg.linkedin.com/jobs/view/product-and-funnel-optimisation-manager-cis-at-binance-4434692221,Product and Funnel Optimisation Manager - CIS,Binance,posted,2026-07-07T12:25:44.795591,126
c0ae9713c8fa6709,https://kg.linkedin.com/jobs/view/senior-water%E2%80%93agriculture-foresight-expert-at-ntu-international-a-s-4435167449,Senior Water–Agriculture Foresight Expert,,scraped,2026-07-07T12:25:47.494894,
0448c638074af35d,https://kg.linkedin.com/jobs/view/international-audio-video-remote-soninke-and-french-or-arabic-interpreter-at-language-services-associates-4426003198,International Audio/Video Remote Soninke and French or Arabic Interpreter,Language Services Associates,posted,2026-07-07T12:26:08.128322,128
13e408f61ac5f860,https://kg.linkedin.com/jobs/view/international-audio-video-remote-armenian-interpreter-at-language-services-associates-4405044222,International Audio/Video Remote Armenian Interpreter,Language Services Associates,posted,2026-07-07T12:26:19.117398,130
f55f887c830c0cbb,https://kg.linkedin.com/jobs/view/remote-samoan-interpreter-at-language-services-associates-4425893884,Remote Samoan Interpreter,Language Services Associates,posted,2026-07-07T12:26:30.128912,132
d0eb403d4b9afa62,https://kg.linkedin.com/jobs/view/software-functional-testing-intern-at-epam-lab-at-epam-systems-4358822720,Software Functional Testing Intern at EPAM Lab,EPAM Systems,posted,2026-07-07T12:26:38.825612,86
9af861390f93a333,https://kg.linkedin.com/jobs/view/principal-net-software-engineer-at-epam-systems-4403727580,Principal .NET Software Engineer,EPAM Systems,posted,2026-07-07T12:26:46.907173,134
28ef327f8cb2a245,https://kg.linkedin.com/jobs/view/remote-quechua-interpreter-at-language-services-associates-4426001729,Remote Quechua Interpreter,Language Services Associates,posted,2026-07-07T12:27:01.264709,136
afcdba5bc1996cfd,https://kg.linkedin.com/jobs/view/remote-swedish-interpreter-at-language-services-associates-4425886968,Remote Swedish Interpreter,Language Services Associates,posted,2026-07-07T12:27:14.698767,138
2a9e2e970f24747c,https://kg.linkedin.com/jobs/view/summer-camp-teaching-artist-at-woodruff-arts-ctr-14th-st-4437706826,Summer Camp Teaching Artist,Woodruff Arts Ctr 14th St,posted,2026-07-07T12:27:24.900931,140
68c702a3fb490932,https://kg.linkedin.com/jobs/view/international-audio-video-remote-spanish-interpreter-at-language-services-associates-4368780630,International Audio/Video Remote Spanish Interpreter,Language Services Associates,posted,2026-07-07T12:27:39.170803,142
aeb4d4a1b9c4924c,https://kg.linkedin.com/jobs/view/regional-marketing-manager-at-xm-4432328660,Regional Marketing Manager,XM,posted,2026-07-07T12:27:51.038034,144
131d4c6e1764adf7,https://kg.linkedin.com/jobs/view/international-sales-%E2%80%93-food-pet-food-feed-technical-applications-at-natix-sa-4432391464,"International Sales  – Food, Pet Food, Feed & Technical applications",,scraped,2026-07-07T20:35:32.497095,
67f9b44e8b0e6caf,https://kg.linkedin.com/jobs/view/coordinator-special-events-at-woodruff-arts-ctr-14th-st-4437717603,"Coordinator, Special Events",Woodruff Arts Ctr 14th St,posted,2026-07-07T20:35:52.783461,146
b2abc4294b37f7f9,https://kg.linkedin.com/jobs/view/process-excellence-specialist-at-food-dream-x-kfc-4434523265,Process Excellence Specialist,,scraped,2026-07-07T20:35:57.373850,
37985dd13c0f271e,https://kg.linkedin.com/jobs/view/akamai-security-expert-at-epam-systems-4432781663,Akamai Security Expert,EPAM Systems,posted,2026-07-07T20:36:09.672704,148
55fdbdff70d46c78,https://kg.linkedin.com/jobs/view/%D1%85%D1%83%D0%B4%D0%BE%D0%B6%D0%BD%D0%B8%D0%BA-%D0%BF%D0%BE-%D1%84%D0%BE%D0%BD%D0%B0%D0%BC-at-rocket-fox-animation-4436861085,Художник по фонам,,scraped,2026-07-07T20:36:16.339307,
662f075d2ee74962,https://kg.linkedin.com/jobs/view/senior-survey-methodology-expert-at-ntu-international-a-s-4437832008,Senior Survey Methodology Expert,,scraped,2026-07-07T20:36:25.502521,
cf4ac24ba9e70383,https://kg.linkedin.com/jobs/view/remote-dinka-interpreter-at-language-services-associates-4425894882,Remote Dinka Interpreter,Language Services Associates,posted,2026-07-07T20:36:53.568329,150
305691a05b3abe87,https://kg.linkedin.com/jobs/view/graphic-designer-remote-%E2%80%93-latam-at-tubescience-4436448282,Graphic Designer (Remote – LATAM),TubeScience,posted,2026-07-07T20:37:08.544739,152
4c5deac8a6143f91,https://kg.linkedin.com/jobs/view/ghostwriter-creative-text%E2%80%93-international-at-egnatia-4436354011,Ghostwriter creative text– International,,scraped,2026-07-07T20:37:13.180567,
3fd7e1a623267805,https://kg.linkedin.com/jobs/view/t%C3%A9l%C3%A9travail-expert-en-sinistres-temps-plein-montr%C3%A9al-qu%C3%A9bec-canada-at-scm-insurance-services-4436217042,"(Télétravail) Expert en sinistres - Temps plein (Montréal, Québec Canada)",SCM Insurance Services,posted,2026-07-07T20:38:19.682754,154
533e9d0048652871,https://kg.linkedin.com/jobs/view/fires-sr-systems-engineer-ottawa-at-general-dynamics-information-technology-4436703365,Fires Sr. Systems Engineer- Ottawa,General Dynamics Information Technology,posted,2026-07-07T20:38:32.302887,156
0dca43eebfa063c2,https://kg.linkedin.com/jobs/view/generator-and-hvac-mechanic-%E2%80%93-swa-at-general-dynamics-information-technology-4409178258,Generator and HVAC Mechanic – SWA,General Dynamics Information Technology,posted,2026-07-07T20:38:44.624510,158
8cb1649a03d63446,https://kg.linkedin.com/jobs/view/budget-administrative-assistant-at-general-dynamics-information-technology-4409171341,Budget/Administrative Assistant,General Dynamics Information Technology,posted,2026-07-07T20:39:13.888168,160
99195008a0318cf2,https://kg.linkedin.com/jobs/view/international-audio-video-remote-falam-interpreter-at-language-services-associates-4426003196,International Audio/Video Remote Falam Interpreter,Language Services Associates,posted,2026-07-07T20:39:35.543203,162
7e68965e95853422,https://kg.linkedin.com/jobs/view/international-audio-video-remote-georgian-interpreter-at-language-services-associates-4425897878,International Audio/Video Remote Georgian Interpreter,Language Services Associates,posted,2026-07-07T20:39:50.165595,164
2fd0904c6e218756,https://kg.linkedin.com/jobs/view/senior-data-engineer-with-java-apache-spark-at-epam-systems-4432384778,"Senior Data Engineer with Java, Apache Spark",EPAM Systems,posted,2026-07-07T20:39:57.491393,166
0d9e8ddd45ccba43,https://kg.linkedin.com/jobs/view/international-audio-video-remote-fuzhou-interpreter-at-language-services-associates-4321781400,International Audio/Video Remote Fuzhou Interpreter,Language Services Associates,posted,2026-07-07T20:40:10.050263,168
e914693780835635,https://kg.linkedin.com/jobs/view/g4s-s%C3%B8ger-fastvagt-i-odense-at-g4s-4437708779,G4S søger Fastvagt i Odense,,scraped,2026-07-07T20:40:18.653057,
67b7ccf3ede83753,https://kg.linkedin.com/jobs/view/senior-sap-fico-consultant-at-epam-systems-4364131244,Senior SAP FICO Consultant,EPAM Systems,posted,2026-07-07T20:40:39.979362,170
3d69032c298eb86f,https://kg.linkedin.com/jobs/view/land-mobile-radio-lmr-technician-ii-at-general-dynamics-information-technology-4418485822,Land Mobile Radio (LMR) Technician II,General Dynamics Information Technology,posted,2026-07-07T20:40:52.378014,172
8419c4e4306e509b,https://kg.linkedin.com/jobs/view/fires-systems-engineer-ottawa-at-general-dynamics-information-technology-4436711088,Fires Systems Engineer-Ottawa,General Dynamics Information Technology,posted,2026-07-07T20:41:12.294750,174
7c88e540e26f3ab9,https://kg.linkedin.com/jobs/view/senior-sap-cap-node-js-developer-at-epam-systems-4433912678,Senior SAP CAP Node.js Developer,EPAM Systems,posted,2026-07-07T20:41:28.298543,176
1fc090adf4c8e25d,https://kg.linkedin.com/jobs/view/account-manager-english-c1%E2%80%93c2-us-eu-clients-it-digital-at-admade-us-4432786980,Account Manager | English C1–C2 | US & EU clients | IT / Digital,ADMADE.US,posted,2026-07-08T07:21:37.828334,188
0a73371b4a7a5db9,https://kg.linkedin.com/jobs/view/full-time-hybrid-desktop-adjuster-property-claims-examiner-anywhere-in-canada-at-scm-insurance-services-4436212142,(Full-time/Hybrid) Desktop Adjuster / Property Claims Examiner (Anywhere in Canada),SCM Insurance Services,posted,2026-07-08T07:22:49.324502,190
67283dae6c833051,https://kg.linkedin.com/jobs/view/it-desktop-support-key-staff-at-ch-group-4066365585,IT Desktop Support Key Staff,,scraped,2026-07-08T07:22:51.904836,
3a5a8c573df84312,https://kg.linkedin.com/jobs/view/financial-controller-based-in-bangi-at-michael-page-4437796920,Financial Controller (Based in Bangi),Michael Page,posted,2026-07-08T07:23:35.846649,192
c2594d56ae7051b5,https://kg.linkedin.com/jobs/view/sap-logistics-consultant-sd-s-4hana-at-epam-systems-4418773415,"SAP Logistics Consultant SD, S/4HANA",EPAM Systems,posted,2026-07-08T07:24:06.331839,124
2346d451cc0b6834,https://kg.linkedin.com/jobs/view/hr-operations-specialist-financial-services-mnc-at-michael-page-4437805483,HR Operations Specialist - Financial Services MNC,Michael Page,posted,2026-07-08T07:24:28.175393,194
d1059d555af33310,https://kg.linkedin.com/jobs/view/chief-sap-fico-consultant-at-epam-systems-4364131255,Chief SAP FICO Consultant,EPAM Systems,posted,2026-07-08T07:24:44.426148,196
d497550c111e94d7,https://kg.linkedin.com/jobs/view/cds-network-engineer-at-general-dynamics-information-technology-4417498128,CDS Network Engineer,General Dynamics Information Technology,posted,2026-07-08T07:24:58.961390,198
5a82d40ada0830f9,https://kg.linkedin.com/jobs/view/liability-claims-examiner-remote-anywhere-in-the-us-little-rock-ar-at-scm-insurance-services-4436212144,"Liability Claims Examiner - Remote (anywhere in the US) Little Rock, AR",SCM Insurance Services,posted,2026-07-08T07:25:50.751799,200
6f7400efc495e00f,https://kg.linkedin.com/jobs/view/senior-land-management-rangeland-expert-at-ntu-international-a-s-4435818107,Senior Land Management / Rangeland Expert,,scraped,2026-07-08T07:25:53.329859,
bd99bb8ec2b7615e,https://kg.linkedin.com/jobs/view/jbc-p-mmc-s-software-support-representative-amman-jordan-secret-clearance-at-general-dynamics-information-technology-4416095485,"JBC-P/MMC-S Software Support Representative, Amman, Jordan (Secret Clearance)",General Dynamics Information Technology,posted,2026-07-08T07:26:12.645765,202
532331315113fab4,https://kg.linkedin.com/jobs/view/information-technology-assurance-it-ia-specialist-ill-lakenheath-uk-at-general-dynamics-information-technology-4416408692,"Information Technology/Assurance (IT/IA) Specialist Ill - Lakenheath, UK",General Dynamics Information Technology,posted,2026-07-08T07:26:25.457212,204
6cd5148a50617628,https://kg.linkedin.com/jobs/view/international-audio-video-remote-kurdish-and-arabic-or-persian-interpreter-at-language-services-associates-4426002498,International Audio/Video Remote Kurdish and Arabic or Persian Interpreter,Language Services Associates,posted,2026-07-08T07:26:43.444055,206
7c1af776de3cf17b,https://kg.linkedin.com/jobs/view/software-functional-testing-intern-at-epam-lab-at-epam-systems-4358002722,Software Functional Testing Intern at EPAM Lab,EPAM Systems,posted,2026-07-08T07:26:57.467225,86
67be6b4e495bdba6,https://kg.linkedin.com/jobs/view/international-audio-video-remote-hakha-chin-interpreter-at-language-services-associates-4425893883,International Audio/Video Remote Hakha Chin Interpreter,Language Services Associates,posted,2026-07-08T07:27:20.277118,208
4c6794b0e7ab738f,https://kg.linkedin.com/jobs/view/international-audio-video-remote-kunama-interpreter-must-also-speak-tigrinya-or-arabic-at-language-services-associates-4425893885,International Audio/Video Remote Kunama Interpreter (Must also speak Tigrinya or Arabic),Language Services Associates,posted,2026-07-08T07:27:35.433065,210
f368bf7696bc5ae6,https://kg.linkedin.com/jobs/view/international-audio-video-remote-mandarin-interpreter-at-language-services-associates-4406598786,International Audio/Video Remote Mandarin Interpreter,Language Services Associates,posted,2026-07-08T07:27:45.194227,212
a1f2b911fbfbfdae,https://kg.linkedin.com/jobs/view/international-audio-video-remote-vietnamese-interpreter-at-language-services-associates-4406598785,International Audio/Video Remote Vietnamese Interpreter,Language Services Associates,posted,2026-07-08T07:27:56.968618,214
9fa820cdc6f90df1,https://kg.linkedin.com/jobs/view/g4s-s%C3%B8ger-sikkerhedsvagter-til-patrulje-afdelingerne-p%C3%A5-fyn-og-syddanmark-at-g4s-4437707866,G4S søger Sikkerhedsvagter til Patrulje Afdelingerne på Fyn og Syddanmark,,scraped,2026-07-08T07:28:01.511543,
6268faa63d1e4a11,https://kg.linkedin.com/jobs/view/analyst-paid-social-at-tubescience-4298287934,Analyst (Paid Social),TubeScience,posted,2026-07-08T15:56:03.298461,216
eadc5b6dc2db41d6,https://kg.linkedin.com/jobs/view/%D0%B4%D0%B8%D1%80%D0%B5%D0%BA%D1%82%D0%BE%D1%80-%D0%BF%D1%80%D0%B5%D0%B4%D1%81%D1%82%D0%B0%D0%B2%D0%B8%D1%82%D0%B5%D0%BB%D1%8C%D1%81%D1%82%D0%B2%D0%B0-at-antal-international-4438217848,Директор представительства,,scraped,2026-07-08T15:56:13.916334,
6748705d4ddd7551,https://kg.linkedin.com/jobs/view/technical-product-owner-at-epam-systems-4434840370,Technical Product Owner,EPAM Systems,posted,2026-07-08T15:56:29.817942,218
3cfe91adf0a8b118,https://kg.linkedin.com/jobs/view/azure-systems-architect-at-epam-systems-4356321663,Azure Systems Architect,EPAM Systems,posted,2026-07-08T15:56:54.384237,220
7285618687e7a95c,https://kg.linkedin.com/jobs/view/senior-agricultural-insurance-and-rural-finance-expert-at-ntu-international-a-s-4436197811,Senior Agricultural Insurance and Rural Finance Expert,,scraped,2026-07-08T15:56:58.948770,
fc942699329fa0df,https://kg.linkedin.com/jobs/view/epp-iii-patriot-missile-generator-rebuild-and-hvac-technician-%E2%80%93-kuwait-at-general-dynamics-information-technology-4408046201,EPP III Patriot Missile Generator Rebuild and HVAC Technician – Kuwait,General Dynamics Information Technology,posted,2026-07-08T15:57:13.157802,222
b6d3d847fe3abf0b,https://kg.linkedin.com/jobs/view/senior-sap-mdg-consultant-at-epam-systems-4385466292,Senior SAP MDG Consultant,EPAM Systems,posted,2026-07-08T15:57:21.142185,224
2de0bdd7becc45ac,https://kg.linkedin.com/jobs/view/lead-data-engineer-ai-at-epam-systems-4421163389,"Lead Data Engineer, AI",EPAM Systems,posted,2026-07-08T15:57:31.372883,226
e108fd61eff3cc6b,https://kg.linkedin.com/jobs/view/senior-business-analyst-with-data-focus-at-epam-systems-4434822714,Senior Business Analyst with Data Focus,EPAM Systems,posted,2026-07-08T15:57:42.734270,228
ffe9ce7cb63a7ad4,https://kg.linkedin.com/jobs/view/data-focused-project-coordinator-remote-contract-at-infuse-4437780668,"Data-Focused Project Coordinator (Remote, Contract)",INFUSE,posted,2026-07-08T20:42:25.861334,230
543c623ded95017b,https://kg.linkedin.com/jobs/view/vip-coordinator-at-neo-group-4437804053,VIP Coordinator,,scraped,2026-07-08T20:42:30.438701,
a9e51a95c674b468,https://kg.linkedin.com/jobs/view/packaging-electrician-at-ab-inbev-africa-4436924965,Packaging Electrician,,scraped,2026-07-08T20:42:38.833751,
f5ffc528986206e1,https://kg.linkedin.com/jobs/view/sales-development-representative-eu-b2b-at-tripleten-indonesia-4433725300,Sales Development Representative EU (B2B),TripleTen Indonesia,posted,2026-07-08T20:42:59.333812,232
aa84a8f87f73aecb,https://kg.linkedin.com/jobs/view/utilities-team-leader-at-ab-inbev-africa-4438296578,Utilities Team Leader,,scraped,2026-07-08T20:43:15.917693,
da9eaad868789355,https://kg.linkedin.com/jobs/view/resident-engineer-at-smec-an-sj-group-company-4414913697,Resident Engineer,SMEC (an SJ Group company),posted,2026-07-08T20:43:40.402913,234
424d3aa238ab4af1,https://kg.linkedin.com/jobs/view/senior-python-engineer-cheminformatics-drug-discovery-at-epam-systems-4373466373,Senior Python Engineer (Cheminformatics / Drug Discovery),EPAM Systems,posted,2026-07-08T20:44:12.254198,236
49ba0d0d5423dada,https://kg.linkedin.com/jobs/view/lead-ai-python-engineer-at-epam-systems-4356539483,Lead AI Python Engineer,EPAM Systems,posted,2026-07-08T20:44:20.551592,238
3cb6ac65c9910777,https://kg.linkedin.com/jobs/view/squadron-aor-supply-technician-at-general-dynamics-information-technology-4438596837,Squadron/AOR Supply Technician,General Dynamics Information Technology,posted,2026-07-09T10:34:29.164798,24
9b8d4b2f31c383d9,https://kg.linkedin.com/jobs/view/%D0%B2%D0%B0%D0%BA%D0%B0%D0%BD%D1%81%D0%B8%D1%8F-%E2%80%94-%D0%BA%D0%BE%D0%BD%D1%81%D1%82%D1%80%D1%83%D0%BA%D1%82%D0%BE%D1%80-at-ins%21ght-4438597557,ВАКАНСИЯ — КОНСТРУКТОР,,scraped,2026-07-09T10:34:41.786823,
63539da292ce8909,https://kg.linkedin.com/jobs/view/group-chief-financial-officer-at-umai-group-4429426875,Group Chief Financial Officer,,scraped,2026-07-09T10:34:55.452996,
d3c681a38bf28bdd,https://kg.linkedin.com/jobs/view/it-desktop-support-key-staff-kyrgyzstan-at-ch-group-4066365585,IT Desktop Support Key Staff - Kyrgyzstan,,scraped,2026-07-09T10:35:01.934943,
4afd11bba2a58013,https://kg.linkedin.com/jobs/view/web3-product-marketing-manager-dex-at-improbable-4435656665,"Web3 Product Marketing Manager, DEX",,scraped,2026-07-09T10:35:10.292956,
7903af2edb183056,https://kg.linkedin.com/jobs/view/web3-product-marketing-manager-prediction-markets-at-improbable-4435648802,"Web3 Product Marketing Manager, Prediction Markets",,scraped,2026-07-09T10:35:16.632804,
62f6e5fb876c3b16,https://kg.linkedin.com/jobs/view/power-apps-developer-at-epam-systems-4408167770,Power Apps Developer,EPAM Systems,posted,2026-07-09T10:35:33.198187,240
098f77dbc56846bf,https://kg.linkedin.com/jobs/view/video-editor-motion-graphics-designer-latam-at-tubescience-4438276547,Video Editor & Motion Graphics Designer LATAM,TubeScience,posted,2026-07-09T10:35:47.888931,242
dd2d5c03621342cf,https://kg.linkedin.com/jobs/view/nutanix-engineer-at-itproposal-4438512222,Nutanix Engineer,,scraped,2026-07-09T10:35:56.487848,
67a6c78d7eeaaff5,https://kg.linkedin.com/jobs/view/marketing-intern-at-agrocorp-international-4438621245,Marketing Intern,,scraped,2026-07-09T10:36:06.387480,
3fe395850576eab7,https://kg.linkedin.com/jobs/view/systems-administrator-at-general-dynamics-information-technology-4430134427,Systems Administrator,General Dynamics Information Technology,posted,2026-07-09T10:36:20.542401,244
89da75fb380a686c,https://kg.linkedin.com/jobs/view/consumer-trade-programs-effectiveness-specialist-kg-at-jti-4403618443,"Consumer & Trade programs effectiveness specialist, KG",JTI,posted,2026-07-09T10:36:41.380975,246
afbcab458cecda61,https://kg.linkedin.com/jobs/view/senior-software-testing-engineer-sap-testing-at-epam-systems-4412871836,Senior Software Testing Engineer (SAP Testing),EPAM Systems,posted,2026-07-09T10:36:49.125213,248
4a6632dfdd95b85d,https://kg.linkedin.com/jobs/view/data-architect-at-epam-systems-4422254799,Data Architect,EPAM Systems,posted,2026-07-09T10:37:00.794685,250
f69381e0b0c3f11c,https://kg.linkedin.com/jobs/view/senior-data-engineer-with-terraform-at-epam-systems-4433945608,Senior Data Engineer with Terraform,EPAM Systems,posted,2026-07-09T10:37:12.418095,252
b3b478434d806f09,https://kg.linkedin.com/jobs/view/senior-ai-engineer-agentic-and-rag-systems-at-epam-systems-4421954698,"Senior AI Engineer, Agentic and RAG Systems",EPAM Systems,posted,2026-07-09T10:37:21.955864,254
ee83b233b704d933,https://kg.linkedin.com/jobs/view/senior-lead-ai-engineer-architect-at-epam-systems-4398218956,Senior / Lead AI Engineer / Architect,EPAM Systems,posted,2026-07-09T10:37:30.075863,256
1adaf1594d313549,https://kg.linkedin.com/jobs/view/lead-ai-engineer-agentic-and-rag-systems-at-epam-systems-4421963661,"Lead AI Engineer, Agentic and RAG Systems",EPAM Systems,posted,2026-07-09T10:37:45.810864,258
c6189a4680f5b6c3,https://kg.linkedin.com/jobs/view/senior-sap-cap-developer-with-node-js-knowledge-relocation-to-cyprus-at-epam-systems-4378149446,Senior SAP CAP Developer with Node.js Knowledge (relocation to Cyprus),EPAM Systems,posted,2026-07-09T10:37:57.128090,260
1b76a40ce7b0af6f,https://kg.linkedin.com/jobs/view/brewing-area-manager-at-ab-inbev-africa-4438287954,Brewing Area Manager,,scraped,2026-07-09T18:37:18.380454,
3bcad61452229f88,https://kg.linkedin.com/jobs/view/projeteur-m%C3%A9thodes-international-f-h-at-b-hive-engineering-4429024238,Projeteur Méthodes - International F/H,,scraped,2026-07-09T18:37:31.121985,
5aadae5fc7332e03,https://kg.linkedin.com/jobs/view/data-architect-at-epam-systems-4422283003,Data Architect,EPAM Systems,posted,2026-07-09T18:37:41.340217,250
bba82ad1a0a68bb4,https://kg.linkedin.com/jobs/view/marketing-manager-cis-at-binance-4408986777,Marketing Manager - CIS,Binance,posted,2026-07-09T18:37:54.137905,262
885542bf135bd9ee,https://kg.linkedin.com/jobs/view/%D1%81%D0%B5%D1%80%D0%B2%D0%B8%D1%81%D0%BD%D1%8B%D0%B9-%D0%B8%D0%BD%D0%B6%D0%B5%D0%BD%D0%B5%D1%80-service-engineer-at-sandvik-4407752641,Сервисный инженер/Service engineer,,scraped,2026-07-09T18:38:00.797231,
7d2a11627ac7c1b6,https://kg.linkedin.com/jobs/view/system-analyst-%E2%80%94-payments-finance-operations-at-salmon-group-ltd-4428433297,System Analyst — Payments & Finance Operations,,scraped,2026-07-09T18:38:08.044134,
1309fff5d2557954,https://kg.linkedin.com/jobs/view/data-scientist-jr-at-iron-eaglex-inc-4438296938,Data Scientist-Jr,"Iron EagleX, Inc.",posted,2026-07-09T18:38:35.878196,264
d70eb5c44db3b01a,https://kg.linkedin.com/jobs/view/accounts-associate-at-agrocorp-international-4438615503,Accounts Associate,,scraped,2026-07-09T18:38:40.520625,
d102c380eea546f2,https://kg.linkedin.com/jobs/view/senior-business-analyst-with-hands-on-ai-expertise-at-epam-systems-4302984505,Senior Business Analyst with hands-on AI expertise,EPAM Systems,posted,2026-07-09T18:39:02.771314,266
e9350e115c16ce68,https://kg.linkedin.com/jobs/view/lead-ai-agent-developer-at-epam-systems-4421967334,Lead AI Agent Developer,EPAM Systems,posted,2026-07-09T18:39:19.167226,268
2fcd344d07b93259,https://kg.linkedin.com/jobs/view/lead-application-security-engineer-%E2%80%94-threat-vulnerability-management-ai-focus-at-epam-systems-4435650125,Lead Application Security Engineer — Threat & Vulnerability Management (AI Focus),EPAM Systems,posted,2026-07-09T18:39:33.451482,270
3010fa11db41ff5d,https://kg.linkedin.com/jobs/view/senior-security-operations-engineer-at-epam-systems-4435676767,Senior Security Operations Engineer,EPAM Systems,posted,2026-07-09T18:39:59.160261,272
d96f104f7f23de82,https://kg.linkedin.com/jobs/view/senior-ai-engineer-copilot-studio-developer-at-epam-systems-4435685314,"Senior AI Engineer, Copilot Studio Developer",EPAM Systems,posted,2026-07-09T18:40:35.700933,274
e6268ae515741d74,https://kg.linkedin.com/jobs/view/senior-ai-engineer-with-kubernetes-at-epam-systems-4435669245,Senior AI Engineer with Kubernetes,EPAM Systems,posted,2026-07-09T18:40:46.391356,276
f52443de010aa148,https://kg.linkedin.com/jobs/view/physical-security-and-information-assurance-specialist-ramstein-germany-at-general-dynamics-information-technology-4369675309,"Physical Security and Information Assurance Specialist - Ramstein, Germany",General Dynamics Information Technology,posted,2026-07-09T23:59:34.177922,278
c238800dd11332c1,https://kg.linkedin.com/jobs/view/senior-systems-administrator-australia-ts-sci-with-polygraph-at-general-dynamics-information-technology-4430114739,Senior Systems Administrator (Australia) - TS/SCI with Polygraph,General Dynamics Information Technology,posted,2026-07-09T23:59:49.115788,280
ffbfd24ee6abd76b,https://kg.linkedin.com/jobs/view/senior-systems-administrator-australia-ts-sci-with-polygraph-at-general-dynamics-information-technology-4430129533,Senior Systems Administrator (Australia) - TS/SCI with Polygraph,General Dynamics Information Technology,scraped,2026-07-09T23:59:53.128542,
05df7b3cb2e1c960,https://kg.linkedin.com/jobs/view/security-control-assessor-sca-ii-ramstein-germany-at-general-dynamics-information-technology-4328815100,"Security Control Assessor (SCA) II - Ramstein, Germany",General Dynamics Information Technology,posted,2026-07-10T00:00:22.419075,282
79ffaffa244faae5,https://kg.linkedin.com/jobs/view/international-program-advisor-at-ucf-downtown-4437981335,International Program Advisor,UCF Downtown,posted,2026-07-10T11:29:49.452038,284
f1e8ef8246d232bf,https://kg.linkedin.com/jobs/view/national-professional-officer-at-world-health-organization-4438884668,National Professional Officer,,scraped,2026-07-10T11:29:56.066934,
4ac3729485d1cad3,https://kg.linkedin.com/jobs/view/freelance-english-to-kyrgyz-subtitle-translator-at-iyuno-4437360745,Freelance English to Kyrgyz Subtitle Translator,Iyuno,posted,2026-07-10T11:30:08.423134,286
bb0ffe546fedc43b,https://kg.linkedin.com/jobs/view/%D1%81%D0%B8%D1%81%D1%82%D0%B5%D0%BC%D0%BD%D1%8B%D0%B9-%D0%B0%D0%BD%D0%B0%D0%BB%D0%B8%D1%82%D0%B8%D0%BA-1%D1%81-%D0%B5%D0%BA%D0%B0%D1%82%D0%B5%D1%80%D0%B8%D0%BD%D0%B1%D1%83%D1%80%D0%B3-%D0%B5%D0%BA%D0%B0%D1%82%D0%B5%D1%80%D0%B8%D0%BD%D0%B1%D1%83%D1%80%D0%B3-at-nag-4437986218,Системный аналитик 1С (Екатеринбург) Екатеринбург,,scraped,2026-07-10T11:30:14.908182,
8f1b41738429f4d7,https://kg.linkedin.com/jobs/view/hr-assistant-at-university-of-central-asia-4435621925,HR Assistant,University of Central Asia,posted,2026-07-10T11:30:40.086836,288
6d752d9189c36d87,https://kg.linkedin.com/jobs/view/%D0%B8%D0%BD%D0%B6%D0%B5%D0%BD%D0%B5%D1%80-%D0%BF%D1%80%D0%B5%D1%81%D0%B5%D0%B9%D0%BB-%D1%81%D0%B5%D1%82%D0%B5%D0%B2%D0%BE%D0%B5-%D1%82%D0%B5%D0%BB%D0%B5%D0%BA%D0%BE%D0%BC-%D0%BE%D0%B1%D0%BE%D1%80%D1%83%D0%B4%D0%BE%D0%B2%D0%B0%D0%BD%D0%B8%D0%B5-%D0%B5%D0%BA%D0%B0%D1%82%D0%B5%D1%80%D0%B8%D0%BD%D0%B1%D1%83%D1%80%D0%B3-at-nag-4437993022,Инженер пресейл (сетевое телеком оборудование) Екатеринбург,,scraped,2026-07-10T11:30:44.556498,
57ffefe50dfd8946,https://kg.linkedin.com/jobs/view/hybrid-senior-liability-examiner-full-time-anywhere-in-canada-at-scm-insurance-services-4437087841,(Hybrid) Senior Liability Examiner/Full-time (Anywhere in Canada),,scraped,2026-07-10T11:31:04.402364,
ef569198745d7c4d,https://kg.linkedin.com/jobs/view/data-and-ai-solution-architect-at-epam-systems-4422282248,Data and AI Solution Architect,EPAM Systems,posted,2026-07-10T11:31:46.111579,290
254538bf665285e6,https://kg.linkedin.com/jobs/view/ing%C3%A9nieur-calcul-structure-international-f-h-at-b-hive-engineering-4429027229,Ingénieur Calcul Structure - International F/H,,scraped,2026-07-10T11:31:48.863052,
a99af97f7454157e,https://kg.linkedin.com/jobs/view/generator-hvac-technician-at-general-dynamics-information-technology-4429015844,Generator HVAC Technician,General Dynamics Information Technology,posted,2026-07-10T11:32:05.266120,292
2d80027c1eda1722,https://kg.linkedin.com/jobs/view/senior-ai-engineer-at-epam-systems-4413322635,Senior AI Engineer,EPAM Systems,posted,2026-07-10T11:32:27.776797,294
6226fdfa1221db48,https://kg.linkedin.com/jobs/view/lead-ai-engineer-at-epam-systems-4413390695,Lead AI Engineer,EPAM Systems,posted,2026-07-10T11:32:38.691123,296
e18a5dd74da58657,https://kg.linkedin.com/jobs/view/generator-epp-iii-and-hvac-technician-at-general-dynamics-information-technology-4429026542,Generator/EPP III and HVAC Technician,General Dynamics Information Technology,posted,2026-07-10T11:32:56.899229,298
160d59488dfba003,https://kg.linkedin.com/jobs/view/generative-ai-systems-architect-at-epam-systems-4302958746,Generative AI Systems Architect,EPAM Systems,posted,2026-07-10T11:33:09.391784,300
7a51e45eae70a20c,https://kg.linkedin.com/jobs/view/gestionnaire-technique-en-assurances-choses-et-patrimoine-at-michael-page-4437873404,Gestionnaire Technique en assurances choses et patrimoine,Michael Page,posted,2026-07-10T11:33:24.306382,302
4c320fc90731bad2,https://kg.linkedin.com/jobs/view/hr-executive-1-year-mandarin-speaker-at-michael-page-4439017716,HR Executive - 1 year (Mandarin Speaker),Michael Page,posted,2026-07-10T11:33:42.661601,304
9c7605ad81385cc1,https://kg.linkedin.com/jobs/view/werkvoorbereider-at-cleanroom-systems-international-4439050975,Werkvoorbereider,,scraped,2026-07-10T18:13:23.429130,
439ebe2fb801fc5c,https://kg.linkedin.com/jobs/view/monteur-at-cleanroom-systems-international-4439048990,Monteur,,scraped,2026-07-10T18:13:33.497130,
fee2f09cd1320e75,https://kg.linkedin.com/jobs/view/principal-at-nps-international-school-at-cbseguess-4438325498,Principal at NPS International School,,scraped,2026-07-10T18:13:57.413287,
0d911c7a7424988a,https://kg.linkedin.com/jobs/view/motion-designer-marketing-at-pocket-worlds-4435493259,Motion Designer (Marketing),Pocket Worlds,posted,2026-07-10T18:14:24.793011,306
871762709b8b37ee,https://kg.linkedin.com/jobs/view/souschef-till-taverna-averna-at-g%C3%B6teborgsfamiljen-4439312881,Souschef till Taverna Averna,,scraped,2026-07-10T18:14:39.350173,
eacf0f8f195f729b,https://kg.linkedin.com/jobs/view/sozialp%C3%A4dagoge-oder-internatserzieher-m-w-d-at-kurpfalz-internat-bammental-4438315320,Sozialpädagoge oder Internatserzieher (m/w/d),Kurpfalz Internat Bammental,posted,2026-07-10T18:14:57.745809,308
aae95cd2d74ae2c8,https://kg.linkedin.com/jobs/view/sap-consulting-trainee-at-epam-systems-4423135040,SAP Consulting Trainee,EPAM Systems,posted,2026-07-10T18:15:15.634642,310
13d5f0cc59306fd1,https://kg.linkedin.com/jobs/view/magazijn-medewerker-at-cleanroom-systems-international-4439048993,Magazijn medewerker,,scraped,2026-07-10T18:15:30.260283,
478c5179b34318a7,https://kg.linkedin.com/jobs/view/data-technology-consultant-at-epam-systems-4422282321,Data Technology Consultant,EPAM Systems,posted,2026-07-10T18:16:00.401720,312
4d37471eb84307d4,https://kg.linkedin.com/jobs/view/senior-clinical-pharmacist-onc-haem-at-lister-fertility-clinic-4437993010,Senior Clinical Pharmacist - Onc/Haem,,scraped,2026-07-10T18:16:03.011413,
41a0b5c665ab412b,https://kg.linkedin.com/jobs/view/senior-sales-manager-biotechnologie-100%25-at-michael-page-4438828255,Senior Sales Manager - Biotechnologie 100%,Michael Page,posted,2026-07-10T18:16:30.414842,314
cff4b9fd8a4fed45,https://kg.linkedin.com/jobs/view/alt-und-im-krieg-verlassen-mittlerer-osten-%E2%80%A2-gesundheitswesen-und-ern%C3%A4hrung-at-coworkers-4435962595,Alt und im Krieg verlassen - Mittlerer Osten • Gesundheitswesen und Ernährung,,scraped,2026-07-10T18:16:32.947114,
9cc87dc7c1dadd07,https://kg.linkedin.com/jobs/view/leerling-monteur-at-cleanroom-systems-international-4439054861,Leerling monteur,,scraped,2026-07-10T18:16:41.433711,
dac872dfb12173ef,https://kg.linkedin.com/jobs/view/technical-ai-consultant-at-epam-systems-4413308935,Technical AI Consultant,EPAM Systems,posted,2026-07-10T18:17:11.229840,316
a8c7c11542d4fe2f,https://kg.linkedin.com/jobs/view/generator-epp-iii-and-hvac-technician-at-general-dynamics-information-technology-4429022586,Generator/EPP III and HVAC Technician,General Dynamics Information Technology,posted,2026-07-10T18:17:32.546504,298
138af359bc557b76,https://kg.linkedin.com/jobs/view/network-administrator-intermediate-%E2%80%93-ts-sci-required-at-general-dynamics-information-technology-4420245167,Network Administrator Intermediate – TS/SCI required,General Dynamics Information Technology,posted,2026-07-10T18:17:59.146699,318
f06df0df06d48097,https://kg.linkedin.com/jobs/view/area-sales-manager-m-f-d-czech-republic-slovakia-at-pollmeier-massivholz-4439093683,Area Sales Manager (m/f/d) - Czech Republic & Slovakia,,scraped,2026-07-10T18:18:01.829307,
500c944f3dbc5355,https://kg.linkedin.com/jobs/view/lead-ai-engineer-at-epam-systems-4413301800,Lead AI Engineer,EPAM Systems,posted,2026-07-10T18:18:16.774113,296
56f93be8b87618a8,https://kg.linkedin.com/jobs/view/senior-sap-fica-consultant-at-epam-systems-4399513755,Senior SAP FICA Consultant,EPAM Systems,posted,2026-07-10T18:18:36.004159,320
b60908d2a78194da,https://kg.linkedin.com/jobs/view/senior-ai-engineer-at-epam-systems-4413317849,Senior AI Engineer,EPAM Systems,posted,2026-07-10T18:18:45.573426,294
d37a4718f742998b,https://kg.linkedin.com/jobs/view/senior-full-stack-engineer-python-angular-at-epam-systems-4413301989,Senior Full-Stack Engineer (Python & Angular),EPAM Systems,posted,2026-07-10T18:19:09.130531,322
b602d27d88c49cc0,https://kg.linkedin.com/jobs/view/fsj-freiwilliges-soziales-jahr-bundesfreiwilligendienst-at-kurpfalz-internat-bammental-4438312432,"FSJ Freiwilliges Soziales Jahr, Bundesfreiwilligendienst",Kurpfalz Internat Bammental,posted,2026-07-10T18:19:27.835193,324
12cbca3b06dec13c,https://kg.linkedin.com/jobs/view/praktikum-sozialp%C3%A4dagogik-at-kurpfalz-internat-bammental-4438320174,Praktikum Sozialpädagogik,Kurpfalz Internat Bammental,posted,2026-07-10T18:19:45.170613,326
66786fe3908457c2,https://kg.linkedin.com/jobs/view/soon-at-uluksoft-4435976897,Soon,,scraped,2026-07-10T23:34:52.779585,
8335c0d924e5e7c6,https://kg.linkedin.com/jobs/view/area-sales-manager-m-f-d-japan-at-pollmeier-massivholz-4439090990,Area Sales Manager (m/f/d) - Japan,,scraped,2026-07-10T23:35:04.858235,
392bdf57ced4f995,https://kg.linkedin.com/jobs/view/projectmanager-at-cleanroom-systems-international-4439064536,Projectmanager,,scraped,2026-07-10T23:35:58.985410,
ee103ff61ef89b91,https://kg.linkedin.com/jobs/view/generator-epp-iii-and-hvac-technician-at-general-dynamics-information-technology-4429016695,Generator/EPP III and HVAC Technician,General Dynamics Information Technology,posted,2026-07-10T23:36:28.616377,298
94c353f821c32e0a,https://kg.linkedin.com/jobs/view/lead-platform-engineer-at-epam-systems-4435991342,Lead Platform Engineer,EPAM Systems,posted,2026-07-10T23:36:50.033320,328
b5814cc20f32dfb9,https://kg.linkedin.com/jobs/view/senior-copilot-studio-developer-at-epam-systems-4435992461,Senior Copilot Studio Developer,EPAM Systems,posted,2026-07-10T23:37:05.085061,330
887c48a689dcaac5,https://kg.linkedin.com/jobs/view/g4s-s%C3%B8ger-sikkerhedsvagt-buskontroll%C3%B8r-til-fuldtid-i-%C3%A5rhus-at-g4s-4437704956,G4S søger Sikkerhedsvagt/Buskontrollør til fuldtid i Århus.,G4S,posted,2026-07-10T23:37:34.804894,332
f0b8fabe15431af7,https://kg.linkedin.com/jobs/view/lead-ai-engineer-with-machine-learning-at-epam-systems-4435686271,Lead AI Engineer with Machine Learning,EPAM Systems,posted,2026-07-10T23:37:53.005241,334
609e897f8c1b8407,https://kg.linkedin.com/jobs/view/big-data-devops-engineer-at-epam-systems-4413308937,Big Data DevOps Engineer,EPAM Systems,posted,2026-07-10T23:38:24.613968,336
78c9503d01e5b4fc,https://kg.linkedin.com/jobs/view/affiliate-manager-kyrgyzstan-at-azurainfinity-4435994241,Affiliate Manager - Kyrgyzstan,,scraped,2026-07-11T07:27:56.853249,
be5932dbb910ad50,https://kg.linkedin.com/jobs/view/crane-operator-jobs-1322-at-mypetrocareer-com-4436644264,"Crane Operator, Jobs, 1322",,scraped,2026-07-11T07:28:09.971947,
e12b93717ae9ac8a,https://kg.linkedin.com/jobs/view/crane-operator-jobs-1319-at-mypetrocareer-com-4436650181,"Crane Operator, Jobs, 1319",,scraped,2026-07-11T07:28:18.012677,
e09baaf6520947a6,https://kg.linkedin.com/jobs/view/crane-operator-permanent-jobs-1306-at-mypetrocareer-com-4436639401,"Crane Operator (Permanent), Jobs, 1306",,scraped,2026-07-11T07:28:23.898256,
bb63e27ccdeae462,https://kg.linkedin.com/jobs/view/%C3%A7irkab-sular%C4%B1n-t%C9%99mizl%C9%99nm%C9%99si-qur%C4%9Fusu-wwtp-%C3%BCzr%C9%99-proses-m%C3%BCh%C9%99ndisi-at-hayat-group-az-4435662851,Çirkab Suların Təmizlənməsi Qurğusu (WWTP) üzrə Proses Mühəndisi,,scraped,2026-07-11T07:28:39.845815,
fd34411afd9148a7,https://kg.linkedin.com/jobs/view/gymnasial-realschullehrer-m-w-d-at-kurpfalz-internat-bammental-4438311431,Gymnasial-/Realschullehrer (m/w/d),Kurpfalz Internat Bammental,posted,2026-07-11T07:29:05.657736,338
ddff52f9476c8f8d,https://kg.linkedin.com/jobs/view/assistant-sales-manager-m-w-d-romania-at-pollmeier-massivholz-4439307197,Assistant Sales Manager (m/w/d) - Romania,,scraped,2026-07-11T07:29:10.233401,
e1e39b6962c0d6ff,https://kg.linkedin.com/jobs/view/talent-acquisition-recruiter-at-itheadhunter-4437335944,Talent Acquisition Recruiter,ITHeadhunter,posted,2026-07-11T07:29:34.728424,340
4198bc5846b4714b,https://kg.linkedin.com/jobs/view/hr-and-office-administrator-bedrijfswagen-at-page-personnel-4436644252,HR and Office Administrator - bedrijfswagen,,scraped,2026-07-11T07:29:47.317342,
d24e79c75da972a5,https://kg.linkedin.com/jobs/view/senior-security-software-engineer-cryptography-and-threat-modeling-at-epam-systems-4435996337,Senior Security Software Engineer (Cryptography and Threat Modeling),EPAM Systems,posted,2026-07-11T07:30:47.479297,342
2cf3d9d8b9fd4b45,https://kg.linkedin.com/jobs/view/rov-pilot-technician-at-rovop-4438894555,ROV Pilot Technician,,scraped,2026-07-11T11:37:01.619047,
d5bc84859c362d4a,https://kg.linkedin.com/jobs/view/director-fundraising-analytics-remote-covenant-house-international-at-apra-indiana-4439519396,"Director, Fundraising Analytics (Remote) - Covenant House International",APRA Indiana,posted,2026-07-11T11:37:45.208943,344
09bd335733c829b3,https://kg.linkedin.com/jobs/view/russian-interpreter-at-kreato-global-bpo-and-language-solutions-4435994247,Russian Interpreter,Kreato Global | BPO and Language Solutions,posted,2026-07-11T11:38:03.613071,346
547f048fa55a2b44,https://kg.linkedin.com/jobs/view/talent-acquisition-employer-branding-specialist-at-page-personnel-4436646262,Talent Acquisition & Employer Branding Specialist,,scraped,2026-07-11T11:38:16.332571,
fc19fd15fc63ffa7,https://kg.linkedin.com/jobs/view/%D1%81%D0%B8%D1%81%D1%82%D0%B5%D0%BC%D0%BD%D1%8B%D0%B9-%D0%B0%D0%BD%D0%B0%D0%BB%D0%B8%D1%82%D0%B8%D0%BA-at-spider-group-apps-ai-ar-iot-4439508764,Системный аналитик,,scraped,2026-07-11T11:38:23.010222,
1ca5208ea20deb67,https://kg.linkedin.com/jobs/view/sap-consulting-trainee-at-epam-systems-4423117767,SAP Consulting Trainee,EPAM Systems,posted,2026-07-11T11:38:34.409645,310
7d096acefeba5c6b,https://kg.linkedin.com/jobs/view/data-technology-consultant-at-epam-systems-4413323072,Data Technology Consultant,EPAM Systems,posted,2026-07-11T11:39:00.900618,312
f0cefa1e9e79aea7,https://kg.linkedin.com/jobs/view/sap-full-stack-javascript-development-trainee-at-epam-systems-4411887623,SAP Full-Stack JavaScript Development Trainee,EPAM Systems,posted,2026-07-11T11:39:22.483072,348
d480b2862c6cea36,https://kg.linkedin.com/jobs/view/data-solution-architect-at-epam-systems-4413320087,Data Solution Architect,EPAM Systems,posted,2026-07-11T11:39:48.463315,350
162be896b86200e4,https://kg.linkedin.com/jobs/view/ai-solution-architect-at-epam-systems-4413307979,AI Solution Architect,EPAM Systems,posted,2026-07-11T11:40:31.144423,352
7a9ee82fecb9e940,https://kg.linkedin.com/jobs/view/senior-platform-engineer-at-epam-systems-4435988522,Senior Platform Engineer,EPAM Systems,failed|wp_post_failed,2026-07-11T11:43:00.823349,
251ba7d419d8da6b,https://kg.linkedin.com/jobs/view/lead-senior-devops-engineer-big-data-at-epam-systems-4413314220,Lead / Senior DevOps Engineer (Big Data),EPAM Systems,failed|wp_post_failed,2026-07-11T11:43:13.331327,
1484e37212d08fa5,https://kg.linkedin.com/jobs/view/lead-ai-engineer-with-aws-bedrock-at-epam-systems-4435672113,Lead AI Engineer with AWS Bedrock,EPAM Systems,failed|wp_post_failed,2026-07-11T11:43:24.233826,
685fb18591dc64e2,https://kg.linkedin.com/jobs/view/sp%C3%A9cialiste-assurances-de-personnes-fr-eng-100%25-m-f-at-michael-page-4437867809,Spécialiste Assurances de Personnes FR / ENG 100% (m / f),Michael Page,failed|wp_post_failed,2026-07-11T11:43:37.933568,
6e7e8918ed48bb39,https://kg.linkedin.com/jobs/view/senior-grc-compliance-automation-engineer-at-epam-systems-4435686665,Senior GRC & Compliance Automation Engineer,EPAM Systems,failed|wp_post_failed,2026-07-11T11:43:50.733939,
ac93e09b1fa373f9,https://kg.linkedin.com/jobs/view/comptable-medior-fr-bruxelles-at-page-personnel-4435679439,Comptable Medior - FR - Bruxelles,,scraped,2026-07-11T11:43:53.339339,
6afda77b4f7c4906,https://kg.linkedin.com/jobs/view/privacy-engineering-director-at-duckduckgo-4429692408,Privacy Engineering Director,DuckDuckGo,posted,2026-07-11T15:37:11.375956,356
a0a16623ff564f8d,https://kg.linkedin.com/jobs/view/kyrgyz-music-expert-%2470-hr-remote-at-crossing-hurdles-4438937128,Kyrgyz Music Expert | $70/hr Remote,Crossing Hurdles,posted,2026-07-11T15:37:47.818561,358
9e0c9df1486237d0,https://kg.linkedin.com/jobs/view/senior-net-developer-with-azure-api-management-expertise-at-epam-systems-4413663754,Senior .NET Developer with Azure API Management expertise,EPAM Systems,posted,2026-07-11T15:38:34.718893,360
ca1b1f51b88a55a5,https://kg.linkedin.com/jobs/view/lead-devops-engineer-big-data-at-epam-systems-4413305950,Lead DevOps Engineer (Big Data),EPAM Systems,posted,2026-07-11T15:39:36.547158,362
64dfb2416ed05fb1,https://kg.linkedin.com/jobs/view/une-immigration-de-travail-%3F-les-%C3%A9carts-d-emploi-varient-fortement-selon-les-nationalit%C3%A9s-at-mediadw-4439585012,Une immigration de travail ? Les écarts d'emploi varient fortement selon les nationalités,MediaDW,posted,2026-07-11T19:57:11.756213,364
4a5937e25a7469a1,https://kg.linkedin.com/jobs/view/alt-und-im-krieg-verlassen-mittlerer-osten-%E2%80%A2-gesundheitswesen-und-ern%C3%A4hrung-at-coworkers-4436674524,Alt und im Krieg verlassen - Mittlerer Osten • Gesundheitswesen und Ernährung,,scraped,2026-07-11T19:57:56.233933,
443bf89a9cebc47a,https://kg.linkedin.com/jobs/view/planner-bouw-drongen-m-v-x-at-page-personnel-4435688284,Planner - Bouw - Drongen - M/V/X,,scraped,2026-07-11T19:58:04.360424,
1639f43bb91288db,https://kg.linkedin.com/jobs/view/senior-azure-engineer-at-epam-systems-4398251554,Senior Azure Engineer,EPAM Systems,posted,2026-07-11T19:58:29.495085,366
287332c09c5177ec,https://kg.linkedin.com/jobs/view/senior-agentic-automation-engineer-at-epam-systems-4423631683,Senior Agentic Automation Engineer,EPAM Systems,posted,2026-07-11T19:58:54.006525,368
948b26dd21db6d5a,https://kg.linkedin.com/jobs/view/appointment-setter-at-nhh-4439571370,Appointment Setter,,scraped,2026-07-11T22:34:12.054752,
8cf1084c6ac549f5,https://kg.linkedin.com/jobs/view/%D0%BA%D1%80%D0%B5%D0%B4%D0%B8%D1%82%D0%BD%D1%8B%D0%B5-%D1%81%D0%BF%D0%B5%D1%86%D0%B8%D0%B0%D0%BB%D0%B8%D1%81%D1%82%D1%8B-at-cjsc-mfc-alma-credit-4436672333,КРЕДИТНЫЕ СПЕЦИАЛИСТЫ,"CJSC MFC ""Alma Credit""",failed|wp_post_failed,2026-07-11T22:34:39.858835,
d36b38e5a8221d87,https://kg.linkedin.com/jobs/view/sco-sales-consultant-at-nhh-4439568408,SCo: Sales Consultant,,scraped,2026-07-11T22:34:46.447186,
11c4ffcdb5b45f63,https://kg.linkedin.com/jobs/view/futuraskolan-international-hertig-karl-fritidsledare-s%C3%B6ks-at-futuraskolan-international-bergtorp-4438919730,Futuraskolan International Hertig Karl- Fritidsledare söks,,scraped,2026-07-11T22:35:04.444609,
748e9885ebf814a5,https://kg.linkedin.com/jobs/view/sap-consulting-trainee-at-epam-systems-4423132098,SAP Consulting Trainee,EPAM Systems,posted,2026-07-11T22:35:23.193472,310
3f0e0c1f2c325776,https://kg.linkedin.com/jobs/view/hrm-igaming-kyrgyztan-at-my-clients-4438921321,HRM - iGaming [KYRGYZTAN],My clients,posted,2026-07-11T22:35:36.159047,370
e4e4e6d57442c9a2,https://kg.linkedin.com/jobs/view/resident-doctor-haem-onc-at-lister-fertility-clinic-4438933922,Resident Doctor Haem/Onc,,scraped,2026-07-11T22:35:38.591632,
35f536353f1664c9,https://kg.linkedin.com/jobs/view/futuraskolan-international-g%C3%A5shaga-skoladministrat%C3%B6r-50%25-at-futuraskolan-international-bergtorp-4438932032,Futuraskolan International Gåshaga- Skoladministratör 50%,,scraped,2026-07-11T22:35:47.301536,
22a5a810f3d9d3b3,https://kg.linkedin.com/jobs/view/sap-consulting-trainee-at-epam-systems-4423125172,SAP Consulting Trainee,EPAM Systems,posted,2026-07-11T22:36:01.701165,310
56711f90034358c4,https://kg.linkedin.com/jobs/view/senior-trust-officer-at-88-mocca-the-museum-of-chinese-contemporary-art-on-the-web-4439503365,(Senior) Trust Officer,,scraped,2026-07-11T22:36:08.303878,
3d6fb70506f46d8c,https://kg.linkedin.com/jobs/view/russian-team-lead-at-sme-careers-4431300630,Russian Team Lead,SME Careers,posted,2026-07-11T22:36:24.562403,372
f7a8d9a0d94a468d,https://kg.linkedin.com/jobs/view/senior-privacy-engineer-at-duckduckgo-4430030145,Senior Privacy Engineer,DuckDuckGo,posted,2026-07-11T22:36:55.632708,374
75989ef96376c7c5,https://kg.linkedin.com/jobs/view/senior-python-genai-engineer-at-epam-systems-4413655967,Senior Python GenAI Engineer,EPAM Systems,posted,2026-07-11T22:37:04.315495,376
c61fe248930508a4,https://kg.linkedin.com/jobs/view/rov-senior-pilot-technician-at-rovop-4439001015,ROV Senior Pilot Technician,,scraped,2026-07-11T22:37:34.857755,
531aa5e7c3feea0c,https://kg.linkedin.com/jobs/view/coordinator-of-the-registrar%E2%80%99s-office-at-center-for-teaching-learning-and-technology-4436671982,Coordinator of the Registrar’s Office,"Center for Teaching, Learning, and Technology",posted,2026-07-12T07:54:07.248228,378
4d8ef71fd07e82fc,https://kg.linkedin.com/jobs/view/rov-supervisor-at-rovop-4439003009,ROV Supervisor,,scraped,2026-07-12T07:54:25.784126,
32d58fefa2325f00,https://kg.linkedin.com/jobs/view/futuraskolan-international-hertig-karl-skoladministrat%C3%B6r-s%C3%B6ks-at-futuraskolan-international-bergtorp-4438924539,Futuraskolan International Hertig Karl Skoladministratör söks,,scraped,2026-07-12T07:54:38.956584,
07e16ee66f03bceb,https://kg.linkedin.com/jobs/view/assistant-crane-operator-permanent-nationality-restricted-jobs-1338-at-mypetrocareer-com-4436644249,"Assistant Crane Operator (Permanent / Nationality Restricted), Jobs, 1338",,scraped,2026-07-12T07:55:00.241032,
91de4de4739933e1,https://kg.linkedin.com/jobs/view/devops-engineer-at-targeted-solutions-for-business-llc-4439595533,DevOps Engineer,Targeted Solutions for Business LLC,posted,2026-07-12T07:55:15.570954,380
ec8685afc27738d9,https://kg.linkedin.com/jobs/view/senior-frontend-engineer-at-targeted-solutions-for-business-llc-4439593649,Senior Frontend Engineer,Targeted Solutions for Business LLC,posted,2026-07-12T07:55:38.420763,382
b44c47f1e61f45f6,https://kg.linkedin.com/jobs/view/%D0%B2%D0%B5%D0%B4%D1%83%D1%89%D0%B8%D0%B9-%D1%81%D0%BF%D0%B5%D1%86%D0%B8%D0%B0%D0%BB%D0%B8%D1%81%D1%82-%D1%81%D0%BE%D0%BF%D1%80%D0%BE%D0%B2%D0%BE%D0%B6%D0%B4%D0%B5%D0%BD%D0%B8%D1%8F-1%D1%81-%D1%80%D0%B5%D0%B3%D0%BB%D0%B0%D0%BC%D0%B5%D0%BD%D1%82%D0%B8%D1%80%D0%BE%D0%B2%D0%B0%D0%BD%D0%BD%D1%8B%D0%B9-%D1%83%D1%87%D0%B5%D1%82-%D0%B1%D1%83%D1%85%D0%B3%D0%B0%D0%BB%D1%82%D0%B5%D1%80%D0%B8%D1%8F-%D0%B7%D1%83%D0%BF-%D0%B5%D0%BA%D0%B0%D1%82%D0%B5%D1%80%D0%B8%D0%BD%D0%B1%D1%83%D1%80%D0%B3-at-nag-4437972907,Ведущий специалист сопровождения 1С (Регламентированный учет - Бухгалтерия / ЗУП) Екатеринбург,,scraped,2026-07-12T07:56:02.908659,
c9419f9ffc3c3d45,https://kg.linkedin.com/jobs/view/data-analyst-customer-service-at-salmon-group-ltd-4422004521,Data Analyst (Customer Service),,scraped,2026-07-12T11:59:40.885155,
e0bbdabd2afafbf8,https://kg.linkedin.com/jobs/view/group-chief-financial-officer-at-antal-international-4439726488,Group Chief Financial Officer,,scraped,2026-07-12T11:59:58.364848,
abec0fa7e42ac57e,https://kg.linkedin.com/jobs/view/it-security-administrator-ts-sci-with-polygraph-at-general-dynamics-information-technology-4336512877,IT Security Administrator - TS/SCI with Polygraph,General Dynamics Information Technology,posted,2026-07-12T12:00:57.212255,384
b4ce4fb5a4dabdbd,https://kg.linkedin.com/jobs/view/crane-operator-us-visa-jobs-1341-at-mypetrocareer-com-4436651116,"Crane Operator (US Visa), Jobs, 1341",,scraped,2026-07-12T12:01:07.836517,
c3427eca4fc1a926,https://kg.linkedin.com/jobs/view/test-automation-architect-javascript-python-at-epam-systems-4413667778,Test Automation Architect (JavaScript / Python),EPAM Systems,posted,2026-07-12T12:01:30.418576,386
8fc4716def3587c7,https://kg.linkedin.com/jobs/view/ai-enabled-senior-net-developer-at-epam-systems-4413671441,AI-enabled Senior .NET Developer,EPAM Systems,posted,2026-07-12T12:01:44.951225,388
44ebbc43e8918981,https://kg.linkedin.com/jobs/view/network-administrator-ts-sci-with-polygraph-at-general-dynamics-information-technology-4336443072,Network Administrator - TS/SCI with Polygraph,General Dynamics Information Technology,posted,2026-07-12T12:01:58.472886,390
ea3f659c6fa3cb41,https://kg.linkedin.com/jobs/view/automated-testing-in-javascript-trainee-at-epam-systems-4424856936,Automated Testing in JavaScript Trainee,EPAM Systems,posted,2026-07-12T12:02:11.248153,392
d7b86f53eeb09129,https://kg.linkedin.com/jobs/view/automated-testing-in-javascript-trainee-at-epam-systems-4424865073,Automated Testing in JavaScript Trainee,EPAM Systems,posted,2026-07-12T12:02:18.481753,392
9c43717e0c9b6181,https://kg.linkedin.com/jobs/view/automated-testing-in-java-trainee-at-epam-systems-4424848836,Automated Testing in Java Trainee,EPAM Systems,posted,2026-07-12T12:02:29.521591,394
5b38ef25af218943,https://kg.linkedin.com/jobs/view/automated-testing-in-javascript-trainee-at-epam-systems-4424861778,Automated Testing in JavaScript Trainee,EPAM Systems,posted,2026-07-12T12:02:36.383766,392
bfe3627198667601,https://kg.linkedin.com/jobs/view/automated-testing-in-java-trainee-at-epam-systems-4424851837,Automated Testing in Java Trainee,EPAM Systems,posted,2026-07-12T12:02:43.121935,394
277b054dac0a254c,https://kg.linkedin.com/jobs/view/senior-full-stack-engineer-react-%2B-node-js-at-targeted-solutions-for-business-llc-4439589745,Senior Full Stack Engineer (React + Node.js),Targeted Solutions for Business LLC,posted,2026-07-12T12:02:55.321989,396
59836e3106506fd9,https://kg.linkedin.com/jobs/view/senior-dynamics-crm-software-engineer-at-epam-systems-4405559262,Senior Dynamics CRM Software Engineer,EPAM Systems,posted,2026-07-12T12:03:06.499900,398
10a6379a0ce4ff01,https://kg.linkedin.com/jobs/view/%D0%BC%D0%B5%D0%BD%D0%B5%D0%B4%D0%B6%D0%B5%D1%80-%D0%BF%D0%BE-%D0%BF%D1%80%D0%B5%D0%B4%D0%BF%D1%80%D0%BE%D0%B4%D0%B0%D0%B6%D0%BD%D0%BE%D0%B9-%D0%BF%D0%BE%D0%B4%D0%B3%D0%BE%D1%82%D0%BE%D0%B2%D0%BA%D0%B5-%D0%BF%D1%80%D0%B5%D1%81%D0%B5%D0%B9%D0%BB-%D0%BD%D0%B0-%D1%82%D0%B5%D0%BB%D0%B5%D0%BA%D0%BE%D0%BC-%D0%BE%D0%B1%D0%BE%D1%80%D1%83%D0%B4%D0%BE%D0%B2%D0%B0%D0%BD%D0%B8%D0%B5-%D0%B8-%D0%B8%D0%BD%D0%B6%D0%B5%D0%BD%D0%B5%D1%80%D0%BD%D1%8B%D0%B5-%D1%81%D0%B8%D1%81%D1%82%D0%B5%D0%BC%D1%8B-%D1%80%D0%BE%D1%81%D1%82%D0%BE%D0%B2-%D0%BD%D0%B0-%D0%B4%D0%BE%D0%BD%D1%83-at-nag-4438958985,Менеджер по предпродажной подготовке (Пресейл) на телеком оборудование и инженерные системы) Ростов-на-Дону,,scraped,2026-07-12T15:44:07.257329,
93414fc64b68820a,https://kg.linkedin.com/jobs/view/sap-consulting-trainee-at-epam-systems-4423122205,SAP Consulting Trainee,EPAM Systems,posted,2026-07-12T15:44:29.909311,310
e3548a9cf94a3db7,https://kg.linkedin.com/jobs/view/data-analytics-product-owner-at-epam-systems-4413696060,Data Analytics Product Owner,EPAM Systems,posted,2026-07-12T15:44:47.757347,400
062ceed539408518,https://kg.linkedin.com/jobs/view/automated-testing-in-net-trainee-at-epam-systems-4424877029,Automated Testing in .NET Trainee,EPAM Systems,posted,2026-07-12T15:45:14.511972,402
b2a1b88499fcc56f,https://kg.linkedin.com/jobs/view/automated-testing-in-net-trainee-at-epam-systems-4424871092,Automated Testing in .NET Trainee,EPAM Systems,posted,2026-07-12T15:45:19.489548,402
83571b65d9dbc7ec,https://kg.linkedin.com/jobs/view/sap-full-stack-javascript-development-trainee-at-epam-systems-4411881775,SAP Full-Stack JavaScript Development Trainee,EPAM Systems,posted,2026-07-12T15:45:24.491178,348
03c73f0e9f777849,https://kg.linkedin.com/jobs/view/automated-testing-in-javascript-trainee-at-epam-systems-4424863513,Automated Testing in JavaScript Trainee,EPAM Systems,posted,2026-07-12T15:45:29.768671,392
25c4e7bd77caab02,https://kg.linkedin.com/jobs/view/sap-full-stack-javascript-development-trainee-at-epam-systems-4411895390,SAP Full-Stack JavaScript Development Trainee,EPAM Systems,posted,2026-07-12T15:45:36.560769,348
448bb1eb0346407f,https://kg.linkedin.com/jobs/view/senior-systems-administrator-ts-sci-with-polygraph-at-general-dynamics-information-technology-4336363268,Senior Systems Administrator - TS/SCI with Polygraph,General Dynamics Information Technology,posted,2026-07-12T15:46:26.548948,404
4ff7e83e8c3ab3a7,https://kg.linkedin.com/jobs/view/automated-testing-in-java-trainee-at-epam-systems-4424839832,Automated Testing in Java Trainee,EPAM Systems,posted,2026-07-12T20:10:37.862963,394
68ef11a50a3703fe,https://kg.linkedin.com/jobs/view/automated-testing-in-net-trainee-at-epam-systems-4424865126,Automated Testing in .NET Trainee,EPAM Systems,posted,2026-07-12T20:10:45.009050,402
93240c22b580b467,https://kg.linkedin.com/jobs/view/senior-software-engineer-ts-sci-with-polygraph-at-general-dynamics-information-technology-4336473038,Senior Software Engineer - TS/SCI with Polygraph,General Dynamics Information Technology,posted,2026-07-12T20:10:54.911595,406
37b7e29f669b549d,https://kg.linkedin.com/jobs/view/alt-und-im-krieg-verlassen-mittlerer-osten-%E2%80%A2-gesundheitswesen-und-ern%C3%A4hrung-at-coworkers-4437224682,Alt und im Krieg verlassen - Mittlerer Osten • Gesundheitswesen und Ernährung,,scraped,2026-07-12T22:41:07.909283,
8cc29a883eb842c4,https://kg.linkedin.com/jobs/view/futuraskolan-international-g%C3%A5shaga-fritidsledare-s%C3%B6ks%21-at-futuraskolan-international-bergtorp-4438925408,Futuraskolan International Gåshaga- Fritidsledare söks!,,scraped,2026-07-12T22:42:00.978651,
d060aa3ff25bebb2,https://kg.linkedin.com/jobs/view/automated-testing-in-java-trainee-at-epam-systems-4424846872,Automated Testing in Java Trainee,EPAM Systems,posted,2026-07-12T22:42:44.936105,394
313b1c9d436804ac,https://kg.linkedin.com/jobs/view/generator-hvac-technician-at-general-dynamics-information-technology-4431311550,Generator HVAC Technician,General Dynamics Information Technology,posted,2026-07-12T22:42:58.100468,292
e9423ca4d5b3fa0c,https://kg.linkedin.com/jobs/view/lead-aws-devops-engineer-at-epam-systems-4288859812,Lead AWS DevOps Engineer,EPAM Systems,posted,2026-07-12T22:43:29.926420,408
d9e8fc741d5f8e81,https://kg.linkedin.com/jobs/view/support-in-media-management-at-pressrelations%E5%8D%9A%E4%BF%A1%E7%9D%BF%E6%80%9D-4439190630,Support in Media Management,,scraped,2026-07-13T11:50:44.565244,
bcb0715d0aa2f2ed,https://kg.linkedin.com/jobs/view/%D0%BC%D0%B5%D0%BD%D0%B5%D0%B4%D0%B6%D0%B5%D1%80-%D0%BF%D0%BE-%D0%BD%D0%B0%D0%BB%D0%BE%D0%B3%D0%B0%D0%BC-tax-accountant-at-beeline-kyrgyzstan-4435949993,Менеджер по налогам (tax accountant),,scraped,2026-07-13T11:50:57.797093,
937625ba51686ea8,https://kg.linkedin.com/jobs/view/program-management-office-analyst-at-general-dynamics-information-technology-4439725349,Program Management Office Analyst,General Dynamics Information Technology,posted,2026-07-13T11:52:03.178599,410
1c9bf6ed96cf1fc0,https://kg.linkedin.com/jobs/view/sap-full-stack-javascript-development-trainee-at-epam-systems-4411886649,SAP Full-Stack JavaScript Development Trainee,EPAM Systems,posted,2026-07-13T11:52:10.567599,348
c158137e45b5d973,https://kg.linkedin.com/jobs/view/sap-full-stack-javascript-development-trainee-at-epam-systems-4411879818,SAP Full-Stack JavaScript Development Trainee,EPAM Systems,posted,2026-07-13T11:52:17.735479,348
c667c4cb6804e227,https://kg.linkedin.com/jobs/view/lead-test-automation-engineer-in-java-at-epam-systems-4288872816,Lead Test Automation Engineer in Java,EPAM Systems,posted,2026-07-13T11:52:57.078902,412
f9562fd728f8b1bf,https://kg.linkedin.com/jobs/view/sap-abap-developer-rap-relocation-to-cyprus-at-epam-systems-4374889947,SAP ABAP Developer (RAP) (relocation to Cyprus),EPAM Systems,posted,2026-07-13T11:53:07.057060,414
c8d16cde53bd5f32,https://kg.linkedin.com/jobs/view/rig-electrician-adhoc-jobs-1283-at-mypetrocareer-com-4437272513,"Rig Electrician (adhoc), Jobs, 1283",,scraped,2026-07-13T11:53:11.758645,
dbf92f7b15d613ef,https://kg.linkedin.com/jobs/view/assistant-driller-adhoc-jobs-1345-at-mypetrocareer-com-4437271396,"Assistant Driller (adhoc), Jobs, 1345",,scraped,2026-07-13T11:53:20.382121,
c0da77b492d0073a,https://kg.linkedin.com/jobs/view/senior-sap-ui5-engineer-at-epam-systems-4385724497,Senior SAP UI5 Engineer,EPAM Systems,posted,2026-07-13T11:53:32.908538,416
1788aca58335171a,https://kg.linkedin.com/jobs/view/packaging-artisan-at-ab-inbev-africa-4438805846,Packaging Artisan,,scraped,2026-07-13T18:27:00.734471,
2b802e4012e8a8f9,https://kg.linkedin.com/jobs/view/full-time-instructor-of-sports-courses-at-center-for-teaching-learning-and-technology-4436674922,Full-Time Instructor of Sports Courses,"Center for Teaching, Learning, and Technology",posted,2026-07-13T18:27:19.844723,418
fd5f34d7e655f92c,https://kg.linkedin.com/jobs/view/utilities-electrician-at-ab-inbev-africa-4440034615,Utilities Electrician,,scraped,2026-07-13T18:27:24.459576,
81c0efd576270094,https://kg.linkedin.com/jobs/view/%D1%81%D0%BF%D0%B5%D1%86%D0%B8%D0%B0%D0%BB%D0%B8%D1%81%D1%82-%D0%BF%D0%BE-%D0%B8%D0%BD%D1%84%D0%BE%D1%80%D0%BC%D0%B0%D1%86%D0%B8%D0%BE%D0%BD%D0%BD%D1%8B%D0%BC-%D1%82%D0%B5%D1%85%D0%BD%D0%BE%D0%BB%D0%BE%D0%B3%D0%B8%D1%8F%D0%BC-at-food-dream-x-kfc-4437268364,Специалист по информационным технологиям,,scraped,2026-07-13T18:27:37.069184,
1a40a0fcd008d1f4,https://kg.linkedin.com/jobs/view/ing%C3%A9nieur-calcul-structure-international-f-h-at-b-hive-engineering-4439785898,Ingénieur Calcul Structure - International F/H,,scraped,2026-07-13T18:27:50.011766,
5e55d7e462106a60,https://kg.linkedin.com/jobs/view/international-video-remote-interpreters-at-language-services-associates-4253788036,*International Video Remote Interpreters,Language Services Associates,posted,2026-07-13T18:28:10.442658,420
58f8d129ed4d783f,https://kg.linkedin.com/jobs/view/key-account-manager-consultant-m-f-d-at-pressrelations%E5%8D%9A%E4%BF%A1%E7%9D%BF%E6%80%9D-4439400311,Key Account Manager / Consultant (m/f/d),,scraped,2026-07-13T18:28:29.048890,
8ea84430fb58551e,https://kg.linkedin.com/jobs/view/radio-technician-ts-sci-with-polygraph-at-general-dynamics-information-technology-4336522828,Radio Technician - TS/SCI with Polygraph,General Dynamics Information Technology,posted,2026-07-13T18:28:46.362176,422
e4449b34fe1c8665,https://kg.linkedin.com/jobs/view/projeteur-m%C3%A9thodes-international-f-h-at-b-hive-engineering-4439798448,Projeteur Méthodes - International F/H,,scraped,2026-07-13T18:29:27.015658,
1a9db6975ad9eac5,https://kg.linkedin.com/jobs/view/generator-epp-iii-and-hvac-technician-at-general-dynamics-information-technology-4431379565,Generator/EPP III and HVAC Technician,General Dynamics Information Technology,posted,2026-07-13T18:29:37.791427,298
8dae68db9e70aea8,https://kg.linkedin.com/jobs/view/lead-test-automation-engineer-in-python-at-epam-systems-4288859986,Lead Test Automation Engineer in Python,EPAM Systems,posted,2026-07-13T18:29:50.692885,424
8c05531da992be59,https://kg.linkedin.com/jobs/view/g4s-s%C3%B8ger-service-centervagter-i-aalborg-og-hj%C3%B8rring-at-g4s-4439771578,G4S søger Service/centervagter i Aalborg og Hjørring,G4S,posted,2026-07-13T18:30:07.061688,426
63a5be4ce4e2d0c8,https://kg.linkedin.com/jobs/view/senior-python-full-stack-engineer-at-epam-systems-4288586692,Senior Python Full Stack Engineer,EPAM Systems,posted,2026-07-13T18:30:22.685607,428
9940c3bd1f29bce3,https://kg.linkedin.com/jobs/view/senior-go-developer-azure-kubernetes-at-epam-systems-4288876398,"Senior Go Developer (Azure, Kubernetes)",EPAM Systems,posted,2026-07-13T18:30:40.319462,430
2486826546c3a1e0,https://kg.linkedin.com/jobs/view/fastvagt-til-stor-kunde-i-s%C3%B8borg-at-g4s-4439768669,Fastvagt til stor kunde i Søborg,G4S,failed|wp_post_failed,2026-07-13T23:29:31.230919,
f1ee4dd1acb10d40,https://kg.linkedin.com/jobs/view/le-grand-d%C3%A9calage-quand-les-formations-ne-correspondent-plus-aux-besoins-des-entreprises-at-mediadw-4440022766,Le grand décalage : quand les formations ne correspondent plus aux besoins des entreprises,MediaDW,failed|wp_post_failed,2026-07-13T23:30:39.743472,
35df5af15fc4bb9b,https://kg.linkedin.com/jobs/view/remote-yiddish-interpreter-at-language-services-associates-4439463861,Remote Yiddish Interpreter,Language Services Associates,failed|wp_post_failed,2026-07-13T23:30:52.340381,
ca40c9ba44598213,https://kg.linkedin.com/jobs/view/automated-testing-in-java-trainee-at-epam-systems-4424850736,Automated Testing in Java Trainee,EPAM Systems,failed|wp_post_failed,2026-07-13T23:32:04.760211,
4ee5e1306344ced0,https://kg.linkedin.com/jobs/view/senior-golang-developer-relocation-to-bulgaria-at-epam-systems-4384784753,Senior Golang Developer (relocation to Bulgaria),EPAM Systems,failed|wp_post_failed,2026-07-13T23:32:26.634004,
27b0e5434c565ab8,https://kg.linkedin.com/jobs/view/chinese-language-professor-at-center-for-teaching-learning-and-technology-4436671981,Chinese Language Professor,"Center for Teaching, Learning, and Technology",failed|wp_post_failed,2026-07-13T23:32:37.269779,
a96e44727a84a472,https://kg.linkedin.com/jobs/view/montessori-assistant-teacher-at-cadence-education-4439478834,Montessori Assistant Teacher,Cadence Education,failed|wp_post_failed,2026-07-14T07:33:39.999549,
804ad6110c99db14,https://kg.linkedin.com/jobs/view/montessori-preschool-administrative-assistant-at-cadence-education-4439462004,Montessori Preschool Administrative Assistant,Cadence Education,failed|wp_post_failed,2026-07-14T07:33:56.673168,
91d2587d2cf18797,https://kg.linkedin.com/jobs/view/qa-engineer-at-dexcare-4437658248,QA Engineer,DexCare,failed|wp_post_failed,2026-07-14T07:34:13.515946,
8adecc6b5016200b,https://kg.linkedin.com/jobs/view/entry-level-sales-consultant-boston-summer-start-at-the-global-institute-for-health-and-human-rights-4440370472,Entry Level Sales Consultant | Boston | Summer Start,The Global Institute for Health and Human Rights,failed|wp_post_failed,2026-07-14T07:34:34.241439,
499abc29c21642e1,https://kg.linkedin.com/jobs/view/automated-testing-in-net-trainee-at-epam-systems-4424866129,Automated Testing in .NET Trainee,EPAM Systems,failed|wp_post_failed,2026-07-14T07:35:18.908750,
f5b5e4c339851bbf,https://kg.linkedin.com/jobs/view/%D1%80%D0%B5%D0%B3%D0%B8%D0%BE%D0%BD%D0%B0%D0%BB%D1%8C%D0%BD%D1%8B%D0%B9-%D0%BC%D0%B5%D0%BD%D0%B5%D0%B4%D0%B6%D0%B5%D1%80-%D0%B3-%D0%B1%D0%B8%D1%88%D0%BA%D0%B5%D0%BA-at-antal-international-4440015927,"Региональный менеджер, г. Бишкек",,scraped,2026-07-14T07:35:29.551346,
c189d219caa7cf1d,https://kg.linkedin.com/jobs/view/front-end-engineer-lead-at-dexcare-4437650324,Front End Engineer- Lead,DexCare,failed|wp_post_failed,2026-07-14T07:35:49.888184,
3a871cbf7bbd0fe5,https://kg.linkedin.com/jobs/view/senior-application-support-engineer-at-epam-systems-4405538525,Senior Application Support Engineer,EPAM Systems,failed|wp_post_failed,2026-07-14T07:35:57.896325,
5c81edf36206bcd9,https://kg.linkedin.com/jobs/view/join-our-community-at-tripadvisor-4049871776,Join Our Community,Tripadvisor,failed|wp_post_failed,2026-07-14T12:52:14.834228,
1d3967e11020ea0a,https://kg.linkedin.com/jobs/view/packaging-operator-at-ab-inbev-africa-4440036614,Packaging Operator,,scraped,2026-07-14T12:52:43.452005,
411545a1b26f34e5,https://kg.linkedin.com/jobs/view/%D1%81%D0%B8%D1%81%D1%82%D0%B5%D0%BC%D0%BD%D1%8B%D0%B9-%D0%B0%D0%BD%D0%B0%D0%BB%D0%B8%D1%82%D0%B8%D0%BA-1%D1%81-%D0%BC%D0%B8%D0%B4%D0%BB%2B-%D1%81%D0%B5%D0%BD%D1%8C%D0%BE%D1%80-%D0%B5%D0%BA%D0%B0%D1%82%D0%B5%D1%80%D0%B8%D0%BD%D0%B1%D1%83%D1%80%D0%B3-at-nag-4437986218,Системный аналитик 1С (Мидл+; Сеньор) Екатеринбург,,scraped,2026-07-14T12:52:50.010513,
3672be08495c227e,https://kg.linkedin.com/jobs/view/media-intelligence-analyst-m-f-d-at-pressrelations%E5%8D%9A%E4%BF%A1%E7%9D%BF%E6%80%9D-4439182829,Media Intelligence Analyst (m/f/d),,scraped,2026-07-14T12:53:08.364808,
a9ee253d817a4a53,https://kg.linkedin.com/jobs/view/lead-ai-workplace-solutions-engineer-at-epam-systems-4423630713,Lead AI Workplace Solutions Engineer,EPAM Systems,failed|wp_post_failed,2026-07-14T12:54:06.432070,
141119792378ba90,https://kg.linkedin.com/jobs/view/net-trainee-at-epam-systems-4437667704,.NET Trainee,EPAM Systems,failed|wp_post_failed,2026-07-14T12:54:22.902183,
7a6b168319800b94,https://kg.linkedin.com/jobs/view/cloud-native-python-engineer-with-ai-integration-focus-at-epam-systems-4288593184,Cloud Native Python Engineer with AI Integration Focus,EPAM Systems,failed|wp_post_failed,2026-07-14T12:54:56.701411,
6afa9fda9c889ff5,https://kg.linkedin.com/jobs/view/data-analytics-engineering-trainee-at-epam-systems-4437685028,Data Analytics Engineering Trainee,EPAM Systems,failed|wp_post_failed,2026-07-14T12:55:23.449990,
664e966c35ce2765,https://kg.linkedin.com/jobs/view/data-analytics-engineering-trainee-at-epam-systems-4437685030,Data Analytics Engineering Trainee,EPAM Systems,failed|wp_post_failed,2026-07-14T12:55:40.273814,
5a8ab88a0c0b49f1,https://kg.linkedin.com/jobs/view/entry-level-recruitment-consultant-tampa-at-the-global-institute-for-health-and-human-rights-4440361748,Entry Level Recruitment Consultant | Tampa,The Global Institute for Health and Human Rights,posted,2026-07-14T17:55:18.008302,432
039f633e2bc3f79d,https://kg.linkedin.com/jobs/view/kock-at-g%C3%B6teborgsfamiljen-4440805023,Kock,,scraped,2026-07-14T17:55:20.567117,
dfd4c7b239c42ea1,https://kg.linkedin.com/jobs/view/%D0%BF%D0%BE%D0%B4%D0%B3%D0%BE%D1%82%D0%BE%D0%B2%D1%89%D0%B8%D0%BA-at-%D1%85%D0%BE%D0%BB%D0%B4%D0%B8%D0%BD%D0%B3-%D0%B0%D1%82%D0%BB%D0%B0%D0%BD%D1%82-%D0%BC-4440561612,Подготовщик,,scraped,2026-07-14T17:55:31.338396,
939f5509e1ae63f3,https://kg.linkedin.com/jobs/view/crane-operator-permanent-jobs-1229-at-mypetrocareer-com-4437679405,"Crane Operator (Permanent), Jobs, 1229",MyPetroCareer.com,posted,2026-07-14T17:56:13.733270,434
c809c3eed78b62c9,https://kg.linkedin.com/jobs/view/%D0%B0%D1%80%D0%BC%D0%B0%D1%82%D1%83%D1%80%D1%89%D0%B8%D0%BA-at-%D1%85%D0%BE%D0%BB%D0%B4%D0%B8%D0%BD%D0%B3-%D0%B0%D1%82%D0%BB%D0%B0%D0%BD%D1%82-%D0%BC-4440550943,Арматурщик,,scraped,2026-07-14T17:56:16.205760,
8daf9377b12a1abe,https://kg.linkedin.com/jobs/view/call-for-technical-experts-proposal-writers-consultants-at-plan-international-at-scholarship-avenue-4439843590,Call for Technical Experts/Proposal Writers (Consultants) at Plan International,,scraped,2026-07-14T17:56:29.347686,
bd5d3ea93fc3adea,https://kg.linkedin.com/jobs/view/international-audio-video-remote-chuukese-interpreters-at-language-services-associates-4312890218,International Audio/Video Remote Chuukese Interpreters,Language Services Associates,posted,2026-07-14T17:57:01.139674,436
52eecfcebc97e164,https://kg.linkedin.com/jobs/view/%D1%81%D0%B8%D1%81%D1%82%D0%B5%D0%BC%D0%BD%D1%8B%D0%B9-%D0%B0%D0%B4%D0%BC%D0%B8%D0%BD%D0%B8%D1%81%D1%82%D1%80%D0%B0%D1%82%D0%BE%D1%80-at-%D1%85%D0%BE%D0%BB%D0%B4%D0%B8%D0%BD%D0%B3-%D0%B0%D1%82%D0%BB%D0%B0%D0%BD%D1%82-%D0%BC-4439093248,Системный администратор,,scraped,2026-07-14T17:57:11.638700,
6ef1c0b6e8120764,https://kg.linkedin.com/jobs/view/international-audio-video-remote-malay-interpreter-at-language-services-associates-4320004525,International Audio/Video Remote Malay Interpreter,Language Services Associates,posted,2026-07-14T17:57:31.967588,438
2a404a4271b1d973,https://kg.linkedin.com/jobs/view/futuraskolan-international-kottla-musikl%C3%A4rare-%C3%A5k-7-9-at-futuraskolan-international-bergtorp-4439851359,Futuraskolan International Kottla - Musiklärare ÅK 7-9,,scraped,2026-07-14T17:57:42.605482,
268dbec67abdabee,https://kg.linkedin.com/jobs/view/net-trainee-at-epam-systems-4437666690,.NET Trainee,EPAM Systems,posted,2026-07-14T17:58:06.337244,440
98101f9fd0f0adcd,https://kg.linkedin.com/jobs/view/automated-testing-in-net-trainee-at-epam-systems-4424863587,Automated Testing in .NET Trainee,EPAM Systems,posted,2026-07-14T17:58:25.773068,402
28eceedee19ca983,https://kg.linkedin.com/jobs/view/senior-liability-examiner-hybrid-anywhere-in-canada-at-international-programs-group-4437087841,Senior Liability Examiner-Hybrid (Anywhere in Canada),,scraped,2026-07-14T21:39:50.948591,
6f10d6132f6cc5ff,https://kg.linkedin.com/jobs/view/alt-und-im-krieg-verlassen-mittlerer-osten-%E2%80%A2-gesundheitswesen-und-ern%C3%A4hrung-at-coworkers-4438012851,Alt und im Krieg verlassen - Mittlerer Osten • Gesundheitswesen und Ernährung,,scraped,2026-07-14T21:39:59.641700,
6e968ea94967c4c5,https://kg.linkedin.com/jobs/view/it-help-desk-customer-support-technician-ts-sci-with-polygraph-at-general-dynamics-information-technology-4336453076,IT Help Desk / Customer Support Technician - TS/SCI with Polygraph,General Dynamics Information Technology,posted,2026-07-14T21:41:11.072429,442
c2a660b007b57e4e,https://kg.linkedin.com/jobs/view/ai-security-architect-%E2%80%94-data-security-dspm-at-epam-systems-4437672818,AI Security Architect — Data Security & DSPM,EPAM Systems,posted,2026-07-14T21:41:40.486556,444
56861b3d87a5505c,https://kg.linkedin.com/jobs/view/senior-sap-fico-treasury-consultant-at-epam-systems-4289626415,Senior SAP FICO Treasury Consultant,EPAM Systems,posted,2026-07-14T21:41:49.920722,446
9195a0ad6fdc34be,https://kg.linkedin.com/jobs/view/soziale-arbeit-mit-schwerpunkt-sport-naher-osten-%E2%80%A2-sozialwesen-at-coworkers-4438016748,Soziale Arbeit mit Schwerpunkt Sport - Naher Osten • Sozialwesen,,scraped,2026-07-14T21:42:14.446110,
7cf6e0c2056e2a60,https://kg.linkedin.com/jobs/view/senior-test-automation-engineer-with-javascript-at-epam-systems-4288885872,Senior Test Automation Engineer with JavaScript,EPAM Systems,posted,2026-07-14T21:42:50.616919,448
a0754f785b6ace43,https://kg.linkedin.com/jobs/view/%D1%80%D1%83%D0%BA%D0%BE%D0%B2%D0%BE%D0%B4%D0%B8%D1%82%D0%B5%D0%BB%D1%8C-%D0%BC%D0%B0%D1%80%D0%BA%D0%B5%D1%82%D0%B8%D0%BD%D0%B3%D0%B0-at-antal-international-4440391865,Руководитель маркетинга,,scraped,2026-07-15T06:38:30.837305,
5986a681bd7a2e62,https://kg.linkedin.com/jobs/view/azure-cloud-native-developer-at-epam-systems-4288590749,Azure Cloud Native Developer,EPAM Systems,posted,2026-07-15T06:39:39.824431,450
ca1e41a80298da0b,https://kg.linkedin.com/jobs/view/international-audio-video-remote-bengali-bangla-interpreter-at-language-services-associates-4439933160,International Audio/Video Remote Bengali-Bangla Interpreter,Language Services Associates,posted,2026-07-15T06:40:28.415096,452
233ee79f93a53839,https://kg.linkedin.com/jobs/view/field-service-representative-at-general-dynamics-information-technology-4412388048,Field Service Representative,General Dynamics Information Technology,posted,2026-07-15T12:58:55.174381,454
f6cf0aaa19798ee8,https://kg.linkedin.com/jobs/view/lead-montessori-teacher-at-cadence-education-4439478834,Lead Montessori Teacher,Cadence Education,posted,2026-07-15T12:59:22.205812,456
4e77c3ff31cd8bf4,https://kg.linkedin.com/jobs/view/vi-s%C3%B6ker-en-skolbibliotekarie-50%25-till-futuraskolan-international-kottla%21-at-futuraskolan-international-bergtorp-4439995990,Vi söker en skolbibliotekarie (50%) till Futuraskolan International Kottla!,,scraped,2026-07-15T12:59:58.880660,
d69d887336b86a8d,https://kg.linkedin.com/jobs/view/sr-analyst-finance-operations-at-glovo-4440202784,Sr. Analyst Finance Operations,,scraped,2026-07-15T13:00:07.771415,
a21949aee4535fe4,https://kg.linkedin.com/jobs/view/international-audio-video-remote-uzbek-interpreter-at-language-services-associates-4439926504,International Audio/Video Remote Uzbek Interpreter,Language Services Associates,posted,2026-07-15T13:00:49.318916,458
f92f5f708d5e337b,https://kg.linkedin.com/jobs/view/net-trainee-at-epam-systems-4437661860,.NET Trainee,EPAM Systems,posted,2026-07-15T13:00:56.240556,440
03fa7a5d02d16f78,https://kg.linkedin.com/jobs/view/net-trainee-at-epam-systems-4437659923,.NET Trainee,EPAM Systems,posted,2026-07-15T13:01:19.092111,440
93b021a9c22070e2,https://kg.linkedin.com/jobs/view/senior-gcp-devops-engineer-at-epam-systems-4288591613,Senior GCP DevOps Engineer,EPAM Systems,posted,2026-07-15T13:01:36.385148,460
c59d1ab54569dec5,https://kg.linkedin.com/jobs/view/network-engineer-senior-at-general-dynamics-information-technology-4432495820,Network Engineer Senior,General Dynamics Information Technology,posted,2026-07-15T13:01:58.986399,462
daaf77fdb68b8aea,https://kg.linkedin.com/jobs/view/senior-python-engineer-with-spark-at-epam-systems-4289641689,Senior Python Engineer with Spark,EPAM Systems,posted,2026-07-15T13:02:25.916141,464
6524718c54e4dc3f,https://kg.linkedin.com/jobs/view/lead-scala-developer-at-epam-systems-4289648430,Lead Scala Developer,EPAM Systems,posted,2026-07-15T13:02:48.850888,466
6e8e59291d04ab1b,https://kg.linkedin.com/jobs/view/hotline-operators-consultancy-at-iom-un-migration-4441204017,Hotline Operators (Consultancy),IOM - UN Migration,posted,2026-07-15T18:07:29.247699,468
8868159a82220dd2,https://kg.linkedin.com/jobs/view/%D0%B3%D0%BB%D0%B0%D0%B2%D0%BD%D1%8B%D0%B9-%D0%BC%D0%B5%D1%85%D0%B0%D0%BD%D0%B8%D0%BA-%D1%80%D1%83%D0%B4%D0%BD%D0%B8%D0%BA%D0%B0-at-alliance-altyn-gold-mining-company-4438065840,Главный механик рудника,,scraped,2026-07-15T18:07:51.677232,
b13c263a550b91bd,https://kg.linkedin.com/jobs/view/experienced-russian-%E2%87%84-english-remote-medical-interpreter-opi-vri-at-multilingual-interpreters-and-translators-4440962949,Experienced Russian ⇄ English Remote Medical Interpreter (OPI/VRI),Multilingual Interpreters and Translators,posted,2026-07-15T18:08:13.628266,470
28d1e12691d93ec3,https://kg.linkedin.com/jobs/view/abudhabi-international-sports-exhibition-at-evx-event-management-4436679171,Abudhabi International Sports Exhibition,EVX Event Management,posted,2026-07-15T18:08:28.076066,472
e113b7b04000a1e6,https://kg.linkedin.com/jobs/view/commis-chef-at-alliance-visas-4439540509,COMMIS CHEF,Alliance Visas,posted,2026-07-15T18:09:18.179795,474
6bed90091624f6a4,https://kg.linkedin.com/jobs/view/data-analytics-engineering-trainee-at-epam-systems-4437681111,Data Analytics Engineering Trainee,EPAM Systems,posted,2026-07-15T18:09:42.246429,476
170275a0ff174730,https://kg.linkedin.com/jobs/view/senior-ai-devops-sre-at-epam-systems-4288869116,Senior AI DevOps/SRE,EPAM Systems,posted,2026-07-15T18:10:16.289173,478
30f7d8bed2e4c7db,https://kg.linkedin.com/jobs/view/senior-lead-sap-mm-consultant-at-epam-systems-4337462271,Senior/Lead SAP MM Consultant,EPAM Systems,posted,2026-07-15T18:10:28.034116,480
2843ff69b8b2ed39,https://kg.linkedin.com/jobs/view/senior-servicenow-business-analyst-at-epam-systems-4385449541,Senior ServiceNow Business Analyst,EPAM Systems,posted,2026-07-15T18:10:39.373301,482
ddd4bb88c1183cfd,https://kg.linkedin.com/jobs/view/g4s-s%C3%B8ger-sikkerhedsvagter-til-patrulje-i-%C3%A5rhus%E2%80%93-er-du-klar-p%C3%A5-en-aktiv-og-udfordrende-arbejdsdag%3F-at-g4s-4422497585,G4S søger Sikkerhedsvagter til Patrulje i Århus– Er du klar på en aktiv og udfordrende arbejdsdag?,G4S,posted,2026-07-15T18:10:54.454325,484
9b4fa4164bd8752e,https://kg.linkedin.com/jobs/view/remote-estonian-interpreter-at-language-services-associates-4312871887,Remote Estonian Interpreter,Language Services Associates,posted,2026-07-15T18:11:49.807985,486
9f60049cf1515b00,https://kg.linkedin.com/jobs/view/fluid-plant-equipment-operator-den-at-the-inland-group-of-companies-4440263950,Fluid Plant Equipment Operator - DEN,,scraped,2026-07-15T23:37:32.824475,
222d3e4048fbc132,https://kg.linkedin.com/jobs/view/alt-und-im-krieg-verlassen-mittlerer-osten-%E2%80%A2-gesundheitswesen-und-ern%C3%A4hrung-at-coworkers-4438438346,Alt und im Krieg verlassen - Mittlerer Osten • Gesundheitswesen und Ernährung,,scraped,2026-07-15T23:38:37.636095,
290276f20ec9e168,https://kg.linkedin.com/jobs/view/automated-testing-in-javascript-trainee-at-epam-systems-4424872018,Automated Testing in JavaScript Trainee,EPAM Systems,posted,2026-07-15T23:38:49.597723,392
fd0620b94d3c56ad,https://kg.linkedin.com/jobs/view/aws-systems-architect-at-epam-systems-4353062945,AWS Systems Architect,EPAM Systems,posted,2026-07-15T23:39:12.687391,488
55548070a42d31e1,https://kg.linkedin.com/jobs/view/%D0%B7%D0%B0%D0%BC%D0%B5%D1%81%D1%82%D0%B8%D1%82%D0%B5%D0%BB%D1%8C-%D0%B3%D0%BB%D0%B0%D0%B2%D0%BD%D0%BE%D0%B3%D0%BE-%D0%BC%D0%B5%D1%85%D0%B0%D0%BD%D0%B8%D0%BA%D0%B0-%D1%80%D1%83%D0%B4%D0%BD%D0%B8%D0%BA%D0%B0-at-alliance-altyn-gold-mining-company-4438062948,Заместитель главного механика рудника,,scraped,2026-07-15T23:39:29.073589,
1c471cac310a5d2d,https://kg.linkedin.com/jobs/view/international-audio-remote-danish-interpreters-at-language-services-associates-4312884426,International Audio Remote Danish Interpreters,Language Services Associates,posted,2026-07-15T23:39:47.381158,490
04b0cf0ec488fd18,https://kg.linkedin.com/jobs/view/senior-commercialization-engineer-packaging-manufacturing-at-michael-page-4440839119,Senior Commercialization Engineer (Packaging & Manufacturing),Michael Page,posted,2026-07-15T23:40:00.289083,492
c94501739acaaf57,https://kg.linkedin.com/jobs/view/data-analytics-engineering-trainee-at-epam-systems-4437672789,Data Analytics Engineering Trainee,EPAM Systems,posted,2026-07-15T23:40:13.288436,476
7feecf39feb504e0,https://kg.linkedin.com/jobs/view/senior-ai-python-engineer-%E2%80%93-life-sciences-domain-at-epam-systems-4360519216,Senior AI Python Engineer – Life Sciences Domain,EPAM Systems,posted,2026-07-15T23:40:21.034091,494
bf98e97de1a67a1a,https://kg.linkedin.com/jobs/view/staff-nurse-%E2%80%93-haematology-at-lister-fertility-clinic-4440295027,Staff Nurse – Haematology,,scraped,2026-07-16T07:39:07.779541,
1ab4686473893865,https://kg.linkedin.com/jobs/view/director-of-knowledge-management-at-cure-children-s-hospital-of-kenya-4441291639,Director of Knowledge Management,,scraped,2026-07-16T07:41:57.251399,
adc20412b36f9db1,https://kg.linkedin.com/jobs/view/uyghur-speakers-at-lilt-ai-4438068059,Uyghur Speakers,LILT AI,posted,2026-07-16T07:42:24.361172,496
933b7c8920eb78ac,https://kg.linkedin.com/jobs/view/senior-python-machine-learning-engineer-at-epam-systems-4288865375,Senior Python Machine Learning Engineer,EPAM Systems,posted,2026-07-16T07:43:02.787926,498
3255300ad98243cb,https://kg.linkedin.com/jobs/view/senior-functional-consultant-sap-mm-sd-with-retail-at-epam-systems-4347333716,Senior Functional Consultant (SAP MM / SD with Retail),EPAM Systems,posted,2026-07-16T07:43:12.719403,500
3d9612633ecf1e23,https://kg.linkedin.com/jobs/view/senior-python-data-engineer-at-epam-systems-4288861726,Senior Python Data Engineer,EPAM Systems,posted,2026-07-16T07:43:24.388257,502
1439cdfa1ae32c56,https://kg.linkedin.com/jobs/view/junior-tax-consultant-at-hlb-taxence-4437658475,Junior Tax Consultant,,scraped,2026-07-16T07:43:53.040695,
a264e78b0fa75f34,https://kg.linkedin.com/jobs/view/network-manager-ii-at-general-dynamics-information-technology-4441441515,Network Manager II,General Dynamics Information Technology,posted,2026-07-16T13:11:25.867915,504
1f743be07b350e41,https://kg.linkedin.com/jobs/view/controller-at-woodruff-arts-ctr-14th-st-4438446465,Controller,Woodruff Arts Ctr 14th St,posted,2026-07-16T13:11:50.832119,506
5255aa36cc6c2373,https://kg.linkedin.com/jobs/view/devops-tech-lead-manager-at-epam-systems-4398826379,DevOps Tech Lead/Manager,EPAM Systems,posted,2026-07-16T13:12:33.035757,508
3c53817085332749,https://kg.linkedin.com/jobs/view/sap-cloud-platform-developer-at-epam-systems-4289648393,SAP Cloud Platform Developer,EPAM Systems,posted,2026-07-16T13:12:44.790957,510
aca90b568b8b8d4f,https://kg.linkedin.com/jobs/view/lead-sap-fico-consultant-at-epam-systems-4388344781,Lead SAP FICO Consultant,EPAM Systems,posted,2026-07-16T13:12:49.758646,116
cb83c4d41bfdc80e,https://kg.linkedin.com/jobs/view/payments-solution-architect-at-epam-systems-4353474396,Payments Solution Architect,EPAM Systems,posted,2026-07-16T13:13:29.718331,512
24da97ccc9e3c6e7,https://kg.linkedin.com/jobs/view/senior-full-stack-python-engineer-at-epam-systems-4288862564,Senior Full Stack Python Engineer,EPAM Systems,posted,2026-07-16T13:13:40.365878,514
4716d3797f18268a,https://kg.linkedin.com/jobs/view/senior-java-backend-engineer-at-epam-systems-4289647761,Senior Java Backend Engineer,EPAM Systems,posted,2026-07-16T13:13:57.921028,516
788aff694adb4553,https://kg.linkedin.com/jobs/view/lead-devops-engineer-at-epam-systems-4288866517,Lead DevOps Engineer,EPAM Systems,posted,2026-07-16T13:14:21.841423,518
06a3f9abd6ab33b9,https://kg.linkedin.com/jobs/view/senior-scala-engineer-with-kotlin-at-epam-systems-4289656761,Senior Scala Engineer with Kotlin,EPAM Systems,posted,2026-07-16T13:14:52.211130,520
ef693d8309d1829c,https://kg.linkedin.com/jobs/view/%D0%BC%D0%B5%D0%BD%D0%B5%D0%B4%D0%B6%D0%B5%D1%80-%D0%BF%D0%BE-%D0%BF%D0%BE%D0%B4%D0%B1%D0%BE%D1%80%D1%83-%D0%BF%D0%B5%D1%80%D1%81%D0%BE%D0%BD%D0%B0%D0%BB%D0%B0-at-artistrazh-4441605986,Менеджер по подбору персонала,,scraped,2026-07-16T18:02:05.551407,
0708231ecbc0571a,https://kg.linkedin.com/jobs/view/remote-sinhala-interpreter-at-language-services-associates-4440275954,Remote Sinhala Interpreter,Language Services Associates,posted,2026-07-16T18:02:46.344567,522
227fe4526b5cdc09,https://kg.linkedin.com/jobs/view/ux-ui-%D0%B4%D0%B8%D0%B7%D0%B0%D0%B9%D0%BD%D0%B5%D1%80-junior%2B-at-artistrazh-4441608490,UX/UI дизайнер (Junior+),,scraped,2026-07-16T18:02:48.805617,
c46ca216d7705512,https://kg.linkedin.com/jobs/view/%D0%B1%D1%83%D1%85%D0%B3%D0%B0%D0%BB%D1%82%D0%B5%D1%80-at-artistrazh-4441619564,Бухгалтер,,scraped,2026-07-16T18:02:55.809516,
8896276cdb1d9baa,https://kg.linkedin.com/jobs/view/%D0%BC%D0%B5%D0%BD%D0%B5%D0%B4%D0%B6%D0%B5%D1%80-%D0%BF%D0%BE-%D0%BF%D0%BE%D0%B4%D0%B1%D0%BE%D1%80%D1%83-%D0%BF%D0%B5%D1%80%D1%81%D0%BE%D0%BD%D0%B0%D0%BB%D0%B0-at-artistrazh-4441622365,Менеджер по подбору персонала,,scraped,2026-07-16T18:03:02.647386,
79c50f7a9bde563b,https://kg.linkedin.com/jobs/view/%D1%83%D0%B4%D0%B0%D0%BB%D0%B5%D0%BD%D0%BD%D0%BE-%D0%BB%D0%BE%D0%B3%D0%B8%D1%81%D1%82-%D0%BF%D0%BE-%D0%BD%D0%B0%D1%91%D0%BC%D0%BD%D0%BE%D0%BC%D1%83-%D1%82%D1%80%D0%B0%D0%BD%D1%81%D0%BF%D0%BE%D1%80%D1%82%D1%83-at-artistrazh-4441614885,Удаленно - Логист по наёмному транспорту,,scraped,2026-07-16T18:03:09.392382,
6d5e44d5b3613bd9,https://kg.linkedin.com/jobs/view/%D1%82%D0%B5%D0%BD%D0%B4%D0%B5%D1%80%D0%BD%D1%8B%D0%B9-%D1%81%D0%BF%D0%B5%D1%86%D0%B8%D0%B0%D0%BB%D0%B8%D1%81%D1%82-at-artistrazh-4441606720,Тендерный специалист,,scraped,2026-07-16T18:03:16.308831,
6afe9d2674328484,https://kg.linkedin.com/jobs/view/mtc-k-information-system-security-officer-isso-%E2%80%93-secret-clearance-required-at-general-dynamics-information-technology-4441429950,MTC-K Information System Security Officer (ISSO) – Secret Clearance Required,General Dynamics Information Technology,posted,2026-07-16T18:03:36.010175,524
12e6a9984baa06a4,https://kg.linkedin.com/jobs/view/senior-ai-native-delivery-manager-at-epam-systems-4399032932,Senior AI-Native Delivery Manager,EPAM Systems,posted,2026-07-16T18:04:01.973784,526
9c1c0759b03d9e36,https://kg.linkedin.com/jobs/view/%D0%B4%D0%B8%D0%B7%D0%B0%D0%B9%D0%BD%D0%B5%D1%80-%D0%BD%D0%B0-%D1%82%D0%BA%D0%B0%D0%BD%D0%B8-%D1%86%D0%B8%D1%84%D1%80%D0%BE%D0%B2%D0%B0%D1%8F-%D0%BF%D0%B5%D1%87%D0%B0%D1%82%D1%8C-at-artistrazh-4441605692,"Дизайнер на ткани, цифровая печать",,scraped,2026-07-16T18:04:04.504031,
64cd11705c93a4ca,https://kg.linkedin.com/jobs/view/senior-technical-account-manager-emea-at-semgrep-4393211739,Senior Technical Account Manager (EMEA),Semgrep,posted,2026-07-16T18:04:17.784419,528
50a0c3358d572d42,https://kg.linkedin.com/jobs/view/dsam-data-systems-automation-manager-at-nhh-4439564610,DSAM: Data Systems & Automation Manager,,scraped,2026-07-16T18:04:44.464105,
031f5a66a9eddf3e,https://kg.linkedin.com/jobs/view/senior-security-and-networking-engineer-at-epam-systems-4437668871,Senior Security and Networking Engineer,EPAM Systems,posted,2026-07-16T18:04:56.365414,530
9ba224835cf10342,https://kg.linkedin.com/jobs/view/international-audio-video-remote-german-interpreter-at-language-services-associates-4424251993,International Audio/Video Remote German Interpreter,Language Services Associates,posted,2026-07-16T18:05:23.766153,532
e98aba5cccdb4b74,https://kg.linkedin.com/jobs/view/international-audio-video-remote-thai-interpreter-at-language-services-associates-4424258790,International Audio/Video Remote Thai Interpreter,Language Services Associates,posted,2026-07-16T18:05:34.468730,534
00aa9eb1bd834f67,https://kg.linkedin.com/jobs/view/sap-technical-engineering-manager-sap-fico-at-epam-systems-4289655797,SAP Technical Engineering Manager (SAP FICO),EPAM Systems,posted,2026-07-16T18:05:41.867206,536
f539ce067609ead9,https://kg.linkedin.com/jobs/view/%D0%B1%D1%83%D1%85%D0%B3%D0%B0%D0%BB%D1%82%D0%B5%D1%80-%D0%BD%D0%B0-%D1%81%D0%B0%D0%BC%D0%BE%D1%81%D1%82%D0%BE%D1%8F%D1%82%D0%B5%D0%BB%D1%8C%D0%BD%D1%8B%D0%B9-%D0%B1%D0%B0%D0%BB%D0%B0%D0%BD%D1%81-%D0%BF%D0%BE%D0%BB-%D1%81%D1%82%D0%B0%D0%B2%D0%BA%D0%B8-at-artistrazh-4441606919,Бухгалтер на самостоятельный баланс пол ставки,,scraped,2026-07-16T18:05:56.441673,
37eff278cecba9b1,https://kg.linkedin.com/jobs/view/%D1%80%D0%B5%D0%B3%D0%B8%D1%81%D1%82%D1%80%D0%B0%D1%82%D0%BE%D1%80-%D0%B4%D0%BE%D0%BA%D1%83%D0%BC%D0%B5%D0%BD%D1%82%D0%BE%D0%B2-at-artistrazh-4441606624,Регистратор документов,,scraped,2026-07-16T21:50:03.155966,
d6f8067c720c875d,https://kg.linkedin.com/jobs/view/%D1%81%D0%BF%D0%B5%D1%86%D0%B8%D0%B0%D0%BB%D0%B8%D1%81%D1%82-%D1%81%D0%BE%D0%BF%D1%80%D0%BE%D0%B2%D0%BE%D0%B6%D0%B4%D0%B5%D0%BD%D0%B8%D1%8F-at-artistrazh-4441605572,Специалист сопровождения,,scraped,2026-07-16T21:50:18.694645,
c5d7c6bd08ea759e,https://kg.linkedin.com/jobs/view/%D0%BC%D0%B5%D0%BD%D0%B5%D0%B4%D0%B6%D0%B5%D1%80-%D0%BF%D1%80%D0%BE%D0%B5%D0%BA%D1%82%D0%BE%D0%B2-ecommerce-at-artistrazh-4441629352,Менеджер проектов ecommerce,,scraped,2026-07-16T21:50:25.861982,
e23221dd8f0475c8,https://kg.linkedin.com/jobs/view/assistant-4438457634,Assistant,Elif holding,posted,2026-07-16T21:50:47.135768,538
a12027e0785d4aa1,https://kg.linkedin.com/jobs/view/data-officer-administrative-at-page-personnel-4438711844,Data Officer Administrative,,scraped,2026-07-16T21:51:05.772282,
c32ffc015f1cd91a,https://kg.linkedin.com/jobs/view/%D0%B1%D1%83%D1%85%D0%B3%D0%B0%D0%BB%D1%82%D0%B5%D1%80-at-artistrazh-4441620668,Бухгалтер,,scraped,2026-07-16T21:51:14.275194,
49d4a92b93e5f0cd,https://kg.linkedin.com/jobs/view/international-business-cert-at-sac-asian-pacific-student-program-4441437689,International Business - Cert.,"SAC, Asian Pacific Student Program",posted,2026-07-16T21:51:29.580630,540
5b97d7de86ef2bf9,https://kg.linkedin.com/jobs/view/%D1%81%D0%BF%D0%B5%D1%86%D0%B8%D0%B0%D0%BB%D0%B8%D1%81%D1%82-%D0%BF%D0%BE-%D1%81%D0%BE%D0%B7%D0%B4%D0%B0%D0%BD%D0%B8%D1%8E-%D0%BA%D0%B0%D1%80%D1%82%D0%BE%D1%87%D0%B5%D0%BA-%D1%82%D0%BE%D0%B2%D0%B0%D1%80%D0%B0-%D0%B2-1%D1%81-%D1%82%D0%BE%D1%80%D0%B3%D0%BE%D0%B2%D0%BB%D1%8F-8-3-at-artistrazh-4441611674,Специалист по созданию карточек товара в 1С торговля 8.3,,scraped,2026-07-16T21:51:32.070370,
34d0862e15832f27,https://kg.linkedin.com/jobs/view/%D1%81%D0%BF%D0%B5%D1%86%D0%B8%D0%B0%D0%BB%D0%B8%D1%81%D1%82-%D0%B2-%D0%BE%D1%82%D0%B4%D0%B5%D0%BB-%D1%8D%D0%BA%D1%81%D0%BF%D0%BB%D1%83%D0%B0%D1%82%D0%B0%D1%86%D0%B8%D0%B8-%D0%B8%D0%BD%D1%84%D0%BE%D1%80%D0%BC%D0%B0%D1%86%D0%B8%D0%BE%D0%BD%D0%BD%D1%8B%D1%85-%D1%81%D0%B8%D1%81%D1%82%D0%B5%D0%BC-at-artistrazh-4441620224,Специалист в отдел эксплуатации информационных систем,,scraped,2026-07-16T21:51:45.232008,
dd801195577aa7f4,https://kg.linkedin.com/jobs/view/%D0%BF%D0%BE%D0%BC%D0%BE%D1%89%D0%BD%D0%B8%D0%BA-%D0%BA%D0%B0%D0%B4%D0%B0%D1%81%D1%82%D1%80%D0%BE%D0%B2%D0%BE%D0%B3%D0%BE-%D0%B8%D0%BD%D0%B6%D0%B5%D0%BD%D0%B5%D1%80%D0%B0-%D0%B4%D0%BE%D0%BA%D1%83%D0%BC%D0%B5%D0%BD%D1%82%D0%BE%D0%BE%D0%B1%D0%BE%D1%80%D0%BE%D1%82-at-artistrazh-4441623292,Помощник кадастрового инженера (документооборот),,scraped,2026-07-16T21:51:52.282436,
73b678b2a8ffd6f2,https://kg.linkedin.com/jobs/view/%D0%B1%D1%80%D0%B5%D0%BD%D0%B4-%D0%BC%D0%B0%D1%80%D0%BA%D0%B5%D1%82%D0%BE%D0%BB%D0%BE%D0%B3-%D1%83%D0%B4%D0%B0%D0%BB%D0%B5%D0%BD%D0%BD%D0%BE-at-artistrazh-4441619588,Бренд-маркетолог( Удаленно),,scraped,2026-07-16T21:52:01.517914,
d988b366546637f7,https://kg.linkedin.com/jobs/view/devops-systems-engineering-manager-at-epam-systems-4288593050,DevOps Systems Engineering Manager,EPAM Systems,posted,2026-07-16T21:52:49.234417,542
7e783d3562daf5d6,https://kg.linkedin.com/jobs/view/key-account-executive-at-air-arabia-4432978768,Key Account Executive,,scraped,2026-07-17T06:37:24.388503,
a08b3ed072ea1195,https://kg.linkedin.com/jobs/view/senior-product-manager-remote-contract-at-infuse-4441612503,"Senior Product Manager (Remote, Contract)",INFUSE,posted,2026-07-17T06:37:42.810917,544
d5f3670414b78abe,https://kg.linkedin.com/jobs/view/senior-project-manager-remote-contract-at-infuse-4441642280,"Senior Project Manager (Remote, Contract)",INFUSE,posted,2026-07-17T06:37:53.469366,546
a1f86495db5279fa,https://kg.linkedin.com/jobs/view/souschef-at-g%C3%B6teborgsfamiljen-4441615652,Souschef,,scraped,2026-07-17T06:38:01.988157,
f0cd3169e1cd21bb,https://kg.linkedin.com/jobs/view/kok-32-40-uur-at-strandpaviljoen-paal-10-4438744552,Kok (32 - 40 uur),,scraped,2026-07-17T06:38:08.700978,
e08ad27ba8be385e,https://kg.linkedin.com/jobs/view/entry-level-recruitment-consultant-july-start-at-the-global-institute-for-health-and-human-rights-4441911373,Entry Level Recruitment Consultant - July Start,The Global Institute for Health and Human Rights,posted,2026-07-17T06:38:48.812429,548
49865483dc7e2635,https://kg.linkedin.com/jobs/view/%D0%BE%D0%BF%D0%B5%D1%80%D0%B0%D1%82%D0%BE%D1%80-%D1%82%D0%B5%D1%85%D0%BD%D0%B8%D1%87%D0%B5%D1%81%D0%BA%D0%BE%D0%B9-%D0%BF%D0%BE%D0%B4%D0%B4%D0%B5%D1%80%D0%B6%D0%BA%D0%B8-%D0%B2-%D1%87%D0%B0%D1%82%D0%B5-at-artistrazh-4441613501,Оператор технической поддержки в чате,,scraped,2026-07-17T06:38:53.347652,
eb65ca8a67d8c5dd,https://kg.linkedin.com/jobs/view/export-coordinator-at-page-personnel-4438778057,Export Coordinator,,scraped,2026-07-17T06:39:21.098716,
02e9c44bb7bd30a2,https://kg.linkedin.com/jobs/view/sr-customer-technical-support-specialist-at-ball-corporation-4441499884,Sr Customer Technical Support Specialist,Ball Corporation,posted,2026-07-17T06:39:43.410411,550
eb7908d3c4f36525,https://kg.linkedin.com/jobs/view/international-audio-video-remote-hmong-interpreter-at-language-services-associates-4424292943,International Audio/Video Remote Hmong Interpreter,Language Services Associates,posted,2026-07-17T06:40:37.784449,552
bea62fe307ad2991,https://kg.linkedin.com/jobs/view/fts-international-at-hired-in-michigan-community-empowerment-4441145398,FTS International,Hired In Michigan Community Empowerment,posted,2026-07-17T12:24:50.777490,554
5fa60e6b8936e00b,https://kg.linkedin.com/jobs/view/bek-secondary-maths-teachers-at-british-education-korea-4438763112,[BEK Secondary] Maths Teachers,,scraped,2026-07-17T12:25:01.337105,
7de5b5b6671ecbcc,https://kg.linkedin.com/jobs/view/national-operations-specialist-at-fao-4438794789,National Operations Specialist,,scraped,2026-07-17T12:25:11.064707,
e7a5a01adf07c35b,https://kg.linkedin.com/jobs/view/finops-lead-cloud-cost-management-at-epam-systems-4415269916,FinOps Lead - Cloud Cost Management,EPAM Systems,posted,2026-07-17T12:25:24.466987,556
1f4ad6ccc8402a1a,https://kg.linkedin.com/jobs/view/brewing-process-artisan-at-ab-inbev-africa-4441483669,BREWING PROCESS ARTISAN,,scraped,2026-07-17T12:25:57.136794,
a7d8766430825d80,https://kg.linkedin.com/jobs/view/%D1%80%D1%83%D0%BA%D0%BE%D0%B2%D0%BE%D0%B4%D0%B8%D1%82%D0%B5%D0%BB%D1%8C-%D0%BE%D1%82%D0%B4%D0%B5%D0%BB%D0%B0-%D0%BA%D0%BE%D0%BD%D1%82%D1%80%D0%BE%D0%BB%D1%8F-%D0%BA%D0%B0%D1%87%D0%B5%D1%81%D1%82%D0%B2%D0%B0-at-artistrazh-4441614679,Руководитель отдела контроля качества,,scraped,2026-07-17T12:26:17.610389,
e047e1e3b4e022fa,https://kg.linkedin.com/jobs/view/abap-tech-lead-at-epam-systems-4289649984,ABAP Tech Lead,EPAM Systems,posted,2026-07-17T12:26:32.386567,558
5c821f9539e894e1,https://kg.linkedin.com/jobs/view/lead-salesforce-developer-at-epam-systems-4288893068,Lead Salesforce Developer,EPAM Systems,posted,2026-07-17T12:26:39.803447,560
17d4dae39a9f722e,https://kg.linkedin.com/jobs/view/salesforce-technical-architect-at-epam-systems-4289614954,Salesforce Technical Architect,EPAM Systems,posted,2026-07-17T12:26:49.492501,562
71044273f77b17b8,https://kg.linkedin.com/jobs/view/senior-salesforce-consultant-at-epam-systems-4289617324,Senior Salesforce Consultant,EPAM Systems,posted,2026-07-17T12:27:14.897385,564
b3450ad236808350,https://kg.linkedin.com/jobs/view/senior-sap-bw-4hana-consultant-at-epam-systems-4338143274,Senior SAP BW/4HANA Consultant,EPAM Systems,posted,2026-07-17T12:27:22.453446,566
19ee1e3ad025a556,https://kg.linkedin.com/jobs/view/lead-abap-developer-with-mdg-knowledge-at-epam-systems-4289619433,Lead ABAP Developer with MDG knowledge,EPAM Systems,posted,2026-07-17T12:27:30.685959,568
98f9a55e3ffe41dc,https://kg.linkedin.com/jobs/view/software-engineering-manager-with-python-at-epam-systems-4288895252,Software Engineering Manager with Python,EPAM Systems,posted,2026-07-17T12:27:52.373866,570
0c13f11cde79ec73,https://kg.linkedin.com/jobs/view/senior-full-stack-react-%2B-node-js-engineer-at-epam-systems-4398894504,Senior Full-Stack (React + Node.js) Engineer,EPAM Systems,posted,2026-07-17T12:28:21.810665,572
247c6f0ea8cba7c4,https://kg.linkedin.com/jobs/view/senior-gcp-devops-engineer-at-epam-systems-4398264279,Senior GCP DevOps Engineer,EPAM Systems,posted,2026-07-17T12:28:38.558146,460
f9c633ed9221043c,https://kg.linkedin.com/jobs/view/ballast-control-room-operator-ongoing-rotation-jobs-1351-at-mypetrocareer-com-4438745918,"Ballast Control Room Operator (Ongoing Rotation), Jobs, 1351",,scraped,2026-07-17T17:54:18.947750,
65d3d867293d3d85,https://kg.linkedin.com/jobs/view/brewing-process-operator-at-ab-inbev-africa-4441487567,Brewing Process Operator,,scraped,2026-07-17T17:54:33.207074,
70eea7b226fd2dd3,https://kg.linkedin.com/jobs/view/packaging-operator-at-ab-inbev-africa-4441497220,PACKAGING OPERATOR,,scraped,2026-07-17T17:54:39.964529,
253b15656d44fb6f,https://kg.linkedin.com/jobs/view/pakistan-at-hasnain-4438068729,Pakistan,HASNAIN,posted,2026-07-17T17:55:04.903143,574
7c9aa2e3b6cdc8a4,https://kg.linkedin.com/jobs/view/sales-project-manager-premium-retail-solutions-m-w-d-at-michael-page-4441997619,Sales & Project Manager - Premium Retail Solutions (m/w/d),Michael Page,posted,2026-07-17T17:55:17.340170,576
ad7a2d7404d84495,https://kg.linkedin.com/jobs/view/sikkerhedsvagter-til-g4s-security-services-str%C3%B8get-k%C3%B8benhavn-k-at-g4s-4433015579,"Sikkerhedsvagter til G4S Security Services, Strøget, København K",G4S,posted,2026-07-17T17:55:35.237238,578
2e7b73d51086dc45,https://kg.linkedin.com/jobs/view/%D1%81%D0%BF%D0%B5%D1%86%D0%B8%D0%B0%D0%BB%D0%B8%D1%81%D1%82-%D0%BF%D0%BE-%D1%81%D1%82%D1%80%D0%B0%D1%85%D0%BE%D0%B2%D0%B0%D0%BD%D0%B8%D1%8E-at-rosgosstrakh-4439246561,Специалист по страхованию,,scraped,2026-07-17T17:55:39.653054,
b72fe2a483c88451,https://kg.linkedin.com/jobs/view/%D0%B4%D0%B1%D0%BE-%D0%B1%D0%B0%D0%BD%D0%BA%D1%82%D1%8B%D0%BD-%D1%81%D0%B0%D0%BD%D0%B0%D1%80%D0%B8%D0%BF%D1%82%D0%B8%D0%BA-%D0%BF%D1%80%D0%BE%D0%B4%D1%83%D0%BA%D1%82%D1%8B%D0%BB%D0%B0%D1%80%D1%8B-%D0%B1%D0%BE%D1%8E%D0%BD%D1%87%D0%B0-%D0%B4%D0%BE%D0%BB%D0%B1%D0%BE%D0%BE%D1%80-%D0%BC%D0%B5%D0%BD%D0%B5%D0%B4%D0%B6%D0%B5%D1%80%D0%B8-at-keremet-bank-4442119527,ДБО банктын санариптик продуктылары боюнча долбоор менеджери,KEREMET BANK,failed|wp_post_failed,2026-07-17T17:55:49.750698,
99cad2dc40259d52,https://kg.linkedin.com/jobs/view/pl-sql-pl%2B-%D0%B8%D1%88%D1%82%D0%B5%D0%BF-%D1%87%D1%8B%D0%B3%D1%83%D1%83%D0%BD%D1%83-%D0%B6%D2%AF%D1%80%D0%B3%D1%83%D0%B7%D2%AF%D2%AF-at-keremet-bank-4442128269,PL/SQL (PL+) иштеп чыгууну жүргузүү,KEREMET BANK,posted,2026-07-17T17:56:10.600494,580
cae661d88fa5d82a,https://kg.linkedin.com/jobs/view/remote-tibetan-interpreter-at-language-services-associates-4174684761,Remote Tibetan Interpreter,Language Services Associates,posted,2026-07-17T17:56:19.423531,582
c6dbf0e17f6eab70,https://kg.linkedin.com/jobs/view/consumer-trade-programs-effectiveness-specialist-kg-at-jti-4441134575,"Consumer & Trade programs effectiveness specialist, KG",JTI,posted,2026-07-17T17:56:57.862556,246
cf248b46b43a7a94,https://kg.linkedin.com/jobs/view/director-platform-engineering-at-singlestore-4432921181,"Director, Platform Engineering",SingleStore,posted,2026-07-17T17:57:11.096491,584
324165a1a6d2683d,https://kg.linkedin.com/jobs/view/senior-test-automation-engineer-in-java-at-epam-systems-4289621400,Senior Test Automation Engineer in Java,EPAM Systems,posted,2026-07-17T17:58:01.211369,586
f3b37162a670e193,https://kg.linkedin.com/jobs/view/engineering-manager-sap-cap-java-at-epam-systems-4385742083,"Engineering Manager, SAP CAP Java",EPAM Systems,posted,2026-07-17T17:58:26.739278,588
e982e78dc34c00b1,https://kg.linkedin.com/jobs/view/g4s-s%C3%B8ger-butiksdetektiver-i-k%C3%B8benhavn-at-g4s-4433026311,G4S søger Butiksdetektiver i København.,G4S,posted,2026-07-17T17:58:44.825698,590
4d1ce9ab31c3cffc,https://kg.linkedin.com/jobs/view/%D0%B0%D0%BA%D1%87%D0%B0-%D0%BA%D0%BE%D1%82%D0%BE%D1%80%D1%83%D1%83-%D1%81%D0%B8%D1%81%D1%82%D0%B5%D0%BC%D0%B0%D0%BB%D0%B0%D1%80%D1%8B-%D0%B1%D3%A9%D0%BB%D2%AF%D0%BC%D2%AF%D0%BD%D2%AF%D0%BD-%D0%B1%D0%B0%D1%88%D1%87%D1%8B%D1%81%D1%8B-at-keremet-bank-4442118515,Акча которуу системалары бөлүмүнүн башчысы,KEREMET BANK,failed|wp_post_failed,2026-07-17T21:11:36.618255,
284a2cf27b537dc2,https://kg.linkedin.com/jobs/view/%D0%B0%D0%B9%D0%BC%D0%B0%D0%BA%D1%82%D1%8B%D0%BA-%D0%BE%D0%BF%D0%B5%D1%80%D0%B0%D1%86%D0%B8%D0%B0%D0%BB%D1%8B%D0%BA-%D0%B1%D0%B0%D1%88%D0%BA%D0%B0%D1%80%D0%BC%D0%B0%D0%BB%D1%8B%D0%BA%D1%82%D1%8B%D0%BD-%D0%BC%D0%B5%D0%BD%D0%B5%D0%B4%D0%B6%D0%B5%D1%80%D0%B8-at-keremet-bank-4442110968,Аймактык операциалык башкармалыктын менеджери,KEREMET BANK,failed|wp_post_failed,2026-07-17T21:11:42.794183,
f76fe157f7798466,https://kg.linkedin.com/jobs/view/%D0%BC%D0%B5%D0%BD%D0%B5%D0%B4%D0%B6%D0%B5%D1%80-%D0%BA%D0%B0%D1%81%D1%81%D0%B8%D1%80-%D0%BE%D1%88-%D1%88-at-keremet-bank-4442110972,Менеджер-кассир (Ош ш.),KEREMET BANK,posted,2026-07-17T21:11:55.055692,592
1ec5875f069edce2,https://kg.linkedin.com/jobs/view/%D0%BC%D0%B5%D0%BD%D0%B5%D0%B4%D0%B6%D0%B5%D1%80-%D0%BF%D0%BE-%D1%80%D0%B0%D0%B1%D0%BE%D1%82%D0%B5-%D1%81-%D0%BA%D0%BB%D0%B8%D0%B5%D0%BD%D1%82%D0%B0%D0%BC%D0%B8-%D0%B2-%D1%87%D0%B0%D1%82%D0%B5-%D0%B1%D0%B5%D0%B7-%D0%B7%D0%B2%D0%BE%D0%BD%D0%BA%D0%BE%D0%B2-at-artistrazh-4442129379,Менеджер по работе с клиентами в чате (без звонков),,scraped,2026-07-17T21:12:03.465582,
c5e75208b8eda162,https://kg.linkedin.com/jobs/view/sales-executive-kyrgyzstan-at-glovo-4441319828,Sales Executive Kyrgyzstan,,scraped,2026-07-17T21:12:10.346866,
890eb7a81d25181a,https://kg.linkedin.com/jobs/view/solution-architect-ai-at-epam-systems-4353633592,Solution Architect (AI),EPAM Systems,posted,2026-07-17T21:12:56.656616,594
18498a96394ee89d,https://kg.linkedin.com/jobs/view/senior-test-automation-engineer-in-python-at-epam-systems-4288586668,Senior Test Automation Engineer in Python,EPAM Systems,posted,2026-07-17T21:13:11.859430,596
d4cb138bff59c126,https://kg.linkedin.com/jobs/view/senior-dynamics-crm-functional-consultant-at-epam-systems-4396431926,Senior Dynamics CRM Functional Consultant,EPAM Systems,posted,2026-07-17T21:13:59.625420,598
9d1ff6c516f26658,https://kg.linkedin.com/jobs/view/cloudflare-developer-platform-engineer-at-epam-systems-4427337330,"Cloudflare Developer, Platform Engineer",EPAM Systems,posted,2026-07-17T21:14:23.318761,600
cc01635d37311ba4,https://kg.linkedin.com/jobs/view/paid-internship-opportunities-with-the-united-nations-at-scholarships-in-australia-4439586283,Paid internship opportunities with the United Nations,,scraped,2026-07-18T05:59:04.224844,
060334920806df0b,https://kg.linkedin.com/jobs/view/%D0%B8%D1%80%D0%B8-%D0%BA%D0%B0%D1%80%D0%B4%D0%B0%D1%80%D0%BB%D0%B0%D1%80-%D0%BC%D0%B5%D0%BD%D0%B5%D0%BD-%D0%B8%D1%88%D1%82%D3%A9%D3%A9-%D2%AF%D1%87%D2%AF%D0%BD-%D1%84%D0%B8%D0%BB%D0%B8%D0%B0%D0%BB%D0%B4%D1%8B%D0%BD-%D0%BE%D0%BF%D0%B5%D1%80%D0%B0%D1%86%D0%B8%D1%8F%D0%BB%D0%B0%D1%80-%D0%B1%D3%A9%D0%BB%D2%AF%D0%BC%D2%AF%D0%BD%D2%AF%D0%BD-%D0%BC%D0%B5%D0%BD%D0%B5%D0%B4%D0%B6%D0%B5%D1%80%D0%B8-at-keremet-bank-4442117588,Ири кардарлар менен иштөө үчүн филиалдын Операциялар бөлүмүнүн менеджери,KEREMET BANK,failed|wp_post_failed,2026-07-18T05:59:17.642759,
44ff4592182df7db,https://kg.linkedin.com/jobs/view/%D0%BA%D1%80%D0%B5%D0%B4%D0%B8%D1%82%D1%82%D3%A9%D3%A9-%D0%B1%D0%B0%D1%88%D0%BA%D0%B0%D1%80%D0%BC%D0%B0%D0%BB%D1%8B%D0%B3%D1%8B%D0%BD%D1%8B%D0%BD-%D0%B0%D0%B9%D0%BC%D0%B0%D0%BA%D1%82%D1%8B%D0%BA-%D0%BC%D0%B5%D0%BD%D0%B5%D0%B4%D0%B6%D0%B5%D1%80%D0%B8-%D0%BA%D1%8B%D0%B7%D0%BC%D0%B0%D1%82%D1%8B%D0%BD%D0%B0-%D0%BA%D1%8B%D0%B7%D0%BC%D0%B0%D1%82%D0%BA%D0%B5%D1%80%D0%B8-at-keremet-bank-4442121422,Кредиттөө башкармалыгынын аймактык менеджери кызматына кызматкери,KEREMET BANK,failed|wp_post_failed,2026-07-18T05:59:23.775255,
88fcc96e098a4aa5,https://kg.linkedin.com/jobs/view/%D1%81%D0%BF%D0%B5%D1%86%D0%B8%D0%B0%D0%BB%D0%B8%D1%81%D1%82-%D1%87%D0%B0%D1%82-%D0%BF%D0%BE%D0%B4%D0%B4%D0%B5%D1%80%D0%B6%D0%BA%D0%B8-at-artistrazh-4442121945,Специалист чат-поддержки,,scraped,2026-07-18T05:59:30.179392,
6323247e781cd265,https://kg.linkedin.com/jobs/view/%D1%81%D0%B0%D1%82%D1%8B%D0%BF-%D0%B0%D0%BB%D1%83%D1%83%D0%BB%D0%B0%D1%80-%D1%81%D0%B5%D0%BA%D1%82%D0%BE%D1%80%D1%83%D0%BD%D0%B4%D0%B0-%D1%81%D0%B0%D1%82%D1%8B%D0%BF-%D0%B0%D0%BB%D1%83%D1%83%D0%BB%D0%B0%D1%80-%D0%B1%D0%BE%D1%8E%D0%BD%D1%87%D0%B0-%D0%B0%D0%B4%D0%B8%D1%81-at-keremet-bank-4442122395,Сатып алуулар секторунда сатып алуулар боюнча адис,KEREMET BANK,failed|wp_post_failed,2026-07-18T05:59:38.595118,
434a7e5b367ce412,https://kg.linkedin.com/jobs/view/%D0%BC%D0%B5%D0%BD%D0%B5%D0%B4%D0%B6%D0%B5%D1%80-%D0%BC%D0%B0%D1%80%D0%BA%D0%B5%D1%82%D0%BF%D0%BB%D0%B5%D0%B9%D1%81%D0%BE%D0%B2-%D0%BC%D0%B5%D0%BD%D0%B5%D0%B4%D0%B6%D0%B5%D1%80-wildberries-at-artistrazh-4442120841,Менеджер маркетплейсов/ Менеджер Wildberries,,scraped,2026-07-18T05:59:43.192705,
eccc2f6672222de3,https://kg.linkedin.com/jobs/view/head-of-commerce-at-yango-4441158779,Head of Commerce,Yango,posted,2026-07-18T06:00:01.541702,602
32c02f1f96335b97,https://kg.linkedin.com/jobs/view/software-functional-testing-trainee-at-epam-systems-4358811901,Software Functional Testing Trainee,EPAM Systems,posted,2026-07-18T06:00:26.315105,604
7306d9d13f13b7fb,https://kg.linkedin.com/jobs/view/middle-senior-python-%D1%80%D0%B0%D0%B7%D1%80%D0%B0%D0%B1%D0%BE%D1%82%D1%87%D0%B8%D0%BA-at-artistrazh-4442134185,Middle/Senior Python разработчик,,scraped,2026-07-18T06:00:32.765210,
7589651265c29da7,https://kg.linkedin.com/jobs/view/call-for-technical-experts-proposal-writers-consultants-at-plan-international-at-scholarship-avenue-4441195020,Call for Technical Experts/Proposal Writers (Consultants) at Plan International,,scraped,2026-07-18T06:00:39.693678,
8427f9c8a3548265,https://kg.linkedin.com/jobs/view/creative-design-lead-marketing-campaigns-at-duckduckgo-4441114132,Creative Design Lead (Marketing Campaigns),DuckDuckGo,posted,2026-07-18T06:00:58.788243,606
aee4341a8aba4723,https://kg.linkedin.com/jobs/view/senior-business-analyst-in-life-science-domain-at-epam-systems-4289643661,Senior Business Analyst in Life Science domain,EPAM Systems,posted,2026-07-18T06:01:10.394818,608
f2b5c7effddecce4,https://kg.linkedin.com/jobs/view/network-engineer-senior-at-general-dynamics-information-technology-4433505470,Network Engineer Senior,General Dynamics Information Technology,posted,2026-07-18T06:01:43.161893,462
db4ae030a50afeec,https://kg.linkedin.com/jobs/view/network-engineer-senior-at-general-dynamics-information-technology-4433399928,Network Engineer Senior,General Dynamics Information Technology,scraped,2026-07-18T06:01:49.249363,
fa9dacc7d00b549e,https://kg.linkedin.com/jobs/view/international-audio-video-remote-lao-loatian-interpreter-at-language-services-associates-4424271271,International Audio/Video Remote Lao/Loatian Interpreter,Language Services Associates,posted,2026-07-18T06:01:59.372701,610
ce2afc959f97bd73,https://kg.linkedin.com/jobs/view/senior-abap-developer-at-epam-systems-4289619012,Senior ABAP Developer,EPAM Systems,posted,2026-07-18T06:02:19.079248,612
d08e0837f6c9c56b,https://kg.linkedin.com/jobs/view/senior-ai-engineer-with-net-at-epam-systems-4426818025,Senior AI Engineer with .NET,EPAM Systems,posted,2026-07-18T06:02:32.540526,614
08a33333b14582b5,https://kg.linkedin.com/jobs/view/head-of-finance-at-artistrazh-4442425948,Head of Finance,,scraped,2026-07-18T10:51:08.672873,
ac605cc6b743d233,https://kg.linkedin.com/jobs/view/%D1%81%D0%BF%D0%B5%D1%86%D0%B8%D0%B0%D0%BB%D0%B8%D1%81%D1%82-%D0%BF%D0%BE-%D1%8D%D0%B4%D0%BE-%D0%B2-%D0%BE%D1%82%D0%B4%D0%B5%D0%BB%D0%B5-%D0%BB%D0%BE%D0%B3%D0%B8%D1%81%D1%82%D0%B8%D0%BA%D0%B8-at-artistrazh-4442134703,Специалист по ЭДО в отделе логистики,,scraped,2026-07-18T10:51:47.619080,
6534d259f4082a3f,https://kg.linkedin.com/jobs/view/%D0%BA%D0%BE%D1%80%D1%80%D0%B5%D1%81%D0%BF%D0%BE%D0%BD%D0%B4%D0%B5%D0%BD%D1%82%D1%82%D0%B8%D0%BA-%D0%BC%D0%B0%D0%BC%D0%B8%D0%BB%D0%B5%D0%BB%D0%B5%D1%80-%D0%B1%D3%A9%D0%BB%D2%AF%D0%BC%D2%AF%D0%BD%D2%AF%D0%BD-%D0%B6%D0%B5%D1%82%D0%B5%D0%BA%D1%82%D3%A9%D3%A9%D1%87%D2%AF-%D0%B0%D0%B4%D0%B8%D1%81%D0%B8-at-keremet-bank-4442110970,Корреспонденттик мамилелер бөлүмүнүн жетектөөчү адиси,KEREMET BANK,failed|wp_post_failed,2026-07-18T10:52:18.063254,
5b1ef22390f1b370,https://kg.linkedin.com/jobs/view/sofcom-network-administrator-at-general-dynamics-information-technology-4433082145,SOFCOM Network Administrator,General Dynamics Information Technology,posted,2026-07-18T10:52:28.841031,616
aa04dc3bdcae1806,https://kg.linkedin.com/jobs/view/lead-gcp-devops-engineer-at-epam-systems-4288887834,Lead GCP DevOps Engineer,EPAM Systems,posted,2026-07-18T10:53:14.368247,618
c6405c104ddc8772,https://kg.linkedin.com/jobs/view/lead-ai-engineer-java-with-claude-code-at-epam-systems-4399022765,Lead AI Engineer - Java with Claude Code,EPAM Systems,posted,2026-07-18T10:53:23.847886,620
77766dcf117cd3f9,https://kg.linkedin.com/jobs/view/kok-32-40-uur-at-bij-marc-b-v-4439281591,Kok (32 - 40 uur),Bij Marc B.V.,posted,2026-07-18T15:38:03.331318,622
b10ddf838c337664,https://kg.linkedin.com/jobs/view/sap-s-4hana-public-cloud-solution-architect-at-epam-systems-4430425677,SAP S/4HANA Public Cloud Solution Architect,EPAM Systems,posted,2026-07-18T15:38:54.819750,624
ad17418a3def56ad,https://kg.linkedin.com/jobs/view/montessori-certified-primary-lead-at-cadence-education-4441381553,Montessori Certified Primary Lead,Cadence Education,posted,2026-07-18T19:58:01.325208,626
41846b5b1b0919d8,https://kg.linkedin.com/jobs/view/loom-zoom-and-the-art-of-the-value-update-%21-at-fr-iends-4life-4442488384,"Loom, Zoom, and the Art of the ""Value Update""!",Fr.iends 4Life,posted,2026-07-18T22:43:10.523969,628
9136b9f0bfecae6d,https://kg.linkedin.com/jobs/view/brand-marketing-services-associate-at-glovo-4432639575,Brand Marketing Services Associate,,scraped,2026-07-18T22:43:31.065329,
bfa8759d9d528d83,https://kg.linkedin.com/jobs/view/c%23-net-%D0%B8%D1%88%D1%82%D0%B5%D0%BF-%D1%87%D1%8B%D0%B3%D1%83%D1%83%D1%87%D1%83-at-keremet-bank-4442115763,C#/.NET-иштеп чыгуучу,KEREMET BANK,posted,2026-07-18T22:43:46.647094,630
15661da676aa9a01,https://kg.linkedin.com/jobs/view/juniopr-developer-%D0%B0%D0%B1%D1%81-%D1%86%D1%84%D1%82-%D0%B1%D0%B0%D0%BD%D0%BA-at-keremet-bank-4442121426,Juniopr developer (АБС ЦФТ-Банк),KEREMET BANK,posted,2026-07-18T22:43:56.998420,632
eab84a68192f900c,https://kg.linkedin.com/jobs/view/tutor-professional-training-in-supply-and-procurement-f-j-wilson-at-guardian-jobs-4441141995,"Tutor - Professional training in supply and procurement, F.J. WILSON",,scraped,2026-07-18T22:43:59.596338,
74fe8e3123206082,https://kg.linkedin.com/jobs/view/software-functional-testing-trainee-at-epam-systems-4359531023,Software Functional Testing Trainee,EPAM Systems,posted,2026-07-18T22:44:08.446172,604
749e1f3edc784493,https://kg.linkedin.com/jobs/view/%D1%81%D0%B8%D1%81%D1%82%D0%B5%D0%BC%D0%BD%D1%8B%D0%B9-%D0%B0%D0%B4%D0%BC%D0%B8%D0%BD%D0%B8%D1%81%D1%82%D1%80%D0%B0%D1%82%D0%BE%D1%80-linux-%D0%B2%D0%BE%D0%B7%D0%BC%D0%BE%D0%B6%D0%B5%D0%BD-%D1%83%D0%B4%D0%B0%D0%BB%D0%B5%D0%BD%D0%BD%D1%8B%D0%B9-%D1%84%D0%BE%D1%80%D0%BC%D0%B0%D1%82-at-artistrazh-4442473707,Системный администратор Linux (возможен удаленный формат),,scraped,2026-07-18T22:44:10.878803,
3a5b206bc7138b24,https://kg.linkedin.com/jobs/view/asap-head-of-group-fp-a-m-w-d-100%25-at-michael-page-4441481907,ASAP: Head of Group FP&A (m/w/d) 100%,Michael Page,posted,2026-07-18T22:44:28.617144,634
fbc78e26da597c94,https://kg.linkedin.com/jobs/view/international-audio-video-remote-tagalog-interpreter-at-language-services-associates-4424291985,International Audio/Video Remote Tagalog Interpreter,Language Services Associates,posted,2026-07-18T22:44:37.276850,636
469996a044d42349,https://kg.linkedin.com/jobs/view/%D0%BD%D0%B0%D1%81%D1%8B%D1%8F-%D0%B1%D0%BE%D1%8E%D0%BD%D1%87%D0%B0-%D0%B0%D0%B4%D0%B8%D1%81-at-ojsc-dos-%D1%81redobank-%E2%80%8B-%D0%BE%D0%B0%D0%BE-%D0%B4%D0%BE%D1%81-%D0%BA%D1%80%D0%B5%D0%B4%D0%BE%D0%B1%D0%B0%D0%BD%D0%BA-%E2%80%8B-4441757065,Насыя боюнча адис,,scraped,2026-07-19T08:04:41.652703,
ebd8b7bb9d29cd9e,https://kg.linkedin.com/jobs/view/ukranian-interpreter-at-kreato-global-bpo-and-language-solutions-4438727877,Ukranian Interpreter,Kreato Global | BPO and Language Solutions,posted,2026-07-19T08:05:05.811376,638
84deee99ca8020ae,https://kg.linkedin.com/jobs/view/java-development-trainee-at-epam-systems-4417624579,Java Development Trainee,EPAM Systems,posted,2026-07-19T08:05:15.303990,640
68a12769ff74ccc8,https://kg.linkedin.com/jobs/view/international-remote-telephonic-chin-interpreters-at-language-services-associates-4405048136,International Remote Telephonic Chin Interpreters,Language Services Associates,posted,2026-07-19T08:05:28.600689,642
161d9130db39d502,https://kg.linkedin.com/jobs/view/senior-liability-examiner-hybrid-toronto-on-at-international-programs-group-4441348538,"Senior Liability Examiner - Hybrid - Toronto, ON",,scraped,2026-07-19T08:05:39.236116,
edf0cfd0825b23d0,https://kg.linkedin.com/jobs/view/graphic-designer-reprographics-technician-ts-sci-with-polygraph-at-general-dynamics-information-technology-4338662121,Graphic Designer / Reprographics Technician - TS/SCI with Polygraph,General Dynamics Information Technology,posted,2026-07-19T08:06:04.608940,644
5d760e51518596da,https://kg.linkedin.com/jobs/view/sharepoint-administrator-knowledge-management-specialist-at-general-dynamics-information-technology-4415334670,SharePoint Administrator/ Knowledge Management Specialist,General Dynamics Information Technology,posted,2026-07-19T11:43:11.835858,646
923703ee69e7b935,https://kg.linkedin.com/jobs/view/mtc-k-communications-manager-comms-manager-%E2%80%93-secret-clearance-required-at-general-dynamics-information-technology-4442474416,MTC-K Communications Manager (Comms Manager) – Secret Clearance Required,General Dynamics Information Technology,posted,2026-07-19T11:43:41.652366,648
5bac8319eea54d50,https://kg.linkedin.com/jobs/view/lead-ai-engineer-at-epam-systems-4427829690,Lead AI Engineer,EPAM Systems,posted,2026-07-19T11:43:46.624114,296
a59858b3da07ef80,https://kg.linkedin.com/jobs/view/lead-net-ai-developer-at-epam-systems-4416814282,Lead .NET AI Developer,EPAM Systems,posted,2026-07-19T11:43:54.849041,650
03243ae33a8bdd43,https://kg.linkedin.com/jobs/view/drsn-telecommunications-analyst-ts-sci-at-general-dynamics-information-technology-4396579265,DRSN Telecommunications Analyst (TS/SCI),General Dynamics Information Technology,posted,2026-07-19T11:44:10.419765,652
222c8708c657562f,https://kg.linkedin.com/jobs/view/sap-basis-architect-at-epam-systems-4430428768,SAP Basis Architect,EPAM Systems,posted,2026-07-19T11:44:18.779599,654
a5526034c2cff478,https://kg.linkedin.com/jobs/view/physical-security-assistant-ts-sci-with-polygraph-at-general-dynamics-information-technology-4339106501,Physical Security Assistant - TS/SCI with Polygraph,General Dynamics Information Technology,posted,2026-07-19T11:44:28.355562,656
9cb584c4f2cabf87,https://kg.linkedin.com/jobs/view/sap-bw-4hana-consultant-at-epam-systems-4338162662,SAP BW/4HANA Consultant,EPAM Systems,posted,2026-07-19T15:36:00.791196,658
b86fec401e142d4d,https://kg.linkedin.com/jobs/view/lead-database-migration-specialist-at-epam-systems-4427843196,Lead Database Migration Specialist,EPAM Systems,posted,2026-07-19T15:36:52.612897,660
d9794be9be6d691e,https://kg.linkedin.com/jobs/view/%D0%BA%D0%BE%D1%80%D1%80%D0%B5%D1%81%D0%BF%D0%BE%D0%BD%D0%B4%D0%B5%D0%BD%D1%82%D1%82%D0%B8%D0%BA-%D0%BC%D0%B0%D0%BC%D0%B8%D0%BB%D0%B5%D0%BB%D0%B5%D1%80-%D0%B1%D3%A9%D0%BB%D2%AF%D0%BC%D2%AF%D0%BD%D2%AF%D0%BD-%D0%B1%D0%B0%D1%88%D0%BA%D1%8B-%D0%B0%D0%B4%D0%B8%D1%81%D0%B8-at-keremet-bank-4442112957,Корреспонденттик мамилелер бөлүмүнүн башкы адиси,KEREMET BANK,failed|wp_post_failed,2026-07-19T20:12:47.398712,
687cbc7b89601a73,https://kg.linkedin.com/jobs/view/%D1%81%D0%BF%D0%B5%D1%86%D0%B8%D0%B0%D0%BB%D0%B8%D1%81%D1%82-%D1%82%D0%B5%D1%85%D0%BD%D0%B8%D1%87%D0%B5%D1%81%D0%BA%D0%BE%D0%B9-%D0%BF%D0%BE%D0%B4%D0%B4%D0%B5%D1%80%D0%B6%D0%BA%D0%B8-at-artistrazh-4442143325,Специалист технической поддержки,,scraped,2026-07-19T20:12:49.848100,
74b31f1f67c8b9b7,https://kg.linkedin.com/jobs/view/%D0%B3%D0%BB%D0%B0%D0%B2%D0%BD%D1%8B%D0%B9-%D1%81%D0%BF%D0%B5%D1%86%D0%B8%D0%B0%D0%BB%D0%B8%D1%81%D1%82-at-national-bank-of-the-kyrgyz-republic-4439682469,Главный специалист,National Bank of the Kyrgyz Republic,failed|wp_post_failed,2026-07-19T20:13:21.069811,
aec48d52ae3aeb9d,https://kg.linkedin.com/jobs/view/senior-ai-engineer-with-aws-bedrock-at-epam-systems-4427836544,Senior AI Engineer with AWS Bedrock,EPAM Systems,posted,2026-07-19T20:14:05.569776,662
4c9dc8857c5c5c40,https://kg.linkedin.com/jobs/view/senior-full-stack-abap-ui5-developer-at-epam-systems-4289660013,Senior Full Stack ABAP/UI5 Developer,EPAM Systems,posted,2026-07-19T20:14:13.382408,664
7c955ac24a88495d,https://kg.linkedin.com/jobs/view/international-audio-video-remote-korean-interpreter-at-language-services-associates-4405050116,International Audio/Video Remote Korean Interpreter,Language Services Associates,posted,2026-07-19T20:14:26.042242,666
5f87f8227adec0e6,https://kg.linkedin.com/jobs/view/international-business-at-centro-de-estudios-territoriales-uandes-4441779973,International Business,,scraped,2026-07-20T08:30:28.306911,
c2d6819c74c72724,https://kg.linkedin.com/jobs/view/stellenanzeige-edico-equipment-vertriebs-einkaufsassistent-b2b-international%C2%A0-at-institut-f%C3%BCr-fremdsprachen-und-auslandsstudien-bei-der-fau-erlangen-n%C3%BCrnberg-e-v-4439679819,Stellenanzeige_edico Equipment_Vertriebs- & Einkaufsassistent B2B International,Institut für Fremdsprachen und Auslandsstudien bei der FAU Erlangen-Nürnberg e.V.,posted,2026-07-20T08:31:12.562991,668
658f6934eac74aa6,https://kg.linkedin.com/jobs/view/java-development-trainee-at-epam-systems-4417608977,Java Development Trainee,EPAM Systems,posted,2026-07-20T08:31:19.423563,640
2b312b81e5d86180,https://kg.linkedin.com/jobs/view/international-remote-bassa-interpreter-at-language-services-associates-4312889267,International Remote Bassa Interpreter,Language Services Associates,posted,2026-07-20T08:31:42.511184,670
8613b61574885bac,https://kg.linkedin.com/jobs/view/software-functional-testing-trainee-at-epam-systems-4358051913,Software Functional Testing Trainee,EPAM Systems,posted,2026-07-20T08:31:49.353421,604
10fe4a6e62f1f025,https://kg.linkedin.com/jobs/view/technical-program-manager-auto-moto-at-salmon-group-ltd-4424620309,Technical Program Manager (Auto & Moto),,scraped,2026-07-20T08:31:54.038253,
452219578c6a1684,https://kg.linkedin.com/jobs/view/technical-ai-consultant-at-epam-systems-4344269293,Technical AI Consultant,EPAM Systems,posted,2026-07-20T08:32:07.674813,316
1ff9ac07e215f589,https://kg.linkedin.com/jobs/view/demand-planner-kz-kg-at-glovo-4442073759,Demand Planner - KZ/KG,,scraped,2026-07-20T16:11:36.367128,
45d3bd005c672a70,https://kg.linkedin.com/jobs/view/international-consultant-%E2%80%93-five-year-strategic-plan-preparation-at-bioguinea-foundation-4442044177,International Consultant – Five year strategic plan preparation,,scraped,2026-07-20T16:11:54.903949,
9b7735a9348b2632,https://kg.linkedin.com/jobs/view/java-development-trainee-at-epam-systems-4417621751,Java Development Trainee,EPAM Systems,posted,2026-07-20T16:12:11.091165,640
1705fe9d5edfbc9f,https://kg.linkedin.com/jobs/view/international-audio-video-remote-fuzhou-cantonese-interpreter-at-language-services-associates-4405042225,International Audio/Video Remote Fuzhou/Cantonese Interpreter,Language Services Associates,posted,2026-07-20T16:12:47.596567,672
b8dcdb8c1b4f5a9c,https://kg.linkedin.com/jobs/view/international-audio-video-remote-arabic-interpreters-at-language-services-associates-4424275049,International Audio/Video Remote Arabic Interpreters,Language Services Associates,posted,2026-07-20T21:57:39.211049,674
4ccf5f9cbd56001c,https://kg.linkedin.com/jobs/view/intelligent-automation-solution-architect-at-epam-systems-4397025914,Intelligent Automation Solution Architect,EPAM Systems,posted,2026-07-20T21:58:21.458088,676
4ef86968178ae447,https://kg.linkedin.com/jobs/view/php-developer-at-btab-group-4442740221,PHP Developer,,scraped,2026-07-21T07:49:25.993390,
fb8a127cec56988e,https://kg.linkedin.com/jobs/view/%D0%B2%D0%B8%D0%B4%D0%B5%D0%BE%D0%BC%D0%BE%D0%BD%D1%82%D0%B0%D0%B6%D1%91%D1%80-youtube-%D1%80%D0%BE%D0%BB%D0%B8%D0%BA%D0%BE%D0%B2-at-artistrazh-4442531860,Видеомонтажёр YouTube роликов,,scraped,2026-07-21T07:49:34.120652,
a3c9166a46b225ed,https://kg.linkedin.com/jobs/view/%D0%B4%D0%B8%D0%B7%D0%B0%D0%B9%D0%BD%D0%B5%D1%80-%D0%BC%D0%B0%D0%BA%D0%B5%D1%82%D0%BE%D0%B2-%D0%B4%D0%BB%D1%8F-%D0%BC%D0%B0%D1%88%D0%B8%D0%BD%D0%BD%D0%BE%D0%B9-%D0%B2%D1%8B%D1%88%D0%B8%D0%B2%D0%BA%D0%B8-at-artistrazh-4442560821,Дизайнер макетов для машинной вышивки,,scraped,2026-07-21T07:49:41.112857,
3b5963301fd2f620,https://kg.linkedin.com/jobs/view/dashboard-developer-at-pls-4442734476,Dashboard Developer,PLS,posted,2026-07-21T07:50:21.864873,678
f3318e859554b886,https://kg.linkedin.com/jobs/view/platform-sre-engineer-at-claven-4426492125,Platform (SRE) Engineer,Claven,posted,2026-07-21T07:50:29.919703,680
5db162bcec6d5393,https://kg.linkedin.com/jobs/view/senior-full-stack-engineer-team-lead-go-%2B-react-at-sporting-rock-gmbh-4443084623,Senior Full-Stack Engineer / Team Lead (Go + React),Sporting Rock GmbH,posted,2026-07-21T07:50:40.790156,682
c6b00d53093508f9,https://kg.linkedin.com/jobs/view/senior-integration-engineer-at-epam-systems-4417623325,Senior Integration Engineer,EPAM Systems,posted,2026-07-21T07:51:14.165091,684
0b4350c2b2be7403,https://kg.linkedin.com/jobs/view/physical-security-assistant-ts-sci-with-polygraph-at-general-dynamics-information-technology-4338514873,Physical Security Assistant - TS/SCI with Polygraph,General Dynamics Information Technology,posted,2026-07-21T07:51:23.026168,656
9636563a5ab4e525,https://kg.linkedin.com/jobs/view/online-english-teacher-%E2%80%93-remote-at-tefl-hero-4443079655,Online English Teacher – Remote,TEFL Hero,posted,2026-07-21T13:09:06.658172,686
fac0cd8778402c50,https://kg.linkedin.com/jobs/view/java-development-trainee-at-epam-systems-4417623556,Java Development Trainee,EPAM Systems,posted,2026-07-21T13:09:29.395301,640
074db193ae9d8e22,https://kg.linkedin.com/jobs/view/software-functional-testing-trainee-at-epam-systems-4358061891,Software Functional Testing Trainee,EPAM Systems,posted,2026-07-21T13:09:34.145921,604
761a210493e96649,https://kg.linkedin.com/jobs/view/%E4%BC%9A%E8%AE%A1-%E6%9F%90%E5%A4%A7%E4%BD%BF%E9%A6%86-at-michael-page-4443326653,会计-某大使馆,Michael Page,posted,2026-07-21T13:09:46.975092,688
7af95345fce76f0f,https://kg.linkedin.com/jobs/view/java-development-trainee-at-epam-systems-4417616862,Java Development Trainee,EPAM Systems,posted,2026-07-21T13:09:57.738042,640
6f67d5ff9f90417c,https://kg.linkedin.com/jobs/view/%D0%BC%D0%B5%D0%BD%D0%B5%D0%B4%D0%B6%D0%B5%D1%80-%D0%BF%D0%BE-%D0%B2%D0%BD%D1%83%D1%82%D1%80%D0%B5%D0%BD%D0%BD%D0%B8%D0%BC-%D0%BA%D0%BE%D0%BC%D0%BC%D1%83%D0%BD%D0%B8%D0%BA%D0%B0%D1%86%D0%B8%D1%8F%D0%BC-%D0%B8-%D0%BA%D0%BE%D1%80%D0%BF%D0%BE%D1%80%D0%B0%D1%82%D0%B8%D0%B2%D0%BD%D0%BE%D0%B9-%D0%BA%D1%83%D0%BB%D1%8C%D1%82%D1%83%D1%80%D0%B5-at-food-dream-x-kfc-4438471024,Менеджер по внутренним коммуникациям и корпоративной культуре,,scraped,2026-07-21T18:52:37.796977,
7699e4188463647c,https://kg.linkedin.com/jobs/view/brewing-operator-at-ab-inbev-africa-4442726280,Brewing Operator,,scraped,2026-07-21T18:52:52.537108,
fea32139086567c1,https://kg.linkedin.com/jobs/view/asset-wealth-revenues-in-q2-2026-rise-20-per-cent-vs-year-ago-goldman-sachs-at-family-wealth-report-4443394090,"Asset, Wealth Revenues In Q2 2026 Rise 20 Per Cent Vs Year Ago - Goldman Sachs",Family Wealth Report,posted,2026-07-21T18:53:08.231364,690
04f2dce8e2f7d70c,https://kg.linkedin.com/jobs/view/digital-marketing-manager-at-interkit-4443345408,Digital Marketing Manager,INTERKIT,posted,2026-07-21T18:53:19.262692,692
9984e1230b6463c1,https://kg.linkedin.com/jobs/view/kyrgyz-speaking-event-coordinator-at-xm-4440452560,Kyrgyz - Speaking Event Coordinator,XM,posted,2026-07-21T18:53:42.328476,694
e405ac62fab33af8,https://kg.linkedin.com/jobs/view/software-functional-testing-trainee-at-epam-systems-4358861863,Software Functional Testing Trainee,EPAM Systems,posted,2026-07-21T18:53:47.209687,604
36259dc2ce1086a6,https://kg.linkedin.com/jobs/view/strategic-account-executive-french-territory-at-sitetracker-4440475182,Strategic Account Executive (French Territory),Sitetracker,posted,2026-07-21T18:54:05.633371,696
3b5f9cb7577efcfa,https://kg.linkedin.com/jobs/view/%D1%81%D0%BF%D0%B8%D1%81%D0%BE%D0%BA-%D0%B2%D0%BA%D0%BB%D1%8E%D1%87%D0%B5%D0%BD%D0%BD%D1%8B%D1%85-%D0%B2%D0%BE-%D0%B2%D0%BD%D1%83%D1%82%D1%80%D0%B5%D0%BD%D0%BD%D0%B8%D0%B9-%D1%80%D0%B5%D0%B7%D0%B5%D1%80%D0%B2-%D0%B3%D0%BE%D1%81%D1%83%D0%B4%D0%B0%D1%80%D1%81%D1%82%D0%B2%D0%B5%D0%BD%D0%BD%D0%BE%D0%B9-%D0%BD%D0%B0%D0%BB%D0%BE%D0%B3%D0%BE%D0%B2%D0%BE%D0%B9-%D1%81%D0%BB%D1%83%D0%B6%D0%B1%D1%8B-%D0%BF%D1%80%D0%B8-%D0%BA%D0%B0%D0%B1%D0%B8%D0%BD%D0%B5%D1%82%D0%B5-%D0%BC%D0%B8%D0%BD%D0%B8%D1%81%D1%82%D1%80%D0%BE%D0%B2-%D0%BA%D1%8B%D1%80%D0%B3%D1%8B%D0%B7%D1%81%D0%BA%D0%BE%D0%B9-%D1%80%D0%B5%D1%81%D0%BF%D1%83%D0%B1%D0%BB%D0%B8%D0%BA%D0%B8-at-%D0%B8%D1%82%D0%B3-%D0%BF%D1%80%D0%B8-%D0%B3%D0%BD%D1%81-%D0%BA%D1%80-4440486617,Список включенных во внутренний резерв государственной налоговой службы при Кабинете Министров Кыргызской Республики,,scraped,2026-07-21T18:54:12.206069,
eddae25504600be5,https://kg.linkedin.com/jobs/view/international-at-ami-n-bhatt-gujarat-high-court-4442650830,International,Ami N Bhatt Gujarat High Court,posted,2026-07-21T18:54:27.410011,698
950e604d15270925,https://kg.linkedin.com/jobs/view/%D0%BC%D0%B5%D0%BD%D0%B5%D0%B4%D0%B6%D0%B5%D1%80-%D0%BF%D0%BE-%D0%BF%D1%80%D0%BE%D0%B4%D0%B0%D0%B6%D0%B0%D0%BC-%D1%81%D0%B0%D0%BD%D0%BA%D1%82-%D0%BF%D0%B5%D1%82%D0%B5%D1%80%D0%B1%D1%83%D1%80%D0%B3-%D0%BD%D0%B5%D0%B2%D0%B5%D0%BB%D1%8C%D1%81%D0%BA%D0%B0%D1%8F-%D1%83%D0%BB%D0%B8%D1%86%D0%B0-3%D0%B1-at-general-medical-courier-4442669711,"Менеджер по продажам Санкт-Петербург, Невельская улица, 3Б",General Medical Courier,posted,2026-07-21T18:54:46.992249,700
c081b833c7acf726,https://kg.linkedin.com/jobs/view/opportunity-in-canada-2024-for-degree-holders-higher-studies-and-jobs-at-ktu-students-4442477066,Opportunity in Canada 2024: For Degree Holders - Higher Studies and Jobs,,scraped,2026-07-21T18:54:51.588153,
3e41c860d8997982,https://kg.linkedin.com/jobs/view/zelfstandig-werkend-kok-at-de-kastanjehof-lage-vuursche-4439299741,ZELFSTANDIG WERKEND KOK,,scraped,2026-07-21T18:54:59.606395,
4e6bb91dc93c82fa,https://kg.linkedin.com/jobs/view/hulp-kok-pt-10-15-uur-at-de-kurk-lokaal-proef-festijn-4440492314,HULP KOK - PT 10 - 15 UUR,,scraped,2026-07-21T18:55:08.535908,
2dc07e86abbba377,https://kg.linkedin.com/jobs/view/world-education-fair-iasi-fall-2026-at-integral-group-4443503896,"World Education Fair - Iasi, Fall 2026",,scraped,2026-07-21T18:55:26.646146,
657a7802d93a968f,https://kg.linkedin.com/jobs/view/senior-packaging-manufacturing-engineer-commercialization-at-michael-page-4440839119,Senior Packaging & Manufacturing Engineer (Commercialization),Michael Page,posted,2026-07-21T18:55:50.213105,702
5864fe81b0b929c6,https://kg.linkedin.com/jobs/view/net-solution-architect-at-epam-systems-4397052900,.NET Solution Architect,EPAM Systems,posted,2026-07-21T18:55:58.068033,704
76074164723292a4,https://kg.linkedin.com/jobs/view/personalized-internet-assessor-kyrgyz-kg-at-telus-digital-4441994381,Personalized Internet Assessor - Kyrgyz (KG),,scraped,2026-07-21T18:56:00.740737,
b82173e5b2355844,https://kg.linkedin.com/jobs/view/lead-sap-retail-master-data-consultant-at-epam-systems-4440463132,Lead SAP Retail Master Data Consultant,EPAM Systems,posted,2026-07-21T18:56:16.310048,706
da563a8c0e3fae3e,https://kg.linkedin.com/jobs/view/sap-btp-architect-at-epam-systems-4430440124,SAP BTP Architect,EPAM Systems,posted,2026-07-21T18:56:30.056802,708
5a25000c013c0820,https://kg.linkedin.com/jobs/view/senior-marketing-system-integrations-specialist-at-epam-systems-4440164044,Senior Marketing System Integrations Specialist,EPAM Systems,posted,2026-07-21T18:56:43.888072,710
3fdda8ffeb17442a,https://kg.linkedin.com/jobs/view/developing-executive-presence-at-plademy-4441007399,Developing Executive Presence,,scraped,2026-07-21T23:16:50.511087,
c17bc7e937970769,https://kg.linkedin.com/jobs/view/%D1%81%D1%83%D0%BF%D0%B5%D1%80%D0%B2%D0%B0%D0%B9%D0%B7%D0%B5%D1%80-at-the-locals-4443581701,СУПЕРВАЙЗЕР,,scraped,2026-07-21T23:16:56.818457,
fdd27a64e415ede3,https://kg.linkedin.com/jobs/view/have-ria-m-a-valuations-peaked%3F-at-family-wealth-report-4441975822,Have RIA M&A Valuations Peaked?,Family Wealth Report,posted,2026-07-21T23:17:23.988013,712
edca7ff2cf00ccc7,https://kg.linkedin.com/jobs/view/%D0%BF%D1%80%D0%B5%D0%BF%D0%BE%D0%B4%D0%B0%D0%B2%D0%B0%D1%82%D0%B5%D0%BB%D1%8C-%D1%80%D0%BE%D0%B1%D0%BE%D1%82%D0%BE%D1%82%D0%B5%D1%85%D0%BD%D0%B8%D0%BA%D0%B8-%D0%BC%D0%B5%D1%82%D0%BE%D0%B4%D0%B8%D1%81%D1%82-%D0%B7%D0%B0%D0%BC%D0%B5%D1%81%D1%82%D0%B8%D1%82%D0%B5%D0%BB%D1%8C-%D0%B4%D0%B8%D1%80%D0%B5%D0%BA%D1%82%D0%BE%D1%80%D0%B0-%D0%B3-%D1%8F%D1%80%D0%BE%D1%81%D0%BB%D0%B0%D0%B2%D0%BB%D1%8C-%D1%80%D0%BF-%D0%BD%D0%B5%D0%BA%D1%80%D0%B0%D1%81%D0%BE%D0%B2%D1%81%D0%BA%D0%BE%D0%B5-at-%D0%B7%D0%B0%D0%BD%D0%B8%D0%BC%D0%B0%D1%82%D0%B5%D0%BB%D1%8C%D0%BD%D0%B0%D1%8F-%D1%80%D0%BE%D0%B1%D0%BE%D1%82%D0%BE%D1%82%D0%B5%D1%85%D0%BD%D0%B8%D0%BA%D0%B0-4443382721,"Преподаватель робототехники, методист, заместитель директора, г. Ярославль, рп Некрасовское",Занимательная робототехника,posted,2026-07-21T23:17:33.413013,714
b583980514ccc27f,https://kg.linkedin.com/jobs/view/regional-marketing-manager-at-xm-4440448000,Regional Marketing Manager,XM,posted,2026-07-21T23:17:45.375363,144
81eb1a3f8ad678a2,https://kg.linkedin.com/jobs/view/managing-family-offices-ai-risk-%E2%80%93-spb-white-paper-at-family-wealth-report-4443395067,Managing Family Offices' AI Risk – SPB White Paper,Family Wealth Report,posted,2026-07-21T23:17:54.310413,716
3a5d011bd0e676d5,https://kg.linkedin.com/jobs/view/uk-bank-leans-into-us-expat-growth-trend-at-family-wealth-report-4443390361,UK Bank Leans Into US Expat Growth Trend,Family Wealth Report,posted,2026-07-21T23:18:03.477138,718
970fe3bd49d7bf31,https://kg.linkedin.com/jobs/view/senior-liability-examiner-toronto-on-canada-at-international-programs-group-4441348538,"Senior Liability Examiner - Toronto, ON, Canada",,scraped,2026-07-21T23:18:20.068728,
471cb8d21b10bc2d,https://kg.linkedin.com/jobs/view/lead-sap-bw-4hana-consultant-at-epam-systems-4338143283,Lead SAP BW/4HANA Consultant,EPAM Systems,posted,2026-07-21T23:18:39.432895,720
af31dda52b2570a9,https://kg.linkedin.com/jobs/view/lead-devops-engineer-azure-at-epam-systems-4389196729,Lead DevOps Engineer (Azure),EPAM Systems,posted,2026-07-21T23:19:07.120273,722
9ee15d6685a82dd8,https://kg.linkedin.com/jobs/view/engineering-manager-sap-cap-java-at-epam-systems-4403228092,"Engineering Manager, SAP CAP Java",EPAM Systems,posted,2026-07-21T23:19:17.662860,588
2a46246553a9eb8a,https://kg.linkedin.com/jobs/view/kirghiz-russian-linguist-cat-ii-at-valiant-integrated-services-4275264002,Kirghiz/Russian Linguist CAT II,Valiant Integrated Services,posted,2026-07-21T23:19:24.907604,724
35202f4c1c461661,https://kg.linkedin.com/jobs/view/react-next-js-front-end-developer-at-frontline-data-solutions-4442743153,React/Next.JS Front-End Developer,Frontline Data Solutions,posted,2026-07-22T09:35:40.546430,726
04b4b885c63dd095,https://kg.linkedin.com/jobs/view/human-resources-manager-at-i-konect-global-4442257971,Human Resources Manager,,scraped,2026-07-22T09:35:51.251192,
36d89b19079651e6,https://kg.linkedin.com/jobs/view/jp-morgan-profits-net-revenue-up-in-q2-2026-at-family-wealth-report-4440970899,"JP Morgan Profits, Net Revenue Up In Q2 2026",Family Wealth Report,posted,2026-07-22T09:36:07.035937,728
069a5b06eb8af974,https://kg.linkedin.com/jobs/view/%D0%BD%D1%8F%D0%BD%D1%8F-%D0%BA-%D0%BC%D0%B0%D0%BB%D1%8C%D1%87%D0%B8%D0%BA%D1%83-1-%D0%B3%D0%BE%D0%B4-3-%D0%BC%D0%B5%D1%81%D1%8F%D1%86%D0%B0-at-pomogatel-ru-4442986592,Няня к мальчику 1 год 3 месяца,,scraped,2026-07-22T09:36:09.562828,
45a8e5b156f64c19,https://kg.linkedin.com/jobs/view/international-game-master-gm-day-at-international-day-for-bids-and-proposals-4442622044,International Game Master (GM) Day,International Day for Bids and Proposals,posted,2026-07-22T09:36:25.032222,730
626a639a537d04d6,https://kg.linkedin.com/jobs/view/product-marketing-manager-pmm-at-optima-bank-kyrgyzstan-%D0%BE%D0%BF%D1%82%D0%B8%D0%BC%D0%B0-%D0%B1%D0%B0%D0%BD%D0%BA-%D0%BA%D1%8B%D1%80%D0%B3%D1%8B%D0%B7%D1%81%D1%82%D0%B0%D0%BD-4440406903,Product Marketing Manager (PMM),,scraped,2026-07-22T09:36:29.688202,
b87f4d4e04bbd0a3,https://kg.linkedin.com/jobs/view/international-sales-specialist-at-messe-frankfurt-usa-pavilions-4443749775,International Sales Specialist,Messe Frankfurt USA Pavilions,posted,2026-07-22T09:36:48.985638,732
f3e23014b99b0212,https://kg.linkedin.com/jobs/view/full-stack-engineer-at-improbable-4422737031,Full Stack Engineer,,scraped,2026-07-22T09:36:51.529041,
02bd8714982f119c,https://kg.linkedin.com/jobs/view/mtc-k-systems-administrator-imo-c4isr-secret-clearance-required-at-general-dynamics-information-technology-4442725747,MTC-K Systems Administrator (IMO/C4ISR) - SECRET Clearance required,General Dynamics Information Technology,posted,2026-07-22T09:37:22.907828,734
583ca2ae299329e3,https://kg.linkedin.com/jobs/view/lead-forward-deployed-engineer-at-epam-systems-4427840015,Lead Forward Deployed Engineer,EPAM Systems,posted,2026-07-22T09:37:32.835234,736
9fff3463893bb8f5,https://kg.linkedin.com/jobs/view/temporary-photography-and-media-studio-technician-at-cornell-aap-nyc-4443341059,Temporary Photography and Media Studio Technician,Cornell AAP NYC,posted,2026-07-22T16:02:49.956689,738
8524c09a160c8eec,https://kg.linkedin.com/jobs/view/%D0%B8%D0%BD%D0%B6%D0%B5%D0%BD%D0%B5%D1%80-%D0%BF%D1%80%D0%BE%D0%B5%D0%BA%D1%82%D0%B8%D1%80%D0%BE%D0%B2%D1%89%D0%B8%D0%BA-%D1%82%D0%B5%D1%85%D0%BD%D0%BE%D0%BB%D0%BE%D0%B3%D0%B8%D1%87%D0%B5%D1%81%D0%BA%D0%B8%D1%85-%D0%BB%D0%B8%D0%BD%D0%B8%D0%B9-%D0%B8-%D0%BE%D0%B1%D0%BE%D1%80%D1%83%D0%B4%D0%BE%D0%B2%D0%B0%D0%BD%D0%B8%D1%8F-%D0%B8%D0%BD%D0%B6%D0%B5%D0%BD%D0%B5%D1%80-%D1%82%D0%B5%D1%85%D0%BD%D0%BE%D0%BB%D0%BE%D0%B3-at-alfa-l-service-4443749670,Инженер-проектировщик технологических линий и оборудования (Инженер-технолог),,scraped,2026-07-22T16:03:18.562322,
e594975d0cf5eb64,https://kg.linkedin.com/jobs/view/international-nurses-day-at-international-day-for-bids-and-proposals-4443134193,International Nurses Day,International Day for Bids and Proposals,posted,2026-07-22T16:03:37.828071,740
bb4013d74d26e8bf,https://kg.linkedin.com/jobs/view/business-analytics-consultant-at-epam-systems-4397037747,Business Analytics Consultant,EPAM Systems,posted,2026-07-22T16:03:51.171495,742
052567fa3ff1de3f,https://kg.linkedin.com/jobs/view/navigating-the-job-market-as-an-international-student-leveraging-your-unique-strengths-and-opportunities-at-wsu-academic-success-and-career-center-4442974506,Navigating the Job Market as an International Student: Leveraging Your Unique Strengths and Opportunities,WSU Academic Success and Career Center,posted,2026-07-22T16:04:08.907395,744
8f60fc8c92a94176,https://kg.linkedin.com/jobs/view/aesthera-international-hiring-wellness-therapist-role-at-job-vacancy-at-dubai-4443798725,Aesthera International Hiring Wellness Therapist Role,Job Vacancy At Dubai,posted,2026-07-22T16:04:18.068027,746
ac163a78f795b0b3,https://kg.linkedin.com/jobs/view/%E6%80%BB%E7%BB%8F%E7%90%86-%E5%A4%96%E6%B4%BE%E5%A2%A8%E8%A5%BF%E5%93%A5%E5%B7%A5%E5%8E%82-at-michael-page-4443918824,总经理-外派墨西哥工厂,Michael Page,posted,2026-07-22T16:04:45.316758,748
7174b6a6b7e15d1a,https://kg.linkedin.com/jobs/view/data-engineer-%E2%80%93-mva-inference-audience-development-remote-global-at-reliance-automated-verified-leads-llc-4442743155,"Data Engineer – MVA Inference & Audience Development (Remote, Global)","Reliance Automated Verified Leads, LLC",posted,2026-07-22T16:04:57.791029,750
27e49d4937a60c34,https://kg.linkedin.com/jobs/view/%D0%BD%D1%8F%D0%BD%D1%8F-%D0%B4%D0%BB%D1%8F-%D0%BC%D0%B0%D0%BB%D1%8C%D1%87%D0%B8%D0%BA%D0%B0-6-%D0%BB%D0%B5%D1%82-at-pomogatel-ru-4442980856,Няня для мальчика 6 лет,,scraped,2026-07-22T20:23:27.501255,
c77e25e877914931,https://kg.linkedin.com/jobs/view/%D1%81%D1%82%D0%B0%D1%80%D1%88%D0%B8-net-%D1%80%D0%B0%D0%B7%D1%80%D0%B0%D0%B1%D0%BE%D1%82%D1%87%D0%B8%D0%BA-at-sheppa-4442931503,Старши .NET разработчик,,scraped,2026-07-22T20:23:34.240273,
786c249b745efd2a,https://kg.linkedin.com/jobs/view/data-center-infrastructure-manager-%E2%80%93-ts-sci-required-at-general-dynamics-information-technology-4443123210,Data Center Infrastructure Manager – TS/SCI Required,General Dynamics Information Technology,posted,2026-07-22T20:24:32.364478,752
d5905af154e79466,https://kg.linkedin.com/jobs/view/smm-consultant-at-iom-un-migration-4443912921,SMM Consultant,IOM - UN Migration,posted,2026-07-22T20:25:10.515806,754
9b1c80a1ae7ac845,https://kg.linkedin.com/jobs/view/project-manager-middle%2B-at-secreate-io-4442698791,Project Manager [Middle+],,scraped,2026-07-23T07:53:16.956515,
51929e2c84e95fbd,https://kg.linkedin.com/jobs/view/shop-sales-associate-floater-at-woodruff-arts-ctr-14th-st-4444262183,Shop Sales Associate (Floater),Woodruff Arts Ctr 14th St,posted,2026-07-23T07:53:37.249223,756
5c79052da10680a9,https://kg.linkedin.com/jobs/view/administrative-assistant-to-the-fao-representative-at-fao-4441037952,Administrative Assistant to the FAO Representative,,scraped,2026-07-23T07:53:52.036535,
41dbd8090551cc07,https://kg.linkedin.com/jobs/view/senior-consultant-technology-at-meksys-4442740250,Senior Consultant Technology,Meksys,posted,2026-07-23T07:54:08.131531,758
e436fbb39f2d66dd,https://kg.linkedin.com/jobs/view/%D0%BD%D1%8F%D0%BD%D1%8F-%D0%BA-%D0%BC%D0%B0%D0%BB%D1%8C%D1%87%D0%B8%D0%BA%D1%83-%D0%B4%D0%BE-%D0%B3%D0%BE%D0%B4%D0%B0-at-pomogatel-ru-4443800545,Няня к мальчику до года,,scraped,2026-07-23T07:54:12.562561,
e37c4a7c62c06a46,https://kg.linkedin.com/jobs/view/business-development-manager-kyrgyzstan-at-ajax-systems-4444217870,Business Development Manager (Kyrgyzstan),,scraped,2026-07-23T07:54:23.708874,
cb802d317f1dc9cc,https://kg.linkedin.com/jobs/view/civil-project-manager-at-enexiv-4443535186,Civil Project Manager,,scraped,2026-07-23T07:54:34.279514,
552a88967062e81f,https://kg.linkedin.com/jobs/view/%D0%BC%D0%B5%D0%BD%D0%B5%D0%B4%D0%B6%D0%B5%D1%80-%D0%BF%D0%BE-%D0%BF%D1%80%D0%BE%D0%B4%D0%B0%D0%B6%D0%B0%D0%BC-at-open-group-%D0%B3%D1%80%D1%83%D0%BF%D0%BF%D0%B0-%D0%BF%D0%B0%D0%BB%D0%BB%D0%B5%D1%82%D0%BD%D1%8B%D1%85-%D0%BA%D0%BE%D0%BC%D0%BF%D0%B0%D0%BD%D0%B8%D0%B9-4444247947,Менеджер по продажам,,scraped,2026-07-23T07:54:45.539562,
40945e25ec07e914,https://kg.linkedin.com/jobs/view/%D0%B2%D0%B5%D0%B4%D1%83%D1%89%D0%B8%D0%B9-%D0%BC%D0%B5%D0%BD%D0%B5%D0%B4%D0%B6%D0%B5%D1%80-%D0%BF%D0%BE-%D0%BF%D1%80%D0%BE%D0%B4%D0%B0%D0%B6%D0%B0%D0%BC-at-open-group-%D0%B3%D1%80%D1%83%D0%BF%D0%BF%D0%B0-%D0%BF%D0%B0%D0%BB%D0%BB%D0%B5%D1%82%D0%BD%D1%8B%D1%85-%D0%BA%D0%BE%D0%BC%D0%BF%D0%B0%D0%BD%D0%B8%D0%B9-4444254355,Ведущий менеджер по продажам,,scraped,2026-07-23T07:54:56.722279,
90609ab4fbe0f424,https://kg.linkedin.com/jobs/view/no-project-too-big-or-too-small-at-aaa-1-masonry-tuckpointing-inc-4443476522,No Project Too Big or Too Small,"AAA-1 MASONRY &amp; TUCKPOINTING, INC",posted,2026-07-23T07:55:11.816116,760
716f2f70be6e5547,https://kg.linkedin.com/jobs/view/senior-pro-code-net-developer-at-epam-systems-4444402084,Senior Pro-Code .NET Developer,EPAM Systems,posted,2026-07-23T07:55:35.641075,762
44aca9d8a24032cf,https://kg.linkedin.com/jobs/view/coordinator-lifelong-learning-at-woodruff-arts-ctr-14th-st-4444256305,"Coordinator, Lifelong Learning",Woodruff Arts Ctr 14th St,posted,2026-07-23T07:56:05.075219,764
228a8ac009b4ee4c,https://kg.linkedin.com/jobs/view/qa-testing-client-support-for-saas-at-frontline-data-solutions-4442723913,QA Testing & Client Support for SaaS,Frontline Data Solutions,posted,2026-07-23T13:22:19.689526,766
10aaab473053ae00,https://kg.linkedin.com/jobs/view/%D0%BE%D0%BF%D0%B5%D1%80%D0%B0%D1%86%D0%B8%D1%8F%D0%BB%D1%8B%D0%BA-%D0%BA%D0%B0%D1%81%D1%81%D0%B8%D1%80-at-ojsc-dos-%D1%81redobank-%E2%80%8B-%D0%BE%D0%B0%D0%BE-%D0%B4%D0%BE%D1%81-%D0%BA%D1%80%D0%B5%D0%B4%D0%BE%D0%B1%D0%B0%D0%BD%D0%BA-%E2%80%8B-4441741803,Операциялык кассир,,scraped,2026-07-23T13:22:36.304524,
a2d03c409a71214b,https://kg.linkedin.com/jobs/view/international-visiting-researcher-programme-at-tribe-lab-%40-inesc-tec-4443903350,INTERNATIONAL VISITING RESEARCHER PROGRAMME,,scraped,2026-07-23T13:22:43.879494,
a039b1d27bbe214f,https://kg.linkedin.com/jobs/view/it-%D0%B0%D0%BD%D0%B0%D0%BB%D0%B8%D1%82%D0%B8%D0%BA-at-open-group-%D0%B3%D1%80%D1%83%D0%BF%D0%BF%D0%B0-%D0%BF%D0%B0%D0%BB%D0%BB%D0%B5%D1%82%D0%BD%D1%8B%D1%85-%D0%BA%D0%BE%D0%BC%D0%BF%D0%B0%D0%BD%D0%B8%D0%B9-4444253383,IT-аналитик,,scraped,2026-07-23T13:22:56.281221,
65c898ee71994476,https://kg.linkedin.com/jobs/view/%D1%81%D0%BF%D0%B5%D1%86%D0%B8%D0%B0%D0%BB%D0%B8%D1%81%D1%82-%D1%82%D0%B5%D1%85%D0%BD%D0%B8%D1%87%D0%B5%D1%81%D0%BA%D0%BE%D0%B9-%D0%BF%D0%BE%D0%B4%D0%B4%D0%B5%D1%80%D0%B6%D0%BA%D0%B8-at-artistrazh-4443813006,Специалист технической поддержки,,scraped,2026-07-23T13:23:07.739093,
70e36eb466bc5dc8,https://kg.linkedin.com/jobs/view/the-international-sports-academy-isa-at-hoopdirt-4444439398,The International Sports Academy (ISA),HoopDirt,posted,2026-07-23T13:23:42.132231,768
e8612b3fd9030361,https://kg.linkedin.com/jobs/view/international-audio-video-remote-soninke-interpreter-at-language-services-associates-4426003198,International Audio/Video Remote Soninke Interpreter,Language Services Associates,posted,2026-07-23T13:23:57.680702,770
969a6bf6ca3a7945,https://kg.linkedin.com/jobs/view/sr-desktop-support-technician-ts-sci-%E2%80%93-raf-molesworth-uk-at-general-dynamics-information-technology-4442518379,Sr Desktop Support Technician - TS/SCI – RAF Molesworth UK,General Dynamics Information Technology,posted,2026-07-23T13:24:18.980158,772
0914d7d3f785b44f,https://kg.linkedin.com/jobs/view/lead-ai-engineer-at-epam-systems-4427844220,Lead AI Engineer,EPAM Systems,posted,2026-07-23T13:24:23.825060,296
a7aa8baf2a02981c,https://kg.linkedin.com/jobs/view/generative-ai-operations-engineer-genai-ops-at-epam-systems-4398271109,Generative AI Operations Engineer (GenAI Ops),EPAM Systems,posted,2026-07-23T13:24:33.974670,774
ec4bcb896226a2b6,https://kg.linkedin.com/jobs/view/jr-counsellor-at-seed-global-education-4442722952,Jr. Counsellor,,scraped,2026-07-23T18:48:23.713648,
a3d043b2e29b3aa8,https://kg.linkedin.com/jobs/view/assistant-driller-adhoc-jobs-1358-at-mypetrocareer-com-4440410053,"Assistant Driller (adhoc), Jobs, 1358",,scraped,2026-07-23T18:48:34.042805,
8e69a04193ae79d8,https://kg.linkedin.com/jobs/view/%D1%81%D1%82%D0%B0%D1%80%D1%88%D0%B8-frontend-%D0%B8%D0%BD%D0%B6%D0%B5%D0%BD%D0%B5%D1%80-at-sheppa-4442931503,Старши Frontend инженер,,scraped,2026-07-23T18:48:48.031674,
44df6ea8085af8b6,https://kg.linkedin.com/jobs/view/sales-executive-us-market-at-crystalia-glass-llc-4443939004,Sales Executive (US market),Crystalia Glass LLC,failed|wp_post_failed,2026-07-23T18:49:09.215110,
830c838eb1590256,https://kg.linkedin.com/jobs/view/%D1%8E%D1%80%D0%B8%D0%B4%D0%B8%D0%BA%D0%B0%D0%BB%D1%8B%D0%BA-%D0%B1%D3%A9%D0%BB%D2%AF%D0%BC%D0%B4%D2%AF%D0%BD-%D0%B1%D0%B0%D1%88%D0%BA%D1%8B-%D0%B0%D0%B4%D0%B8%D1%81%D0%B8-at-keremet-bank-4442115757,Юридикалык бөлүмдүн башкы адиси,KEREMET BANK,failed|wp_post_failed,2026-07-23T18:49:13.265748,
ee32ae4953593e7b,https://kg.linkedin.com/jobs/view/%D0%B4%D0%BE%D0%BC%D1%80%D0%B0%D0%B1%D0%BE%D1%82%D0%BD%D0%B8%D1%86%D0%B0-%D0%B4%D0%BB%D1%8F-%D1%83%D0%B1%D0%BE%D1%80%D0%BA%D0%B8-2-%D0%BA%D0%BE%D0%BC%D0%BD%D0%B0%D1%82%D0%BD%D0%BE%D0%B9-%D0%BA%D0%B2%D0%B0%D1%80%D1%82%D0%B8%D1%80%D1%8B-1-%D1%80%D0%B0%D0%B7-%D0%B2-%D0%BD%D0%B5%D0%B4%D0%B5%D0%BB%D1%8E-at-pomogatel-ru-4442982780,Домработница для уборки 2-комнатной квартиры 1 раз в неделю,,scraped,2026-07-23T18:49:23.665533,
94e20917a83b25cb,https://kg.linkedin.com/jobs/view/front-desk-associate-at-the-global-institute-for-health-and-human-rights-4444251687,Front Desk Associate,The Global Institute for Health and Human Rights,failed|wp_post_failed,2026-07-23T18:49:36.397817,
fdf34b744ee8f4f3,https://kg.linkedin.com/jobs/view/international-sales-specialist-at-messe-frankfurt-usa-pavilions-4441085004,International Sales Specialist,Messe Frankfurt USA Pavilions,failed|wp_post_failed,2026-07-23T18:49:52.867183,
d1a8e7cc224b0d8e,https://kg.linkedin.com/jobs/view/%E5%9B%BD%E9%99%85%E8%90%A5%E9%94%80%E7%BB%8F%E7%90%86%EF%BC%88%E6%B7%B7%E5%87%9D%E5%9C%9F%E5%B7%A5%E7%A8%8B%E6%9C%BA%E6%A2%B0%EF%BC%89-at-%E4%B8%89%E4%B8%80%E9%87%8D%E5%B7%A5%E8%82%A1%E4%BB%BD%E6%9C%89%E9%99%90%E5%85%AC%E5%8F%B8-4443836427,国际营销经理（混凝土工程机械）,三一重工股份有限公司,failed|wp_post_failed,2026-07-23T18:50:06.942435,
d173730bb33c192b,https://kg.linkedin.com/jobs/view/senior-%D0%B1%D0%B8%D0%B7%D0%BD%D0%B5%D1%81-%D0%B0%D0%BD%D0%B0%D0%BB%D0%B8%D1%82%D0%B8%D0%BA-at-mbank-4444254580,Senior Бизнес аналитик,,scraped,2026-07-23T18:50:09.522448,
07f49c5c200c3d1a,https://kg.linkedin.com/jobs/view/%E5%94%AE%E5%90%8E%E6%9C%8D%E5%8A%A1%E5%B7%A5%E7%A8%8B%E5%B8%88-at-%E4%B8%89%E4%B8%80%E9%87%8D%E5%B7%A5%E8%82%A1%E4%BB%BD%E6%9C%89%E9%99%90%E5%85%AC%E5%8F%B8-4443818540,售后服务工程师,三一重工股份有限公司,failed|wp_post_failed,2026-07-23T18:50:29.674641,
082f3a21f4a4d018,https://kg.linkedin.com/jobs/view/directeur-%C3%A9ducation-comp%C3%A9tences-culture-h-f-guin%C3%A9e-at-michael-page-4444465120,"Directeur Éducation, Compétences & Culture H/F - Guinée",Michael Page,failed|wp_post_failed,2026-07-23T18:50:42.171860,
ba1f7b1e0c681356,https://kg.linkedin.com/jobs/view/systems-administrator-at-general-dynamics-information-technology-4444406553,Systems Administrator,General Dynamics Information Technology,failed|wp_post_failed,2026-07-23T18:50:56.668134,
adde791b3efef859,https://kg.linkedin.com/jobs/view/senior-sap-retail-master-data-consultant-at-epam-systems-4440458259,Senior SAP Retail Master Data Consultant,EPAM Systems,failed|wp_post_failed,2026-07-23T18:51:34.034976,
2298201cbdf1cb8b,https://kg.linkedin.com/jobs/view/engineering-manager-sap-cap-node-js-at-epam-systems-4403754128,"Engineering Manager, SAP CAP Node.js",EPAM Systems,failed|wp_post_failed,2026-07-23T18:51:45.308560,
900b8cec66937fa2,https://kg.linkedin.com/jobs/view/senior-forward-deployed-engineer-at-epam-systems-4427834644,Senior Forward Deployed Engineer,EPAM Systems,failed|wp_post_failed,2026-07-23T18:51:52.649828,
8c982dcdeabc362f,https://kg.linkedin.com/jobs/view/lead-unreal-engine-developer-at-epam-systems-4441530778,Lead Unreal Engine Developer,EPAM Systems,failed|wp_post_failed,2026-07-23T18:52:02.073058,
89f9328753b61af6,https://kg.linkedin.com/jobs/view/%D1%81%D0%BF%D0%B5%D1%86%D0%B8%D0%B0%D0%BB%D0%B8%D1%81%D1%82-%D0%BF%D0%BE-%D0%BC%D0%B0%D1%80%D0%BA%D0%B8%D1%80%D0%BE%D0%B2%D0%BA%D0%B5-%D1%87%D0%B5%D1%81%D1%82%D0%BD%D1%8B%D0%B9-%D0%B7%D0%BD%D0%B0%D0%BA-%D0%B5%D0%BA%D0%B0%D1%82%D0%B5%D1%80%D0%B8%D0%BD%D0%B1%D1%83%D1%80%D0%B3-at-nag-4444021853,"Специалист по маркировке ""Честный знак"" Екатеринбург",,scraped,2026-07-23T23:19:05.740766,
1d7788f96c52be16,https://kg.linkedin.com/jobs/view/dcb-bilim-hub-%D1%81%D1%82%D0%B0%D0%B6%D0%B8%D1%80%D0%BE%D0%B2%D0%BA%D0%B0-%D0%BE%D1%82%D2%AF%D2%AF%D0%B3%D3%A9-%D1%87%D0%B0%D0%BA%D1%8B%D1%80%D0%B0%D1%82-at-ojsc-dos-%D1%81redobank-%E2%80%8B-%D0%BE%D0%B0%D0%BE-%D0%B4%D0%BE%D1%81-%D0%BA%D1%80%D0%B5%D0%B4%D0%BE%D0%B1%D0%B0%D0%BD%D0%BA-%E2%80%8B-4441745686,DCB Bilim Hub стажировка отүүгө чакырат,,scraped,2026-07-23T23:19:26.070338,
663b41d62d6a4970,https://kg.linkedin.com/jobs/view/%D0%B8%D0%BD%D0%B6%D0%B5%D0%BD%D0%B5%D1%80-%D0%BF%D1%80%D0%BE%D0%B5%D0%BA%D1%82%D0%B8%D1%80%D0%BE%D0%B2%D1%89%D0%B8%D0%BA-%D0%BC%D0%BE%D1%81%D0%BA%D0%B2%D0%B0-at-stiflex-distribution-llc-4444495594,"Инженер-проектировщик, Москва",StiFlex Distribution LLC,failed|wp_post_failed,2026-07-24T09:18:12.644554,
a50cb8b7bdc2e8bb,https://kg.linkedin.com/jobs/view/%D0%BC%D0%B5%D0%BD%D0%B5%D0%B4%D0%B6%D0%B5%D1%80-%D0%BF%D0%BE-%D0%BF%D1%80%D0%BE%D0%B4%D0%B0%D0%B6%D0%B0%D0%BC-%D0%B8%D1%82-%D0%BA%D0%BE%D0%BC%D0%BF%D0%B0%D0%BD%D0%B8%D1%8F-%D1%80%D0%BE%D1%81%D1%82%D0%BE%D0%B2-%D0%BD%D0%B0-%D0%B4%D0%BE%D0%BD%D1%83-at-nag-4444030720,Менеджер по продажам (ИТ-компания) Ростов-на-Дону,,scraped,2026-07-24T09:18:21.152252,
4f63c977752e4a37,https://kg.linkedin.com/jobs/view/%D0%BF%D1%80%D0%BE%D0%B4%D0%B0%D0%B2%D0%B5%D1%86-%D0%BA%D0%B0%D1%81%D1%81%D0%B8%D1%80-at-ratimir-llc-4444078234,Продавец-кассир,RATIMIR LLC,failed|wp_post_failed,2026-07-24T09:18:37.392958,
067ef6889484910d,https://kg.linkedin.com/jobs/view/epp-iii-patriot-generator-rebuild-technician-southwest-asia-at-general-dynamics-information-technology-4444938275,EPP III Patriot Generator Rebuild Technician (Southwest Asia)),General Dynamics Information Technology,failed|wp_post_failed,2026-07-24T09:18:49.910190,
42f6561c1b075f26,https://kg.linkedin.com/jobs/view/international-audio-video-remote-portuguese-interpreter-at-language-services-associates-4405039860,International Audio/Video Remote Portuguese Interpreter,Language Services Associates,failed|wp_post_failed,2026-07-24T09:19:04.204482,
3fd3bf65f1f90e36,https://kg.linkedin.com/jobs/view/solutions-architect-digital-engagement-practice-at-epam-systems-4377357860,Solutions Architect (Digital Engagement Practice),EPAM Systems,failed|wp_post_failed,2026-07-24T09:19:13.567793,
442e3a219c83cd24,https://kg.linkedin.com/jobs/view/senior-ai-engineer-at-epam-systems-4427835970,Senior AI Engineer,EPAM Systems,failed|wp_post_failed,2026-07-24T09:19:32.791090,
330be70a8e9f1d9d,https://kg.linkedin.com/jobs/view/senior-information-assurance-analyst-at-general-dynamics-information-technology-4444419327,Senior Information Assurance Analyst,General Dynamics Information Technology,failed|wp_post_failed,2026-07-24T09:19:41.195241,
2a1f22902e2d09a9,https://kg.linkedin.com/jobs/view/inside-outside-cable-plant-technician-ii-at-general-dynamics-information-technology-4444406592,Inside/Outside Cable Plant Technician II,General Dynamics Information Technology,failed|wp_post_failed,2026-07-24T09:19:51.670706,
babe61b5a0006cde,https://kg.linkedin.com/jobs/view/sap-abap-engineering-manager-at-epam-systems-4441511056,SAP ABAP Engineering Manager,EPAM Systems,failed|wp_post_failed,2026-07-24T09:20:05.192707,
8c5332fc21ed3777,https://kg.linkedin.com/jobs/view/etihad-international-hospitality-jobs-opportunity-explore-multiple-career-vacancies-at-job-vacancy-at-dubai-4444248011,Etihad International Hospitality Jobs Opportunity - Explore Multiple Career Vacancies,Job Vacancy At Dubai,posted,2026-07-24T15:22:01.771322,776
000c9f4220ffe607,https://kg.linkedin.com/jobs/view/comsec-ekms-manager-at-general-dynamics-information-technology-4444418360,COMSEC/EKMS Manager,General Dynamics Information Technology,posted,2026-07-24T15:22:42.510476,44
a118662c63548c4e,https://kg.linkedin.com/jobs/view/product-manager-at-mbank-4444790666,Product Manager,,scraped,2026-07-24T15:22:51.145416,
606222a60a24c2a1,https://kg.linkedin.com/jobs/view/et-si-l-ia-ne-d%C3%A9truisait-pas-les-emplois-mais-les-m%C3%A9tiers-%3F-at-mediadw-4444773856,"Et si l'IA ne détruisait pas les emplois, mais les métiers ?",MediaDW,posted,2026-07-24T15:23:14.567313,778
2092bf634c472fe4,https://kg.linkedin.com/jobs/view/head-of-marketing-at-improbable-4441595296,Head of Marketing,,scraped,2026-07-24T20:52:43.510680,
2045fc3a696ea407,https://kg.linkedin.com/jobs/view/project-multimedia-communications-support-at-sis-fvg-4443957172,Project Multimedia Communications Support,,scraped,2026-07-24T20:52:54.072621,
b51c9b04894a40c0,https://kg.linkedin.com/jobs/view/%D0%B2%D0%B5%D0%B4%D1%83%D1%89%D0%B8%D0%B9-%D0%B1%D0%B8%D0%B7%D0%BD%D0%B5%D1%81-%D0%B0%D0%BD%D0%B0%D0%BB%D0%B8%D1%82%D0%B8%D0%BA-1%D1%81-%D0%BF%D0%B5%D1%80%D0%B5%D1%85%D0%BE%D0%B4-%D1%81-%D1%83%D1%82-%D0%BD%D0%B0-1%D1%81-erp-%D0%BE%D0%BF%D0%B5%D1%80-%D0%BA%D0%BE%D0%BD%D1%82%D1%83%D1%80-%D0%B5%D0%BA%D0%B0%D1%82%D0%B5%D1%80%D0%B8%D0%BD%D0%B1%D1%83%D1%80%D0%B3-at-nag-4444024797,"Ведущий бизнес-аналитик 1С (переход с УТ на 1С:ERP, опер. контур) Екатеринбург",,scraped,2026-07-24T20:53:03.871410,
7707e2e614074860,https://kg.linkedin.com/jobs/view/global-affiliate-manager-at-binance-4435228452,Global Affiliate Manager,Binance,posted,2026-07-24T20:53:31.097963,780
2c9e344712a31b53,https://kg.linkedin.com/jobs/view/%D0%B1%D1%80%D0%BE%D0%BA%D0%B5%D1%80-%D0%BF%D0%BE-%D0%BD%D0%B5%D0%B4%D0%B2%D0%B8%D0%B6%D0%B8%D0%BC%D0%BE%D1%81%D1%82%D0%B8%0A%D0%BC%D0%BE%D1%81%D0%BA%D0%B2%D0%B0-%D1%81%D0%B8%D1%82%D0%B8-at-mcity-4444948265,"БРОКЕР ПО НЕДВИЖИМОСТИ
МОСКВА-СИТИ",,scraped,2026-07-24T20:53:35.463607,
54e993df85393a3a,https://kg.linkedin.com/jobs/view/%D0%BF%D1%80%D0%BE%D0%B4%D0%B0%D0%B2%D0%B0-%D0%BA%D1%8A%D1%89%D0%B0-%D0%B1%D0%BB%D0%B8%D0%B7%D0%BD%D0%B0%D0%BA-at-valente-reale-estate-4444904103,Продава Къща-близнак,,scraped,2026-07-24T20:53:45.375693,
0534db92c93380f3,https://kg.linkedin.com/jobs/view/le-revenu-passif-la-r%C3%A9volution-silencieuse-qui-transforme-notre-rapport-au-travail-at-mediadw-4444792097,Le revenu passif : la révolution silencieuse qui transforme notre rapport au travail,MediaDW,posted,2026-07-24T20:54:01.548314,782
72ea4855c5afe78c,https://kg.linkedin.com/jobs/view/international-msl-at-tempus-ai-4442668454,International MSL,Tempus AI,posted,2026-07-24T20:54:10.573172,784
e4a1e8299690ae1f,https://kg.linkedin.com/jobs/view/centre-d%E2%80%99%C3%A9tudes-prospectives-cep-international-leadership-forum-at-marie-jos%C3%A9-assouhan-4444430418,Centre d’Études Prospectives (CEP) INTERNATIONAL LEADERSHIP FORUM,,scraped,2026-07-24T20:54:19.173484,
9566378f97b4fd9e,https://kg.linkedin.com/jobs/view/senior-knowledge-management-support-specialist-at-epam-systems-4441514478,Senior Knowledge Management Support Specialist,EPAM Systems,posted,2026-07-24T20:54:47.412451,786
4b1858fe6b051997,https://kg.linkedin.com/jobs/view/senior-product-engineer-at-improbable-4440195554,Senior Product Engineer,,scraped,2026-07-24T20:54:56.037990,
bc3cdc71a292c611,https://kg.linkedin.com/jobs/view/senior-ai-engineer-at-epam-systems-4429854045,Senior AI Engineer,EPAM Systems,posted,2026-07-24T20:55:18.699701,294
def939ceee47d7d0,https://kg.linkedin.com/jobs/view/voip-engineer-at-igaming-centre-4445261483,VoIP Engineer,iGaming Centre,posted,2026-07-25T06:41:30.553284,788
c8b860c7ab480964,https://kg.linkedin.com/jobs/view/international-trading-duffner-sps-solar-at-dimensionsreich-gmbh-4444398404,International Trading Duffner SPS Solar,,scraped,2026-07-25T06:41:43.164725,
85433aaa6e4d0903,https://kg.linkedin.com/jobs/view/%D0%BD%D1%8F%D0%BD%D1%8F-%D0%BA-%D0%BC%D0%B0%D0%BB%D1%8C%D1%87%D0%B8%D0%BA%D1%83-1-8-at-pomogatel-ru-4444652753,"Няня к мальчику 1,8",,scraped,2026-07-25T06:41:49.720819,
b7d047f6e4431aac,https://kg.linkedin.com/jobs/view/le-grand-d%C3%A9calage-quand-les-formations-ne-correspondent-plus-aux-besoins-des-entreprises-at-mediadw-4444779817,Le grand décalage : quand les formations ne correspondent plus aux besoins des entreprises,MediaDW,posted,2026-07-25T12:00:59.423374,790
516d1a77ba2052be,https://kg.linkedin.com/jobs/view/https-pakistanpropertydirectory-com-listing-gevora-international-hotel-and-mall-at-pakistan-property-directory-4444494711,https://pakistanpropertydirectory.com/listing/gevora-international-hotel-and-mall/,Pakistan Property Directory,posted,2026-07-25T15:58:43.945158,792
8eb36388137b6f74,https://kg.linkedin.com/jobs/view/r2026106230-student-coordinator-international-partnerships-at-colorado-state-university-environmental-learning-center-4444654068,"R2026106230 Student Coordinator, International Partnerships",Colorado State University Environmental Learning Center,posted,2026-07-25T15:59:13.307120,794
c337e86886a09e43,https://kg.linkedin.com/jobs/view/soziale-arbeit-mit-schwerpunkt-sport-naher-osten-%E2%80%A2-sozialwesen-at-coworkers-4441887860,Soziale Arbeit mit Schwerpunkt Sport - Naher Osten • Sozialwesen,,scraped,2026-07-25T16:00:11.783659,
e809b9ffb2a28641,https://kg.linkedin.com/jobs/view/%D0%B8%D0%BD%D1%84%D0%BE%D1%80%D0%BC%D0%B0%D1%86%D0%B8%D1%8F-%D0%BE-%D1%80%D0%B5%D0%B0%D0%BB%D0%B8%D0%B7%D1%83%D0%B5%D0%BC%D1%8B%D1%85-%D0%BE%D0%B1%D1%80%D0%B0%D0%B7%D0%BE%D0%B2%D0%B0%D1%82%D0%B5%D0%BB%D1%8C%D0%BD%D1%8B%D1%85-%D0%BF%D1%80%D0%BE%D0%B3%D1%80%D0%B0%D0%BC%D0%BC%D0%B0%D1%85-%D0%B2-%D1%82%D0%BE%D0%BC-%D1%87%D0%B8%D1%81%D0%BB%D0%B5-%D0%BE-%D1%80%D0%B5%D0%B0%D0%BB%D0%B8%D0%B7%D1%83%D0%B5%D0%BC%D1%8B%D1%85-%D0%B0%D0%B4%D0%B0%D0%BF%D1%82%D0%B8%D1%80%D0%BE%D0%B2%D0%B0%D0%BD%D0%BD%D1%8B%D1%85-%D0%BE%D0%B1%D1%80%D0%B0%D0%B7%D0%BE%D0%B2%D0%B0%D1%82%D0%B5%D0%BB%D1%8C%D0%BD%D1%8B%D1%85-%D0%BF%D1%80%D0%BE%D0%B3%D1%80%D0%B0%D0%BC%D0%BC%D0%B0%D1%85-%D1%81-%D1%83%D0%BA%D0%B0%D0%B7%D0%B0%D0%BD%D0%B8%D0%B5%D0%BC-%D0%B2-%D0%BE%D1%82%D0%BD%D0%BE%D1%88%D0%B5%D0%BD%D0%B8%D0%B8-%D0%BA%D0%B0%D0%B6%D0%B4%D0%BE%D0%B9-%D0%BE%D0%B1%D1%80%D0%B0%D0%B7%D0%BE%D0%B2-at-kama-institute-of-humanitarian-and-engineering-technologies-4442306822,"Информация о реализуемых образовательных программах, в том числе о реализуемых адаптированных образовательных программах, с указанием в отношении каждой образов",Kama Institute of Humanitarian and Engineering Technologies,posted,2026-07-25T20:20:40.976552,796
f5fb4fcc9d468a0c,https://kg.linkedin.com/jobs/view/%D0%BC%D0%BB%D0%B0%D0%B4%D1%88%D0%B8%D0%B9-%D1%82%D0%BE%D1%80%D0%B3%D0%BE%D0%B2%D1%8B%D0%B9-%D0%BF%D1%80%D0%B5%D0%B4%D1%81%D1%82%D0%B0%D0%B2%D0%B8%D1%82%D0%B5%D0%BB%D1%8C-%D0%BD%D0%B0-%D0%BA%D0%BE%D1%80%D0%BF%D0%BE%D1%80%D0%B0%D1%82%D0%B8%D0%B2%D0%BD%D0%BE%D0%BC-%D0%B0%D0%B2%D1%82%D0%BE%D0%BC%D0%BE%D0%B1%D0%B8%D0%BB%D0%B5-%D1%8E%D0%B7%D0%B0%D0%BE-at-itms-group-of-companies-4445347407,Младший торговый представитель на корпоративном автомобиле (ЮЗАО),,scraped,2026-07-25T20:21:41.516751,
d39c464cad1120d9,https://kg.linkedin.com/jobs/view/novo-nordisk-recrute-at-sant%C3%A9-news-4445386731,Novo Nordisk recrute,,scraped,2026-07-26T07:53:15.499633,
6dd99ca02b3f8bc5,https://kg.linkedin.com/jobs/view/field-survey-engineer-at-roadvision-ai-4442336394,Field Survey Engineer,,scraped,2026-07-26T07:53:24.136278,
295cf1372f16102f,https://kg.linkedin.com/jobs/view/kinderrucksack-name-at-fuersbaby-de-baby-halstuch-sabbertuch-4445380449,Kinderrucksack Name,"FuersBaby.de, Baby Halstuch, Sabbertuch",posted,2026-07-26T07:53:53.490684,798
76c1bbdf2e8dd915,https://kg.linkedin.com/jobs/view/sap-abap-engineering-manager-at-epam-systems-4441511057,SAP ABAP Engineering Manager,EPAM Systems,posted,2026-07-26T07:54:55.005771,800
788859c6f2d2cdf6,https://kg.linkedin.com/jobs/view/senior-aws-python-developer-ops-engineer-at-epam-systems-4444902980,Senior AWS Python Developer / Ops Engineer,EPAM Systems,posted,2026-07-26T07:55:13.374956,802
daabbbb653d50e6e,https://kg.linkedin.com/jobs/view/international-wholesaler-at-nasgw-4445616609,INTERNATIONAL WHOLESALER,NASGW,posted,2026-07-26T15:51:19.244504,804
0cab5854472c1019,https://kg.linkedin.com/jobs/view/substitute-montessori-teacher-at-cadence-education-4443186540,Substitute Montessori Teacher,Cadence Education,posted,2026-07-26T15:51:56.690521,806
abb7968f5fd23a21,https://kg.linkedin.com/jobs/view/%D0%BB%D0%B8%D0%B4%D0%B5%D1%80%D1%81%D0%BA%D0%B0%D1%8F-%D0%BF%D1%80%D0%BE%D0%B3%D1%80%D0%B0%D0%BC%D0%BC%D0%B0-%D1%84%D0%B8%D0%BD%D0%B0%D0%BD%D1%81%D1%8B-management-trainee-at-itms-group-of-companies-4445330982,Лидерская программа - Финансы (Management Trainee),,scraped,2026-07-26T15:52:05.215118,
9b5bf654dbcb338a,https://kg.linkedin.com/jobs/view/equilibria-at-flowstate-divers-4445368415,Equilibria,,scraped,2026-07-26T15:52:13.056721,
3f69a975c09e424e,https://kg.linkedin.com/jobs/view/spucktuch-bestickt-mit-name-at-fuersbaby-de-baby-halstuch-sabbertuch-4445390441,Spucktuch bestickt mit Name,"FuersBaby.de, Baby Halstuch, Sabbertuch",posted,2026-07-26T15:52:28.457680,808
f609dc594fa1decb,https://kg.linkedin.com/jobs/view/field-sales-manager-%E2%80%93-medior-%E2%80%93-international-at-leadfabric-4445386364,Field Sales Manager – Medior – International,,scraped,2026-07-26T15:52:33.131435,
33a50d0c7dbe6084,https://kg.linkedin.com/jobs/view/senior-data-analytics-and-visualization-engineer-at-epam-systems-4430225092,Senior Data Analytics and Visualization Engineer,EPAM Systems,posted,2026-07-26T15:52:49.299515,810
268524e7e3cdeb7d,https://kg.linkedin.com/jobs/view/lead-data-analytics-and-visualization-engineer-at-epam-systems-4430232401,Lead Data Analytics and Visualization Engineer,EPAM Systems,posted,2026-07-26T15:53:09.362413,812
5dad82db34695d18,https://kg.linkedin.com/jobs/view/%D0%B1%D1%80%D0%B5%D0%BD%D0%B4-%D0%BC%D0%B5%D0%BD%D0%B5%D0%B4%D0%B6%D0%B5%D1%80-at-k-rose-investment-4395023930,Бренд-менеджер,,scraped,2026-07-26T15:53:17.837559,
394921ef0d47a7a3,https://kg.linkedin.com/jobs/view/%D0%B1%D1%83%D1%85%D0%B3%D0%B0%D0%BB%D1%82%D0%B5%D1%80-%D0%BF%D0%BE-%D1%80%D0%B0%D1%81%D1%87%D0%B5%D1%82%D1%83-%D0%B7%D0%B0%D1%80%D0%B0%D0%B1%D0%BE%D1%82%D0%BD%D0%BE%D0%B9-%D0%BF%D0%BB%D0%B0%D1%82%D1%8B-at-itms-group-of-companies-4445332835,Бухгалтер по расчету заработной платы,,scraped,2026-07-26T15:53:23.938016,
b29df335a66944bc,https://kg.linkedin.com/jobs/view/senior-bi-business-analyst-at-epam-systems-4430227163,Senior BI Business Analyst,EPAM Systems,posted,2026-07-26T15:53:45.513118,814
81b8fdc0faf38769,https://kg.linkedin.com/jobs/view/potential-opportunities-partnering-with-corrview-at-corrview-international-llc-4445627459,Potential Opportunities Partnering With CorrView,"CorrView International, LLC",posted,2026-07-26T20:18:54.189360,816
8f2203aed951a035,https://kg.linkedin.com/jobs/view/junior-e-e-data-manager-m-f-d-with-excellent-chinese-language-skills-at-h-f-engineering-gmbh-4445388881,Junior E/E Data Manager (m/f/d) with Excellent Chinese Language Skills,,scraped,2026-07-26T20:19:20.710643,
38d41e1c838f86e6,https://kg.linkedin.com/jobs/view/senior-nodejs-ai-engineer-at-epam-systems-4419249486,Senior NodeJS AI Engineer,EPAM Systems,posted,2026-07-26T20:19:43.657349,818
54ede1f91ec138a4,https://kg.linkedin.com/jobs/view/senior-devops-engineer-go-at-epam-systems-4429849154,Senior DevOps Engineer (Go),EPAM Systems,posted,2026-07-26T20:19:51.341177,820
0c7ed20173a4079c,https://kg.linkedin.com/jobs/view/tenders-info-at-teamprefab-4445919076,Tenders Info,TEAMprefab,posted,2026-07-27T11:00:56.583749,822
6ec062291e52150d,https://kg.linkedin.com/jobs/view/tender-24-7-at-teamprefab-4445918072,Tender 24/7,TEAMprefab,posted,2026-07-27T11:01:06.300049,824
79d8e219f683c149,https://kg.linkedin.com/jobs/view/risk-assessment-inspector-at-tezjet-4442364998,Risk Assessment Inspector,,scraped,2026-07-27T11:01:08.890281,
90646c780c24cfca,https://kg.linkedin.com/jobs/view/dangerous-goods-inspector-at-tezjet-4442375951,Dangerous Goods Inspector,,scraped,2026-07-27T11:01:16.957904,
4223b414509f1485,https://kg.linkedin.com/jobs/view/international-recruitment-service-at-sabnam-exports-4444866201,International Recruitment Service,Sabnam Exports,posted,2026-07-27T11:01:33.740913,826
8ecc50d9788f0409,https://kg.linkedin.com/jobs/view/ready-to-build-your-technical-dream-team%3F-at-dear-tech-talent-4445152841,Ready to Build Your Technical Dream Team?,Dear Tech Talent,posted,2026-07-27T18:08:24.081356,828
f4f35c51498668e7,https://kg.linkedin.com/jobs/view/%D0%B4%D0%B0%D1%80%D1%8C%D1%8F-%D0%B1%D0%BE%D1%87%D0%BA%D0%B0%D1%80%D0%B5%D0%B2%D0%B0-at-rubrain-com-4444829445,Дарья Бочкарева,,scraped,2026-07-27T18:08:28.685313,
21ca46ff87ea5dd1,https://kg.linkedin.com/jobs/view/procurement-specialist-req37856-at-the-world-bank-group-4445986660,Procurement Specialist - req37856,The World Bank Group,posted,2026-07-27T18:08:47.865417,830
ec92eb6c1f2ee1ac,https://kg.linkedin.com/jobs/view/%D0%BA%D0%BE%D0%BD%D1%81%D1%82%D1%80%D1%83%D0%BA%D1%82%D0%BE%D1%80-%D0%BC-%D0%BA%D0%B8%D1%97%D0%B2-at-the-coat-by-katya-silchenko-4445341685,"Конструктор, м. Київ",the COAT by Katya Silchenko,posted,2026-07-27T18:09:10.930064,832
d7234538db23c9d4,https://kg.linkedin.com/jobs/view/diplomity%C3%B6ntekij%C3%A4-indmeas-oy-kaukol%C3%A4mm%C3%B6n-asiakasmittausten-laadunvarmennus-et%C3%A4luetun-datan-avulla-at-suomen-operaatiotutkimusseura-ry-fors-4444697900,"Diplomityöntekijä, Indmeas Oy: Kaukolämmön asiakasmittausten laadunvarmennus etäluetun datan avulla",Suomen Operaatiotutkimusseura ry (FORS),posted,2026-07-27T18:09:26.400063,834
3c2d9643fdc1f5b1,https://kg.linkedin.com/jobs/view/senior-product-manager-at-mbank-4441896444,Senior Product Manager,,scraped,2026-07-27T18:09:29.020221,
4ff54b8e9018c2c9,https://kg.linkedin.com/jobs/view/%D0%B8%D0%BD%D0%B6%D0%B5%D0%BD%D0%B5%D1%80-%D1%81%D0%BC%D0%B5%D1%82%D1%87%D0%B8%D0%BA-at-artistrazh-4445683073,Инженер-сметчик,,scraped,2026-07-27T18:09:46.065065,
a69fe72c3fa1fb5a,https://kg.linkedin.com/jobs/view/%D0%B2%D0%B0%D0%BA%D0%B0%D0%BD%D1%81%D0%B8%D1%8F%0A%D0%BC%D0%B5%D0%BD%D0%B5%D0%B4%D0%B6%D0%B5%D1%80-%D1%81%D0%B5%D1%80%D0%B2%D0%B8%D1%81%D0%B0-%D0%B2-%D1%87%D0%B0%D1%81%D1%82%D0%BD%D1%83%D1%8E-%D1%80%D0%B5%D0%B7%D0%B8%D0%B4%D0%B5%D0%BD%D1%86%D0%B8%D1%8E-%D0%B8%D1%81%D1%81%D1%8B%D0%BA-%D0%BA%D1%83%D0%BB%D1%8C-%D0%BA%D0%B8%D1%80%D0%B3%D0%B8%D0%B7%D0%B8%D1%8F-at-rabotarestoran-4445629453,"Вакансия
Менеджер сервиса в частную резиденцию (Иссык-Куль, Киргизия)",RABOTARESTORAN,posted,2026-07-27T18:10:08.239535,836
fcce297d6af135ba,https://kg.linkedin.com/jobs/view/it-operations-support-trainee-at-epam-systems-4431519093,IT Operations & Support Trainee,EPAM Systems,posted,2026-07-27T18:10:17.294529,838
142075e101453de4,https://kg.linkedin.com/jobs/view/marketing-communication-assistant-at-codify-4442861362,Marketing Communication Assistant,,scraped,2026-07-27T18:10:19.876835,
7d4e63f1f2168781,https://kg.linkedin.com/jobs/view/%D0%BC%D0%B5%D0%BD%D0%B5%D0%B4%D0%B6%D0%B5%D1%80-it-%D0%BF%D1%80%D0%BE%D0%B5%D0%BA%D1%82%D0%BE%D0%B2-at-itms-group-of-companies-4445331836,Менеджер IT-проектов,,scraped,2026-07-27T18:10:36.675452,
6220f3020742c04e,https://kg.linkedin.com/jobs/view/%D0%B8%D0%BD%D0%B6%D0%B5%D0%BD%D0%B5%D1%80-%D0%BA%D0%BE%D0%BD%D1%81%D1%82%D1%80%D1%83%D0%BA%D1%82%D0%BE%D1%80-at-m-konstruktor-4442394313,Инженер-конструктор,M-Konstruktor,posted,2026-07-27T18:10:50.687411,840
46038bc6389323a1,https://kg.linkedin.com/jobs/view/%D1%81%D1%82%D0%B0%D0%B6%D1%91%D1%80-%D0%B2-%D0%BE%D1%82%D0%B4%D0%B5%D0%BB-%D0%BA%D0%BE%D1%80%D0%BF%D0%BE%D1%80%D0%B0%D1%82%D0%B8%D0%B2%D0%BD%D1%8B%D1%85-%D1%84%D0%B8%D0%BD%D0%B0%D0%BD%D1%81%D0%BE%D0%B2-corporate-finance-intern-at-itms-group-of-companies-4445332834,Стажёр в отдел корпоративных финансов (Corporate Finance Intern),,scraped,2026-07-27T18:10:53.243689,
427312a90908f130,https://kg.linkedin.com/jobs/view/%D0%BC%D0%BB%D0%B0%D0%B4%D1%88%D0%B8%D0%B9-%D1%84%D0%B8%D0%BD%D0%B0%D0%BD%D1%81%D0%BE%D0%B2%D1%8B%D0%B9-%D0%BC%D0%B5%D0%BD%D0%B5%D0%B4%D0%B6%D0%B5%D1%80-%D0%BF%D0%BE-%D0%BF%D1%80%D0%BE%D0%B8%D0%B7%D0%B2%D0%BE%D0%B4%D1%81%D1%82%D0%B2%D1%83-junior-operations-finance-manager-at-itms-group-of-companies-4445332836,Младший финансовый менеджер по производству (Junior Operations Finance Manager),,scraped,2026-07-27T18:11:22.300009,
4d8ae6c2061c2491,https://kg.linkedin.com/jobs/view/%D1%81%D0%BF%D0%B5%D1%86%D0%B8%D0%B0%D0%BB%D0%B8%D1%81%D1%82-%D0%BF%D0%BE-%D0%BA%D0%B0%D0%B7%D0%BD%D0%B0%D1%87%D0%B5%D0%B9%D1%81%D0%BA%D0%B8%D0%BC-%D0%BE%D0%BF%D0%B5%D1%80%D0%B0%D1%86%D0%B8%D1%8F%D0%BC-%D0%B8-%D0%BC%D0%B5%D0%B6%D0%B4%D1%83%D0%BD%D0%B0%D1%80%D0%BE%D0%B4%D0%BD%D1%8B%D0%BC-%D0%BF%D0%BB%D0%B0%D1%82%D0%B5%D0%B6%D0%B0%D0%BC-at-royal-inc-4428245614,Специалист по казначейским операциям и международным платежам,,scraped,2026-07-27T18:11:29.111655,
c02052413dfead4f,https://kg.linkedin.com/jobs/view/%D0%B1%D1%83%D1%85%D0%B3%D0%B0%D0%BB%D1%82%D0%B5%D1%80-%D0%BD%D0%B0-%D0%BF%D0%B5%D1%80%D0%B2%D0%B8%D1%87%D0%BD%D1%83%D1%8E-%D0%B4%D0%BE%D0%BA%D1%83%D0%BC%D0%B5%D0%BD%D1%82%D0%B0%D1%86%D0%B8%D1%8E-at-artistrazh-4445385279,Бухгалтер на первичную документацию,,scraped,2026-07-27T18:11:53.382010,
74e6fec9ea801387,https://kg.linkedin.com/jobs/view/environmental-and-social-safeguards-grievance-redress-mechanism-ess-grm-specialist-at-fao-4442843966,Environmental and Social Safeguards/Grievance Redress Mechanism (ESS/GRM) Specialist,,scraped,2026-07-27T18:12:24.436668,
155e2e537df631bd,https://kg.linkedin.com/jobs/view/https-rovorone-com-listing-sealand-foods-international-at-rovorone-4442855523,https://rovorone.com/listing/sealand-foods-international/,Rovorone,posted,2026-07-27T21:54:29.941965,842
d4a99046e2839b22,https://kg.linkedin.com/jobs/view/compliance-and-quality-monitoring-manager-at-tezjet-4442365984,Compliance And Quality Monitoring Manager,,scraped,2026-07-27T21:54:36.575862,
15e541a64a1862ce,https://kg.linkedin.com/jobs/view/administrative-assistant-remote-little-rock-arkansas-united-states-at-international-programs-group-4445179472,"Administrative Assistant - REMOTE - Little Rock, Arkansas, United States",,scraped,2026-07-27T21:54:43.046429,
aa01abf67f455987,https://kg.linkedin.com/jobs/view/epic-kyrgyzstan-associate-director-technical-at-fhi-360-4445951191,"EpiC Kyrgyzstan Associate Director, Technical",FHI 360,posted,2026-07-27T21:56:28.721836,844
a67b59bd19358cdd,https://kg.linkedin.com/jobs/view/epp-iii-patriot-generator-rebuild-technician-camp-arifjan-kuwait-at-general-dynamics-information-technology-4434772211,"EPP III Patriot Generator Rebuild Technician (Camp Arifjan, Kuwait)",General Dynamics Information Technology,posted,2026-07-27T21:56:56.606010,846
0556304957180eb0,https://kg.linkedin.com/jobs/view/aquacross-2026-aquatic-ecosystems-in-the-face-of-global-environmental-change-at-dies-uniud-dipartimento-di-scienze-economiche-e-statistiche-4442862310,AquAcross 2026 - Aquatic ecosystems in the face of global environmental change,,scraped,2026-07-28T07:59:21.070960,
21a90034069a2229,https://kg.linkedin.com/jobs/view/port-agency-services-at-west-cumbria-business-cluster-limited-4446172174,Port Agency Services,WEST CUMBRIA BUSINESS CLUSTER LIMITED,posted,2026-07-28T07:59:36.340804,848
a055559404e25fa4,https://kg.linkedin.com/jobs/view/%D0%B7%D0%B0%D0%BC%D0%B5%D1%81%D1%82%D0%B8%D1%82%D0%B5%D0%BB%D1%8C-%D0%BD%D0%B0%D1%87%D0%B0%D0%BB%D1%8C%D0%BD%D0%B8%D0%BA%D0%B0-%D1%81%D0%BA%D0%BB%D0%B0%D0%B4%D0%B0-%D1%89%D0%B5%D0%BB%D0%BA%D0%BE%D0%B2%D0%BE-%D0%BC%D0%BE%D1%81%D0%BA%D0%BE%D0%B2%D1%81%D0%BA%D0%B0%D1%8F-%D0%BE%D0%B1%D0%BB%D0%B0%D1%81%D1%82%D1%8C-at-nag-4445189841,Заместитель начальника склада Щелково (Московская область),,scraped,2026-07-28T07:59:38.966507,
ffb9609e2754cc4b,https://kg.linkedin.com/jobs/view/assistant-at-tezjet-4442380150,Assistant,,scraped,2026-07-28T07:59:47.160388,
28563e5293bf3938,https://kg.linkedin.com/jobs/view/project-manager-middle%2B-at-secreate-io-4444823349,Project Manager [Middle+],,scraped,2026-07-28T07:59:59.340356,
4710ecffb26542ba,https://kg.linkedin.com/jobs/view/aviation-security-inspector-at-tezjet-4442370961,Aviation Security Inspector,,scraped,2026-07-28T08:00:07.653206,
9c6f5fabf18885b1,https://kg.linkedin.com/jobs/view/production-ai-innovation-lead-contract-remote-at-infuse-4445227201,"Production AI Innovation Lead (Contract, Remote)",INFUSE,posted,2026-07-28T08:00:21.233977,850
f2af2831e91d3c1a,https://kg.linkedin.com/jobs/view/erp-build-and-implementation-and-associated-planning-and-reporting-tools-at-west-cumbria-business-cluster-limited-4446150910,"ERP Build and Implementation, and Associated Planning and Reporting Tools",WEST CUMBRIA BUSINESS CLUSTER LIMITED,posted,2026-07-28T08:00:53.934749,852
a4b25b48c29ed1a0,https://kg.linkedin.com/jobs/view/front-desk-agent-at-papagayo-cura%C3%A7ao-4443238816,Front Desk Agent,Papagayo Curaçao,posted,2026-07-28T16:02:22.209289,854
a869035fba721b48,https://kg.linkedin.com/jobs/view/international-organisations-at-protocoltoday-sme-today-entrepreneurs-international-business-4445349780,INTERNATIONAL ORGANISATIONS,,scraped,2026-07-28T16:02:28.895586,
966072aacc0223b4,https://kg.linkedin.com/jobs/view/international-multicultural-student-organizations-at-bama-study-abroad-4443209423,International & Multicultural Student Organizations,Bama Study Abroad,posted,2026-07-28T16:02:47.861905,856
57782a429bb55d4d,https://kg.linkedin.com/jobs/view/%D1%82%D0%B0%D0%BB%D0%B0%D0%BF-%D0%BA%D1%8B%D0%BB%D1%8B%D0%BD%D0%B0%D1%82-%D0%B1%D0%B0%D1%88%D0%BA%D1%8B-%D0%B0%D0%B4%D0%B8%D1%81-%D0%BA%D0%BE%D1%80%D0%BF%D0%BE%D1%80%D0%B0%D1%82%D0%B8%D0%B2%D0%B4%D0%B8%D0%BA-%D0%BA%D1%80%D0%B5%D0%B4%D0%B8%D1%82%D1%82%D3%A9%D3%A9-%D0%B1%D0%BE%D1%8E%D0%BD%D1%87%D0%B0-%D0%B0%D0%B4%D0%B8%D1%81-at-abank-4446146346,Талап кылынат: Башкы адис / корпоративдик кредиттөө боюнча адис,ABank,posted,2026-07-28T16:03:17.202109,858
54b0f30007515e67,https://kg.linkedin.com/jobs/view/it-operations-support-trainee-at-epam-systems-4431508255,IT Operations & Support Trainee,EPAM Systems,posted,2026-07-28T16:03:25.925881,838
1ae9169351373cab,https://kg.linkedin.com/jobs/view/geotechnical-engineer-at-association-malienne-de-recherche-action-pour-le-d%C3%A9veloppement-4443209028,Geotechnical Engineer,,scraped,2026-07-28T16:03:34.597511,
788364d8f832dd24,https://kg.linkedin.com/jobs/view/%D0%BC%D0%B0%D1%80%D0%BA%D0%B5%D1%82%D0%BE%D0%BB%D0%BE%D0%B3-%D0%B2-%D1%81%D0%B5%D1%82%D1%8C-%D0%BA%D1%83%D0%BB%D0%B8%D0%BD%D0%B0%D1%80%D0%B8%D0%B9-%D1%87%D1%83%D0%B4%D0%BE-%D0%BF%D0%B5%D1%87%D0%BA%D0%B0-at-fun-sun-team-4443249783,"Маркетолог в сеть кулинарий ""Чудо-Печка""",,scraped,2026-07-28T16:03:59.068836,
509ef3e1f40e8b15,https://kg.linkedin.com/jobs/view/middle-senior-c%23-developer-at-fun-sun-team-4443269225,Middle/Senior C# developer,,scraped,2026-07-28T16:04:11.076532,
0cbb725ffdf4b31c,https://kg.linkedin.com/jobs/view/lead-bi-business-analyst-at-epam-systems-4430237439,Lead BI Business Analyst,EPAM Systems,posted,2026-07-28T16:04:26.459855,860
00f68d88981326a3,https://kg.linkedin.com/jobs/view/senior-ai-data-engineer-data-platforms-at-epam-systems-4443265196,"Senior AI Data Engineer, Data Platforms",EPAM Systems,posted,2026-07-28T16:05:06.118321,862
540d19a5af833b75,https://kg.linkedin.com/jobs/view/sat-math-teacher-4442384027,SAT Math Teacher,ISK,posted,2026-07-28T16:05:41.582667,864
1b4c74da91aa1b96,https://kg.linkedin.com/jobs/view/cds-information-systems-security-officer-isso-at-general-dynamics-information-technology-4446124620,CDS Information Systems Security Officer (ISSO),General Dynamics Information Technology,posted,2026-07-28T16:06:44.955872,866
539051112a4ac4e6,https://kg.linkedin.com/jobs/view/utilities-operator-at-ab-inbev-africa-4446374449,Utilities Operator,,scraped,2026-07-28T20:42:49.247550,
dce63dd81078b397,https://kg.linkedin.com/jobs/view/success-and-growth-workshop-at-bama-study-abroad-4443205462,Success and Growth Workshop,Bama Study Abroad,posted,2026-07-28T20:43:31.456092,868
90cee2e22e57fa3a,https://kg.linkedin.com/jobs/view/%D1%81%D0%BF%D0%B5%D1%86%D0%B8%D0%B0%D0%BB%D0%B8%D1%81%D1%82-%D0%B8%D0%BD%D1%84%D0%BE%D1%80%D0%BC%D0%B0%D1%86%D0%B8%D0%BE%D0%BD%D0%BD%D0%BE%D0%B3%D0%BE-%D1%86%D0%B5%D0%BD%D1%82%D1%80%D0%B0-at-fun-sun-team-4443270270,Специалист информационного центра,,scraped,2026-07-28T20:43:33.938233,
5206b903f51f406e,https://kg.linkedin.com/jobs/view/sr-people-culture-business-partner-short-term-at-jsi-4444752575,Sr People & Culture Business Partner (short-term),JSI,posted,2026-07-29T08:08:30.309069,870
ffcc12b5e7f0a33c,https://kg.linkedin.com/jobs/view/head-of-enterprise-support-and-service-operations-at-epam-systems-4446025162,Head of Enterprise Support and Service Operations,EPAM Systems,posted,2026-07-29T08:08:49.097216,872
7ba7f3f5a48ec145,https://kg.linkedin.com/jobs/view/manager-cloud-efficiency-insights-at-the-new-york-times-4446183349,"Manager, Cloud Efficiency & Insights",The New York Times,posted,2026-07-29T08:08:59.390504,874
e78b24e320831cc9,https://kg.linkedin.com/jobs/view/%D0%BC%D0%B5%D0%BD%D0%B5%D0%B4%D0%B6%D0%B5%D1%80-%D0%BF%D0%BE-%D0%BF%D1%80%D0%BE%D0%B4%D0%B0%D0%B6%D0%B0%D0%BC-%D0%BE%D0%BD%D0%BB%D0%B0%D0%B9%D0%BD-%D0%BA%D1%83%D1%80%D1%81%D0%BE%D0%B2-%D0%B3%D0%BE%D1%80%D1%8F%D1%87%D0%B8%D0%B5-%D0%BB%D0%B8%D0%B4%D1%8B-at-fun-sun-team-4443252477,Менеджер по продажам онлайн-курсов (горячие лиды),,scraped,2026-07-29T08:09:08.021705,
9e9c56c4a7fa614e,https://kg.linkedin.com/jobs/view/%D0%BF%D1%80%D0%BE%D0%B3%D1%80%D0%B0%D0%BC%D0%BC%D0%B8%D1%81%D1%82-%D1%81%D1%82%D0%B0%D0%B6%D0%B5%D1%80-1c-at-fun-sun-team-4443263373,Программист-стажер 1C,,scraped,2026-07-29T08:09:36.760909,
dc8960e1148a4171,https://kg.linkedin.com/jobs/view/network-admin-shift-at-general-dynamics-information-technology-4444468175,Network Admin (Shift),General Dynamics Information Technology,posted,2026-07-29T08:10:31.455614,876
f13e1e88246a5fdb,https://kg.linkedin.com/jobs/view/senior-ai-engineer-with-reactjs-at-epam-systems-4446005535,Senior AI Engineer with ReactJS,EPAM Systems,posted,2026-07-29T08:10:39.102729,878
6690f0c44231283a,https://kg.linkedin.com/jobs/view/senior-ml-infrastructure-engineer-devops-at-epam-systems-4446006559,Senior ML Infrastructure Engineer (DevOps),EPAM Systems,posted,2026-07-29T08:10:47.232390,880
467b2c09af4eb21d,https://kg.linkedin.com/jobs/view/senior-ai-agent-developer-with-aws-databricks-at-epam-systems-4446005537,"Senior AI Agent Developer with AWS, Databricks",EPAM Systems,posted,2026-07-29T08:10:59.305877,882
0f86320b7082c35a,https://kg.linkedin.com/jobs/view/%D0%B1%D0%B8%D0%B7%D0%BD%D0%B5%D1%81-%D0%B0%D0%BD%D0%B0%D0%BB%D0%B8%D1%82%D0%B8%D0%BA-middle%2B-at-secreate-io-4444823349,Бизнес-Аналитик [Middle+],,scraped,2026-07-29T16:03:22.075158,
b9b91a187302ceed,https://kg.linkedin.com/jobs/view/packaging-instrument-artisan-at-ab-inbev-africa-4446805237,Packaging Instrument Artisan,,scraped,2026-07-29T16:03:38.522451,
1224777cafbecf64,https://kg.linkedin.com/jobs/view/disaster-prevention-and-management-an-international-journal-at-section-on-emergency-and-crisis-management-secm-4446429265,Disaster Prevention and Management: An International Journal,Section on Emergency and Crisis Management (SECM),posted,2026-07-29T20:19:03.093513,884
6dccfb85e7161f03,https://kg.linkedin.com/jobs/view/human-and-ecological-risk-assessment-an-international-journal-at-section-on-emergency-and-crisis-management-secm-4446428314,Human and Ecological Risk Assessment: An International Journal,Section on Emergency and Crisis Management (SECM),posted,2026-07-29T20:19:17.688960,886
81d9b9939e6edc0a,https://kg.linkedin.com/jobs/view/%D0%BC%D0%B5%D0%BD%D0%B5%D0%B4%D0%B6%D0%B5%D1%80-%D0%BF%D0%BE-%D0%BF%D1%80%D0%BE%D0%B4%D0%B0%D0%B6%D0%B0%D0%BC-at-fun-sun-team-4443262390,Менеджер по продажам,,scraped,2026-07-29T20:19:28.935963,
106d22ed82e4f53d,https://kg.linkedin.com/jobs/view/it-operations-support-trainee-at-epam-systems-4431525010,IT Operations & Support Trainee,EPAM Systems,posted,2026-07-29T20:19:42.377971,838
1229629cdcb8b4ff,https://kg.linkedin.com/jobs/view/senior-property-claims-examiner-remote-little-rock-arkansas-united-states-at-international-programs-group-4445424371,"Senior Property Claims Examiner - Remote - Little Rock, Arkansas, United States",,scraped,2026-07-29T20:19:59.083816,
a6792059bcf71763,https://kg.linkedin.com/jobs/view/salesforce-business-solution-architect-at-epam-systems-4446021292,Salesforce Business Solution Architect,EPAM Systems,posted,2026-07-29T20:20:49.812233,888
4cb5fed955d108a0,https://kg.linkedin.com/jobs/view/data-architect-at-epam-systems-4442834363,Data Architect,EPAM Systems,posted,2026-07-29T20:21:20.414450,250
af6258303d77c119,https://kg.linkedin.com/jobs/view/lead-data-integration-engineer-at-epam-systems-4431070617,Lead Data Integration Engineer,EPAM Systems,posted,2026-07-29T20:22:09.107316,890
bece1c068bd38a26,https://kg.linkedin.com/jobs/view/senior-devops-engineer-ms-azure-fabric-at-epam-systems-4446007484,Senior DevOps Engineer (MS Azure/Fabric),EPAM Systems,posted,2026-07-29T20:22:21.573121,892
5258ba61f385afe4,https://kg.linkedin.com/jobs/view/activity-security-representative-asr-ii-lakenheath-uk-at-general-dynamics-information-technology-4446547007,"Activity Security Representative (ASR) II - Lakenheath, UK",General Dynamics Information Technology,posted,2026-07-29T20:23:00.402417,894
df1a12828552a255,https://kg.linkedin.com/jobs/view/senior-data-software-engineer-aws-lambda-at-epam-systems-4442844650,"Senior Data Software Engineer, AWS Lambda",EPAM Systems,posted,2026-07-29T20:23:13.987391,896
a2fbe593785368c0,https://kg.linkedin.com/jobs/view/program-security-representative-psr-i-ramstein-germany-at-general-dynamics-information-technology-4446529934,"Program Security Representative (PSR) I - Ramstein, Germany",General Dynamics Information Technology,posted,2026-07-29T20:23:33.102156,898
90f2ae0f409d6c5a,https://kg.linkedin.com/jobs/view/project-manager-bilingual-%E2%80%93-english-russian-ukrainian-at-insideout-4444154029,Project Manager (Bilingual – English & Russian/Ukrainian),InsideOut,posted,2026-07-29T20:24:00.942968,900
1048d5363347ab86,https://kg.linkedin.com/jobs/view/senior-project-manager-remote-contract-at-infuse-4446853751,"Senior Project Manager (Remote, Contract)",INFUSE,posted,2026-07-30T07:45:26.111490,546
d3cd3249fc9d1ba2,https://kg.linkedin.com/jobs/view/international-program-manager-at-onlinejobs-ph-4446409882,International Program Manager,OnlineJobs.PH,posted,2026-07-30T07:45:35.781409,902
60a8e72a34b5fa9e,https://kg.linkedin.com/jobs/view/performance-marketing-manager-at-salmon-group-ltd-4445470859,Performance Marketing Manager,,scraped,2026-07-30T07:45:46.544671,
818ba7994e564e07,https://kg.linkedin.com/jobs/view/iata-board-appoints-saadia-zahidi-as-direct-at-asia-cargo-news-4446700194,IATA Board appoints Saadia Zahidi as direct...,Asia Cargo News,posted,2026-07-30T07:46:16.297524,904
0eb8c2bce90db940,https://kg.linkedin.com/jobs/view/deputy-head-of-internal-audit-at-finca-bank-kyrgyzstan-4433181033,Deputy Head of Internal Audit,,scraped,2026-07-30T07:46:51.083607,
ba03b1fb2af6c019,https://kg.linkedin.com/jobs/view/%C2%AB%D0%B0%D0%B9%D1%8B%D0%BB-%D0%B1%D0%B0%D0%BD%D0%BA%C2%BB-%D0%B0%D0%B0%D0%BA%D1%81%D1%8B-%D0%B1%D0%B8%D1%88%D0%BA%D0%B5%D0%BA-%D1%88%D0%B0%D0%B0%D1%80%D1%8B%D0%BD%D0%B4%D0%B0-%D0%BF%D1%80%D0%BE%D0%BC%D0%BE%D1%83%D1%82%D0%B5%D1%80%D0%BB%D0%B5%D1%80%D0%B4%D0%B8-%D0%B6%D1%83%D0%BC%D1%83%D1%88%D0%BA%D0%B0-%D1%87%D0%B0%D0%BA%D1%8B%D1%80%D0%B0%D1%82-at-abank-4446133895,«Айыл Банк» ААКсы Бишкек шаарында промоутерлерди жумушка чакырат,ABank,failed|wp_post_failed,2026-07-30T07:47:05.037713,
272706f95fe1d03d,https://kg.linkedin.com/jobs/view/%D0%B0%D1%81%D1%81%D0%B8%D1%81%D1%82%D0%B5%D0%BD%D1%82-%D0%BC%D0%B5%D0%BD%D0%B5%D0%B4%D0%B6%D0%B5%D1%80%D0%B0-%D0%BF%D0%BE-%D1%80%D0%B0%D0%B1%D0%BE%D1%82%D0%B5-%D1%81-%D0%B1%D0%BB%D0%BE%D0%B3%D0%B5%D1%80%D0%B0%D0%BC%D0%B8-at-fun-sun-team-4443250817,Ассистент менеджера по работе с блогерами,,scraped,2026-07-30T07:47:21.686659,
ca7156d2d6f59bce,https://kg.linkedin.com/jobs/view/product-manager-dell-emc-ecis-kyrgyzstan-at-muk-4444533493,Product Manager Dell EMC eCIS (Kyrgyzstan),,scraped,2026-07-30T07:48:07.882995,
c2d2b5855b3ec5e8,https://kg.linkedin.com/jobs/view/g4s-s%C3%B8ger-sikkerhedsvagter-til-fastvagt-i-thisted-%E2%80%93-er-du-klar-p%C3%A5-en-aktiv-og-udfordrende-arbejdsdag%3F-at-g4s-4446528701,G4S søger Sikkerhedsvagter til fastvagt i Thisted – Er du klar på en aktiv og udfordrende arbejdsdag?,G4S,posted,2026-07-30T07:49:11.543256,906
d6884123a78de5d5,https://kg.linkedin.com/jobs/view/information-systems-security-officer-isso-iii-at-general-dynamics-information-technology-4446174670,Information Systems Security Officer (ISSO) III,General Dynamics Information Technology,posted,2026-07-30T07:49:27.137906,908
78d81ed2c2efc7c0,https://kg.linkedin.com/jobs/view/full-stack-web-development-intern-at-mentorax-4442372708,Full Stack Web Development Intern,,scraped,2026-07-30T13:26:21.964694,
e4eebc095d7d9eef,https://kg.linkedin.com/jobs/view/https-indonesiacareercenter-id-inp-viii-pt-shopee-international-indonesia-at-indonesia-career-center-network-4444522729,https://indonesiacareercenter.id/inp-viii-pt-shopee-international-indonesia/,Indonesia Career Center Network,posted,2026-07-30T13:26:50.252312,910
839a8db6ea89f301,https://kg.linkedin.com/jobs/view/affiliate-manager-iran-turkey-at-azurainfinity-4443292383,Affiliate Manager - Iran/Turkey,,scraped,2026-07-30T13:27:02.893866,
193a79753b3dfe0f,https://kg.linkedin.com/jobs/view/rotary-international-house-at-bama-study-abroad-4443209428,Rotary International House,Bama Study Abroad,posted,2026-07-30T13:27:24.781855,912
dcefe3c0560edf19,https://kg.linkedin.com/jobs/view/%D1%80%D0%B5%D0%B3%D0%B8%D0%BE%D0%BD%D0%B0%D0%BB%D1%8C%D0%BD%D1%8B%D0%B9-%D0%BF%D1%80%D0%B5%D0%B4%D1%81%D1%82%D0%B0%D0%B2%D0%B8%D1%82%D0%B5%D0%BB%D1%8C-%D0%BA%D0%B0%D0%B7%D0%B0%D1%85%D1%81%D1%82%D0%B0%D0%BD-%D1%85%D0%BE%D0%BA%D0%BA%D0%B5%D0%B9%D0%BD%D0%B0%D1%8F-%D1%84%D0%BE%D1%80%D0%BC%D0%B0-%D0%B0%D1%82%D1%80%D0%B8%D0%B1%D1%83%D1%82%D0%B8%D0%BA%D0%B0-%D0%BE%D1%82-%D0%BF%D1%80%D0%BE%D0%B8%D0%B7%D0%B2%D0%BE%D0%B4%D0%B8%D1%82%D0%B5%D0%BB%D1%8F-at-fun-sun-team-4443249808,"Региональный представитель Казахстан (хоккейная форма, атрибутика от производителя)",,scraped,2026-07-30T13:27:49.106860,
bf57528303a77ed4,https://kg.linkedin.com/jobs/view/senior-javascript-test-automation-engineer-at-epam-systems-4444503825,Senior JavaScript Test Automation Engineer,EPAM Systems,posted,2026-07-30T13:28:55.882214,914
b6adb266859146bf,https://kg.linkedin.com/jobs/view/network-manager-ii-at-general-dynamics-information-technology-4446737466,Network Manager II,General Dynamics Information Technology,posted,2026-07-30T13:30:09.034754,504
12c5b33ecb38b406,https://kg.linkedin.com/jobs/view/it-executive-at-agrocorp-international-4444588002,IT-Executive,,scraped,2026-07-30T13:30:17.752822,
64ce5ff53fd674aa,https://kg.linkedin.com/jobs/view/international-relations-specialist%0A-6-at-niti-global-consulting-pvt-ltd-4446712168,"International Relations Specialist
(6)",Niti Global Consulting Pvt. Ltd.,posted,2026-07-30T19:03:24.278366,916
3db9b41f9dd52e98,https://kg.linkedin.com/jobs/view/%D0%BC%D0%B5%D0%BD%D0%B5%D0%B4%D0%B6%D0%B5%D1%80-%D0%BF%D0%BE-%D0%BF%D1%80%D0%BE%D0%B4%D0%B0%D0%B6%D0%B0%D0%BC-%D0%B2-%D0%B3-%D1%85%D1%83%D0%B4%D0%B6%D0%B0%D0%BD%D0%B4-at-somon-tj-4445441859,Менеджер по продажам в г. Худжанд,Somon.tj,posted,2026-07-30T19:03:40.708481,918
babc2671c4329307,https://kg.linkedin.com/jobs/view/quality-manager-penang-at-michael-page-4447023156,Quality Manager (Penang),Michael Page,posted,2026-07-30T19:03:55.831685,920
dbe72e2c09f4e57e,https://kg.linkedin.com/jobs/view/%D0%BA%D0%BE%D0%BD%D1%81%D1%83%D0%BB%D1%8C%D1%82%D0%B0%D0%BD%D1%82-%D0%BF%D0%BE-%D1%80%D0%B0%D0%B7%D0%B2%D0%B8%D1%82%D0%B8%D1%8E-%D0%B1%D0%B8%D0%B7%D0%BD%D0%B5%D1%81%D0%B0-%D0%B2-%D1%81%D1%84%D0%B5%D1%80%D0%B5-%D0%BF%D0%B5%D1%80%D0%B5%D1%81%D1%82%D1%80%D0%B0%D1%85%D0%BE%D0%B2%D0%B0%D0%BD%D0%B8%D1%8F-at-reinsurance-cafe-central-asia-llc-4442808282,Консультант по развитию бизнеса в сфере перестрахования,,scraped,2026-07-30T19:04:00.438328,
dce07a3f980c15be,https://kg.linkedin.com/jobs/view/personal-assistant-at-puffy-4443671679,Personal Assistant,Puffy,posted,2026-07-30T19:04:16.399442,922
cb905f7c2a027877,https://kg.linkedin.com/jobs/view/ai-architect-with-ai-governance-at-epam-systems-4446791440,AI Architect with AI Governance,EPAM Systems,posted,2026-07-30T19:05:31.144055,924
2448186c1ccffe84,https://kg.linkedin.com/jobs/view/%D0%BA%D0%BE%D0%BC%D0%BC%D0%B5%D1%80%D1%87%D0%B5%D1%81%D0%BA%D0%B8%D0%B9-%D0%B4%D0%B8%D1%80%D0%B5%D0%BA%D1%82%D0%BE%D1%80-cco-at-fun-sun-team-4443249714,Коммерческий директор (CCO),,scraped,2026-07-30T19:05:37.690696,
782c014cbb0733db,https://kg.linkedin.com/jobs/view/senior-net-engineer-to-drive-a-shift-left-approach-at-epam-systems-4446012441,Senior .NET Engineer to drive a Shift-Left approach,EPAM Systems,posted,2026-07-30T19:06:15.452376,926
37d9adb64529db24,https://kg.linkedin.com/jobs/view/%D0%B8%D0%BD%D0%B6%D0%B5%D0%BD%D0%B5%D1%80-%D0%BF%D1%80%D0%BE%D0%B5%D0%BA%D1%82%D0%B8%D1%80%D0%BE%D0%B2%D1%89%D0%B8%D0%BA-%D0%BF%D1%80%D0%BE%D0%B5%D0%BA%D1%82%D0%B8%D1%80%D0%BE%D0%B2%D1%89%D0%B8%D0%BA%D0%B0-%D1%81%D0%B8%D1%81%D1%82%D0%B5%D0%BC-%D0%B0%D0%B2%D1%82%D0%BE%D0%BC%D0%B0%D1%82%D0%B8%D0%B7%D0%B0%D1%86%D0%B8%D0%B8-%D1%82%D0%B5%D1%85%D0%BD%D0%BE%D0%BB%D0%BE%D0%B3%D0%B8%D1%87%D0%B5%D1%81%D0%BA%D0%B8%D1%85-%D0%BF%D1%80%D0%BE%D1%86%D0%B5%D1%81%D1%81%D0%BE%D0%B2-%D1%81%D0%BB%D0%B0%D0%B1%D0%BE%D1%82%D0%BE%D1%87%D0%BD%D1%8B%D1%85-%D1%81%D0%B5%D1%82%D0%B5%D0%B9-%D0%B8-%D1%81%D0%B5%D1%82%D0%B5%D0%B9-%D1%81%D0%B2%D1%8F%D0%B7%D0%B8-at-%D0%BE%D0%BE%D0%BE-%D1%80%D0%B5%D0%B3%D0%B8%D0%BE%D0%BD-4445034386,Инженер-проектировщик проектировщика систем автоматизации технологических процессов/слаботочных сетей и сетей связи,"ООО ""Регион""",posted,2026-07-30T19:06:48.377365,928
ebdca440f0266d10,https://kg.linkedin.com/jobs/view/%D0%B8%D0%BD%D0%B6%D0%B5%D0%BD%D0%B5%D1%80-%D0%BF%D1%80%D0%BE%D0%B5%D0%BA%D1%82%D0%B8%D1%80%D0%BE%D0%B2%D1%89%D0%B8%D0%BA-%D0%BF%D1%80%D0%BE%D0%B5%D0%BA%D1%82%D0%B8%D1%80%D0%BE%D0%B2%D1%89%D0%B8%D0%BA%D0%B0-%D1%81%D0%B8%D1%81%D1%82%D0%B5%D0%BC-%D0%B0%D0%B2%D1%82%D0%BE%D0%BC%D0%B0%D1%82%D0%B8%D0%B7%D0%B0%D1%86%D0%B8%D0%B8-%D1%82%D0%B5%D1%85%D0%BD%D0%BE%D0%BB%D0%BE%D0%B3%D0%B8%D1%87%D0%B5%D1%81%D0%BA%D0%B8%D1%85-%D0%BF%D1%80%D0%BE%D1%86%D0%B5%D1%81%D1%81%D0%BE%D0%B2-%D1%81%D0%BB%D0%B0%D0%B1%D0%BE%D1%82%D0%BE%D1%87%D0%BD%D1%8B%D1%85-%D1%81%D0%B5%D1%82%D0%B5%D0%B9-%D0%B8-%D1%81%D0%B5%D1%82%D0%B5%D0%B9-%D1%81%D0%B2%D1%8F%D0%B7%D0%B8-at-%D0%BE%D0%BE%D0%BE-%D1%80%D0%B5%D0%B3%D0%B8%D0%BE%D0%BD-4445035473,Инженер-проектировщик проектировщика систем автоматизации технологических процессов/слаботочных сетей и сетей связи,"ООО ""Регион""",scraped,2026-07-30T19:06:52.401454,
2ed1e881c49cffe9,https://kg.linkedin.com/jobs/view/senior-data-integration-engineer-at-epam-systems-4431071708,Senior Data Integration Engineer,EPAM Systems,posted,2026-07-30T19:07:32.335452,930
9e98b9792fa087cc,https://kg.linkedin.com/jobs/view/it-operations-support-trainee-at-epam-systems-4431511230,IT Operations & Support Trainee,EPAM Systems,posted,2026-07-30T19:07:59.164449,838
cb22dcf176345d08,https://kg.linkedin.com/jobs/view/data-focused-project-coordinator-remote-contract-at-infuse-4447092608,"Data-Focused Project Coordinator (Remote, Contract)",INFUSE,posted,2026-07-30T23:40:59.279431,230
db1d0b0931c1f1fb,https://kg.linkedin.com/jobs/view/plan-international-belgi%C3%AB-werft-aan-een-process-donor-experience-officer-at-fundraisers-belgium-4445192633,Plan International België werft aan: een Process & Donor Experience Officer,,scraped,2026-07-30T23:41:17.855845,
502928cce9650986,https://kg.linkedin.com/jobs/view/%D0%B1%D0%B8%D0%B7%D0%BD%D0%B5%D1%81-%D0%B0%D1%81%D1%81%D0%B8%D1%81%D1%82%D0%B5%D0%BD%D1%82-%D1%81%D0%BE%D0%B1%D1%81%D1%82%D0%B2%D0%B5%D0%BD%D0%BD%D0%B8%D0%BA%D0%B0-at-fun-sun-team-4443260351,Бизнес-ассистент собственника,,scraped,2026-07-30T23:41:47.481202,
ffc0d2836a250d09,https://kg.linkedin.com/jobs/view/%D0%B0%D0%B4%D0%BC%D0%B8%D0%BD%D0%B8%D1%81%D1%82%D1%80%D0%B0%D1%82%D0%BE%D1%80-%D1%81%D1%82%D1%83%D0%B4%D0%B8%D0%B8-%D0%BA%D1%80%D0%B0%D1%81%D0%BE%D1%82%D1%8B-at-fun-sun-team-4443265251,Администратор студии красоты,,scraped,2026-07-30T23:41:59.491235,
e76bdb48447b4eb5,https://kg.linkedin.com/jobs/view/%D0%B2%D0%B5%D0%B4%D1%83%D1%89%D0%B8%D0%B9-%D0%B8%D0%BD%D0%B6%D0%B5%D0%BD%D0%B5%D1%80-%D0%BA%D0%BE%D0%BD%D1%81%D1%82%D1%80%D1%83%D0%BA%D1%82%D0%BE%D1%80-at-%D0%BE%D0%BE%D0%BE-%D1%80%D0%B5%D0%B3%D0%B8%D0%BE%D0%BD-4445038446,Ведущий инженер-конструктор,"ООО ""Регион""",posted,2026-07-30T23:42:20.244827,932
b09b859ff1f31137,https://kg.linkedin.com/jobs/view/%D0%B8%D0%BD%D0%B6%D0%B5%D0%BD%D0%B5%D1%80-%D0%BF%D1%80%D0%BE%D0%B5%D0%BA%D1%82%D0%B8%D1%80%D0%BE%D0%B2%D1%89%D0%B8%D0%BA-%D0%BE%D1%82%D0%B4%D0%B5%D0%BB%D0%B0-%D0%B3%D0%B5%D0%BD%D0%B5%D1%80%D0%B0%D0%BB%D1%8C%D0%BD%D0%BE%D0%B3%D0%BE-%D0%BF%D0%BB%D0%B0%D0%BD%D0%B0-at-%D0%BE%D0%BE%D0%BE-%D1%80%D0%B5%D0%B3%D0%B8%D0%BE%D0%BD-4445022538,Инженер-проектировщик отдела генерального плана,"ООО ""Регион""",posted,2026-07-30T23:42:28.847035,934
97917a244f669429,https://kg.linkedin.com/jobs/view/marketing-operations-specialist-b2b-martech-campaigns-at-epam-systems-4446775661,"Marketing Operations Specialist (B2B, MarTech & Campaigns)",EPAM Systems,posted,2026-07-30T23:42:40.310183,936
921d02e67412a56c,https://kg.linkedin.com/jobs/view/%D1%81%D1%82%D0%B0%D1%80%D1%88%D0%B8%D0%B9-%D0%BC%D0%B5%D0%BD%D0%B5%D0%B4%D0%B6%D0%B5%D1%80-%D0%BF%D0%BE-%D0%B7%D0%B0%D0%BA%D1%83%D0%BF%D0%BA%D0%B0%D0%BC-at-itms-group-of-companies-4447029560,Старший менеджер по закупкам,,scraped,2026-07-30T23:42:50.947035,
6cf32d200e1a4aa3,https://kg.linkedin.com/jobs/view/%D1%81%D1%82%D0%B0%D0%B6%D1%91%D1%80-%D0%B1%D1%83%D1%85%D0%B3%D0%B0%D0%BB%D1%82%D0%B5%D1%80-%D0%BF%D0%BE-%D1%80%D0%B0%D1%81%D1%87%D0%B5%D1%82%D1%83-%D1%81-%D0%BF%D0%BE%D1%81%D1%82%D0%B0%D0%B2%D1%89%D0%B8%D0%BA%D0%B0%D0%BC%D0%B8-at-itms-group-of-companies-4447032377,Стажёр - бухгалтер по расчету с поставщиками,,scraped,2026-07-30T23:43:12.873021,
3cc82498a728450a,https://kg.linkedin.com/jobs/view/system-engineer-sre-cloudflare-acquia-cms-at-epam-systems-4446793395,System Engineer / SRE (Cloudflare & Acquia CMS),EPAM Systems,posted,2026-07-30T23:43:35.122738,938
932742c2b08ed972,https://kg.linkedin.com/jobs/view/material-handler-qas-bdl-at-the-inland-group-of-companies-4446901975,Material Handler (QAS-BDL),,scraped,2026-07-30T23:44:26.006719,
c5163ac2a878e615,https://kg.linkedin.com/jobs/view/%D0%B8%D0%BD%D0%B6%D0%B5%D0%BD%D0%B5%D1%80-%D0%BF%D1%80%D0%BE%D0%B5%D0%BA%D1%82%D0%B8%D1%80%D0%BE%D0%B2%D1%89%D0%B8%D0%BA-%D0%BE%D1%82%D0%B4%D0%B5%D0%BB%D0%B0-%D1%8D%D0%BB%D0%B5%D0%BA%D1%82%D1%80%D0%BE%D1%81%D0%BD%D0%B0%D0%B1%D0%B6%D0%B5%D0%BD%D0%B8%D1%8F-at-%D0%BE%D0%BE%D0%BE-%D1%80%D0%B5%D0%B3%D0%B8%D0%BE%D0%BD-4445022540,Инженер-проектировщик Отдела Электроснабжения,"ООО ""Регион""",posted,2026-07-30T23:44:47.586572,940
6e258efea96a3cd7,https://kg.linkedin.com/jobs/view/%D0%B8%D0%BD%D0%B6%D0%B5%D0%BD%D0%B5%D1%80-%D0%BA%D0%BE%D0%BD%D1%81%D1%82%D1%80%D1%83%D0%BA%D1%82%D0%BE%D1%80-%D0%B0%D1%80%D1%85%D0%B8%D1%82%D0%B5%D0%BA%D1%82%D1%83%D1%80%D0%BD%D0%BE-%D1%81%D1%82%D1%80%D0%BE%D0%B8%D1%82%D0%B5%D0%BB%D1%8C%D0%BD%D0%BE%D0%B3%D0%BE-%D0%BE%D1%82%D0%B4%D0%B5%D0%BB%D0%B0-at-%D0%BE%D0%BE%D0%BE-%D1%80%D0%B5%D0%B3%D0%B8%D0%BE%D0%BD-4445043414,Инженер-конструктор архитектурно-строительного отдела,"ООО ""Регион""",posted,2026-07-30T23:45:05.534073,942
88fdf4821e6e9fbd,https://kg.linkedin.com/jobs/view/senior-net-developer-backend-at-fun-sun-team-4443249759,Senior .NET Developer (Backend),,scraped,2026-07-30T23:45:14.111434,
0829ff2b84bb25c0,https://kg.linkedin.com/jobs/view/inspection-and-coding-specialist-at-ab-inbev-africa-4447001877,Inspection and Coding Specialist,,scraped,2026-07-31T10:07:50.047491,
7ac6a1083902dd2f,https://kg.linkedin.com/jobs/view/project-leader-all-genders-%0Ainternational-training-internal-communication-at-101-consulting-gmbh-4447268401,"Project Leader (all genders)
International training & internal communication",,scraped,2026-07-31T10:08:06.554051,
830d6e606d72c91d,https://kg.linkedin.com/jobs/view/%D0%B0%D0%BA%D1%87%D0%B0-%D0%BA%D0%BE%D1%82%D0%BE%D1%80%D1%83%D1%83-%D1%81%D0%B8%D1%81%D1%82%D0%B5%D0%BC%D0%B0%D0%BB%D0%B0%D1%80%D1%8B-%D0%B1%D3%A9%D0%BB%D2%AF%D0%BC%D2%AF%D0%BD%D2%AF%D0%BD-%D0%B1%D0%B0%D1%88%D1%87%D1%8B%D1%81%D1%8B-at-keremet-bank-4447267024,Акча которуу системалары бөлүмүнүн башчысы,KEREMET BANK,failed|wp_post_failed,2026-07-31T10:08:15.565273,
8e2ea4626e86f26c,https://kg.linkedin.com/jobs/view/%D0%B0%D0%B9%D0%BC%D0%B0%D0%BA%D1%82%D1%8B%D0%BA-%D0%BE%D0%BF%D0%B5%D1%80%D0%B0%D1%86%D0%B8%D0%B0%D0%BB%D1%8B%D0%BA-%D0%B1%D0%B0%D1%88%D0%BA%D0%B0%D1%80%D0%BC%D0%B0%D0%BB%D1%8B%D0%BA%D1%82%D1%8B%D0%BD-%D0%BC%D0%B5%D0%BD%D0%B5%D0%B4%D0%B6%D0%B5%D1%80%D0%B8-at-keremet-bank-4447268021,Аймактык операциалык башкармалыктын менеджери,KEREMET BANK,failed|wp_post_failed,2026-07-31T10:08:19.679287,
27c23717e98dfad1,https://kg.linkedin.com/jobs/view/associate-partner-digital-transformation-at-snz-sona-consulting-4446998219,Associate Partner: Digital Transformation,,scraped,2026-07-31T10:08:24.370118,
8bad8daf27253499,https://kg.linkedin.com/jobs/view/%D0%B8%D0%BD%D0%B6%D0%B5%D0%BD%D0%B5%D1%80-%D0%BF%D1%80%D0%BE%D0%B5%D0%BA%D1%82%D0%B8%D1%80%D0%BE%D0%B2%D1%89%D0%B8%D0%BA-at-%D0%BE%D0%BE%D0%BE-%D1%80%D0%B5%D0%B3%D0%B8%D0%BE%D0%BD-4445023466,Инженер-проектировщик,"ООО ""Регион""",posted,2026-07-31T10:08:53.832132,944
4d2aefc07ff56d42,https://kg.linkedin.com/jobs/view/it-operations-support-trainee-at-epam-systems-4431512118,IT Operations & Support Trainee,EPAM Systems,posted,2026-07-31T10:08:58.466736,838
7b00c224b2169d4e,https://kg.linkedin.com/jobs/view/%D0%BF%D1%80%D0%BE%D0%B5%D0%BA%D1%82%D0%B8%D1%80%D0%BE%D0%B2%D1%89%D0%B8%D0%BA-%D1%80%D0%B0%D0%B7%D0%B4%D0%B5%D0%BB%D0%BE%D0%B2-%D0%B2%D0%BA-%D0%BD%D0%B2%D0%BA-at-%D0%BE%D0%BE%D0%BE-%D1%80%D0%B5%D0%B3%D0%B8%D0%BE%D0%BD-4445040425,Проектировщик разделов ВК НВК,"ООО ""Регион""",failed|wp_post_failed,2026-07-31T10:09:12.489787,
45218cde0f67b33a,https://kg.linkedin.com/jobs/view/%D0%BF%D1%80%D0%BE%D0%B5%D0%BA%D1%82%D0%B8%D1%80%D0%BE%D0%B2%D1%89%D0%B8%D0%BA-%D1%80%D0%B0%D0%B7%D0%B4%D0%B5%D0%BB%D0%BE%D0%B2-%D0%B2%D0%BA-%D0%BD%D0%B2%D0%BA-at-%D0%BE%D0%BE%D0%BE-%D1%80%D0%B5%D0%B3%D0%B8%D0%BE%D0%BD-4445036479,Проектировщик разделов ВК НВК,"ООО ""Регион""",scraped,2026-07-31T10:09:16.645750,
5bdc769dac84654b,https://kg.linkedin.com/jobs/view/senior-treasury-executive-at-rca-living-4444515260,Senior Treasury Executive,RCA Living,posted,2026-07-31T10:09:43.850054,946
38f999bff83ec24e,https://kg.linkedin.com/jobs/view/senior-product-manager-remote-contract-at-infuse-4447229722,"Senior Product Manager (Remote, Contract)",INFUSE,posted,2026-07-31T17:21:00.108391,544
57938eea7f4cca6f,https://kg.linkedin.com/jobs/view/commodity-accountant-at-agrocorp-international-4447534722,Commodity Accountant,Agrocorp International,posted,2026-07-31T17:21:19.921874,948
b0b08654ff8b1366,https://kg.linkedin.com/jobs/view/brewing-technical-expert-at-ab-inbev-africa-4447531609,Brewing Technical Expert,,scraped,2026-07-31T17:21:30.475106,
fbca9c20d62ac16a,https://kg.linkedin.com/jobs/view/sports-data-collector-football-bishkek-kyrgyzstan-at-genius-sports-4442828367,"Sports Data Collector (Football) - Bishkek, Kyrgyzstan",,scraped,2026-07-31T17:21:39.129748,
5fe1ae40c7d3627b,https://kg.linkedin.com/jobs/view/%D0%B8%D0%BD%D0%B6%D0%B5%D0%BD%D0%B5%D1%80-%D0%BF%D1%80%D0%BE%D0%B5%D0%BA%D1%82%D0%B8%D1%80%D0%BE%D0%B2%D1%89%D0%B8%D0%BA-%D0%BE%D1%82%D0%B4%D0%B5%D0%BB%D0%B0-%D0%B3%D0%B5%D0%BD%D0%B5%D1%80%D0%B0%D0%BB%D1%8C%D0%BD%D0%BE%D0%B3%D0%BE-%D0%BF%D0%BB%D0%B0%D0%BD%D0%B0-at-%D0%BE%D0%BE%D0%BE-%D1%80%D0%B5%D0%B3%D0%B8%D0%BE%D0%BD-4445027429,Инженер-проектировщик отдела генерального плана,"ООО ""Регион""",posted,2026-07-31T17:22:16.840303,950
d25603388a76f180,https://kg.linkedin.com/jobs/view/%D0%B8%D0%BD%D0%B6%D0%B5%D0%BD%D0%B5%D1%80-%D0%BF%D1%80%D0%BE%D0%B5%D0%BA%D1%82%D0%B8%D1%80%D0%BE%D0%B2%D1%89%D0%B8%D0%BA-%D0%BE%D1%82%D0%B4%D0%B5%D0%BB%D0%B0-%D0%B3%D0%B5%D0%BD%D0%B5%D1%80%D0%B0%D0%BB%D1%8C%D0%BD%D0%BE%D0%B3%D0%BE-%D0%BF%D0%BB%D0%B0%D0%BD%D0%B0-at-%D0%BE%D0%BE%D0%BE-%D1%80%D0%B5%D0%B3%D0%B8%D0%BE%D0%BD-4445026408,Инженер-проектировщик отдела генерального плана,"ООО ""Регион""",scraped,2026-07-31T17:22:21.103038,
7220b41331b2a18d,https://kg.linkedin.com/jobs/view/corporate-director-of-human-resources-at-sheraton-bishkek-2523766576,Corporate Director of Human Resources,Sheraton Bishkek,posted,2026-07-31T17:22:36.269767,952
0f41136342f85d14,https://kg.linkedin.com/jobs/view/%E2%80%9C%D0%B8%D1%81%D0%BB%D0%B0%D0%BC-%D1%82%D0%B5%D1%80%D0%B5%D0%B7%D0%B5%D1%81%D0%B8%E2%80%9D-%D0%B4%D0%B5%D0%BF%D0%B0%D1%80%D1%82%D0%B0%D0%BC%D0%B5%D0%BD%D1%82%D0%B8%D0%BD%D0%B8%D0%BD-%D0%B8%D1%81%D0%BB%D0%B0%D0%BC-%D0%BF%D1%80%D0%B8%D0%BD%D1%86%D0%B8%D0%BF%D1%82%D0%B5%D1%80%D0%B8-%D0%B1%D0%BE%D1%8E%D0%BD%D1%87%D0%B0-%D0%B1%D1%83%D1%85%D0%B3%D0%B0%D0%BB%D1%82%D0%B5%D1%80%D0%B4%D0%B8%D0%BA-%D1%8D%D1%81%D0%B5%D0%BF%D0%BA%D0%B5-%D0%B0%D0%BB%D1%83%D1%83-%D0%B1%D3%A9%D0%BB%D2%AF%D0%BC%D2%AF%D0%BD%D1%83%D0%BD-%D0%B6%D0%B5%D1%82%D0%B5%D0%BA%D1%87%D0%B8%D1%81%D0%B8%D0%BD%D0%B8%D0%BD-%D0%BA%D1%8B%D0%B7%D0%BC%D0%B0%D1%82%D1%8B%D0%BD%D1%8B%D0%BD-%D0%BE%D1%80%D0%B4%D1%83%D0%BD%D0%B0-%D1%81%D1%8B%D0%BD%D0%B0%D0%BA-%D0%B6%D0%B0%D1%80%D1%8B%D1%8F%D0%BB%D0%B0%D0%BD%D0%B0%D1%82-at-abank-4446135862,“Ислам терезеси” департаментинин Ислам принциптери боюнча бухгалтердик эсепке алуу бөлүмүнун жетекчисинин кызматынын ордуна сынак жарыяланат,ABank,posted,2026-07-31T17:22:56.825075,954
da5ee8da67d3cd95,https://kg.linkedin.com/jobs/view/%D0%B3%D1%80%D0%B0%D1%84%D0%B8%D1%87%D0%B5%D1%81%D0%BA%D0%B8%D0%B9-%D0%B4%D0%B8%D0%B7%D0%B0%D0%B9%D0%BD%D0%B5%D1%80-at-fun-sun-team-4443253522,Графический дизайнер,,scraped,2026-07-31T17:23:11.425317,
c1153ddfdf0c3200,https://kg.linkedin.com/jobs/view/kyrgyz-speaking-translator-at-xm-4445527027,Kyrgyz-Speaking Translator,XM,posted,2026-07-31T17:24:32.543434,58
e994604d5c9eb40c,https://kg.linkedin.com/jobs/view/%D1%81%D0%BF%D0%B5%D1%86%D0%B8%D0%B0%D0%BB%D0%B8%D1%81%D1%82-%D0%BF%D0%BE-%D0%BA%D0%B0%D0%BC%D0%B5%D1%80%D0%B0%D0%BB%D1%8C%D0%BD%D0%BE%D0%B9-%D0%BE%D0%B1%D1%80%D0%B0%D0%B1%D0%BE%D1%82%D0%BA%D0%B5-%D0%BF%D0%BE-%D0%B6%D0%B5%D0%BB%D0%B5%D0%B7%D0%BD%D0%BE%D0%B9-%D0%B4%D0%BE%D1%80%D0%BE%D0%B3%D0%B5-at-fun-sun-team-4443258382,Специалист по камеральной обработке по железной дороге,,scraped,2026-07-31T17:24:57.044224,
88c25b8c8a1023af,https://kg.linkedin.com/jobs/view/%D0%B8%D1%81%D0%BB%D0%B0%D0%BC-%D1%82%D0%B5%D1%80%D0%B5%D0%B7%D0%B5%D1%81%D0%B8-%D0%B4%D0%B5%D0%BF%D0%B0%D1%80%D1%82%D0%B0%D0%BC%D0%B5%D0%BD%D1%82%D0%B8%D0%BD%D0%B8%D0%BD-%D0%B0%D0%B4%D0%BC%D0%B8%D0%BD%D0%B8%D1%81%D1%82%D1%80%D0%BB%D3%A9%D3%A9-%D0%B1%D0%BE%D1%8E%D0%BD%D1%87%D0%B0-%D0%B1%D0%B0%D1%88%D0%BA%D1%8B-%D0%B0%D0%B4%D0%B8%D1%81%D0%B8-%D0%BA%D1%8B%D0%B7%D0%BC%D0%B0%D1%82-%D0%BE%D1%80%D0%B4%D1%83%D0%BD%D0%B0-%D0%B8%D1%87%D0%BA%D0%B8-%D1%81%D1%8B%D0%BD%D0%B0%D0%BA-%D0%B6%D0%B0%D1%80%D1%8B%D1%8F%D0%BB%D0%B0%D0%BD%D0%B3%D0%B0%D0%BD%D0%B4%D1%8B%D0%B3%D1%8B%D0%BD-%D0%B1%D0%B8%D0%BB%D0%B4%D0%B8%D1%80%D0%B5%D1%82-at-abank-4446138876,"Ислам терезеси"" департаментинин администрлөө боюнча башкы адиси кызмат ордуна  ички сынак жарыялангандыгын билдирет",ABank,posted,2026-07-31T21:54:20.025624,956
b3624db39ed7587a,https://kg.linkedin.com/jobs/view/intern-programme-support-at-iom-un-migration-4446727320,Intern (Programme Support),IOM - UN Migration,posted,2026-07-31T21:54:33.261571,958
4c9c51009123322b,https://kg.linkedin.com/jobs/view/senior-data-engineer-analytics-infrastructure-at-snz-sona-consulting-4446975657,Senior Data Engineer: Analytics Infrastructure,,scraped,2026-07-31T21:54:35.892302,
3fcb77152078b4eb,https://kg.linkedin.com/jobs/view/senior-ai-ml-engineer-aws-docker-at-epam-systems-4446020300,"Senior AI/ML Engineer (AWS, Docker)",EPAM Systems,posted,2026-07-31T21:58:08.443505,960
0d1e64e26e7bc10c,https://kg.linkedin.com/jobs/view/project-manager-bilingual-%E2%80%93-english-russian-ukrainian-at-insideout-4445529153,Project Manager (Bilingual – English & Russian/Ukrainian),InsideOut,posted,2026-08-01T07:37:58.950636,900
2cae5a92d72f5247,https://kg.linkedin.com/jobs/view/international-program-advisor-at-ucf-downtown-4447410294,International Program Advisor,UCF Downtown,posted,2026-08-01T07:38:15.760789,284
7e1f296967ae3436,https://kg.linkedin.com/jobs/view/cis-lawyer-at-game-company-4447436427,CIS Lawyer,GAME COMPANY,posted,2026-08-01T07:38:26.409909,962
5a45636a65a6c75b,https://kg.linkedin.com/jobs/view/generator-technician-southwest-asia-secret-clearance-at-general-dynamics-information-technology-4446723731,Generator Technician (Southwest Asia) Secret Clearance,General Dynamics Information Technology,posted,2026-08-01T07:38:40.953210,964
8b1f9b9f3e2e40dd,https://kg.linkedin.com/jobs/view/%D0%B8%D0%BD%D0%B6%D0%B5%D0%BD%D0%B5%D1%80-%D0%BF%D1%80%D0%BE%D0%B5%D0%BA%D1%82%D0%B8%D1%80%D0%BE%D0%B2%D1%89%D0%B8%D0%BA-%D0%BE%D1%82%D0%B4%D0%B5%D0%BB%D0%B0-%D1%8D%D0%BB%D0%B5%D0%BA%D1%82%D1%80%D0%BE%D1%81%D0%BD%D0%B0%D0%B1%D0%B6%D0%B5%D0%BD%D0%B8%D1%8F-at-%D0%BE%D0%BE%D0%BE-%D1%80%D0%B5%D0%B3%D0%B8%D0%BE%D0%BD-4445040428,Инженер-проектировщик Отдела Электроснабжения,"ООО ""Регион""",posted,2026-08-01T07:39:15.993059,966
9c1ce851c4f6cda0,https://kg.linkedin.com/jobs/view/epp-iii-patriot-missile-generator-rebuild-and-hvac-technician-kuwait-at-general-dynamics-information-technology-4447202512,EPP III Patriot Missile Generator Rebuild and HVAC Technician - Kuwait,General Dynamics Information Technology,posted,2026-08-01T07:39:36.740723,222
0ed2d81db5d59de7,https://kg.linkedin.com/jobs/view/financial-coordinator-hybrid-toronto-ontario-canada-at-international-programs-group-4447182436,"Financial Coordinator - Hybrid - Toronto, Ontario, Canada",,scraped,2026-08-01T07:39:53.331396,
037917e22a10e3f8,https://kg.linkedin.com/jobs/view/product-engineer-at-improbable-4445529163,Product Engineer,,scraped,2026-08-01T07:40:03.848344,
090fabdb3732755a,https://kg.linkedin.com/jobs/view/senior-ai-ml-engineer-with-pytorch-%D1%81%2B%2B-at-epam-systems-4446007483,"Senior AI/ML Engineer with PyTorch, С++",EPAM Systems,posted,2026-08-01T07:40:32.019560,968
6a485d99a2dd2cd8,https://kg.linkedin.com/jobs/view/senior-ai-engineer-with-microsoft-azure-at-epam-systems-4442833692,Senior AI Engineer with Microsoft Azure,EPAM Systems,posted,2026-08-01T07:41:25.932522,970
4b12bd5a35dbede3,https://kg.linkedin.com/jobs/view/director-of-case-managment-at-center-for-guardianship-certification-cgc-4447187814,Director of Case Managment,Center for Guardianship Certification (CGC),posted,2026-08-01T07:41:46.880239,972
4f07a9b25af3eb58,https://kg.linkedin.com/jobs/view/international-franchising-at-the-taxassist-group-4446321214,International Franchising,,scraped,2026-08-01T07:41:49.445900,
83442d90cd086ba7,https://kg.linkedin.com/jobs/view/travail-flexible-iwg-renforce-sa-pr%C3%A9sence-au-maroc-avec-quatre-nouveaux-espaces-%C3%A0-casablanca-et-tanger-at-l-odj-maroc-4445530610,Travail flexible : IWG renforce sa présence au Maroc avec quatre nouveaux espaces à Casablanca et Tanger,,scraped,2026-08-01T07:41:56.061818,
2636c243a9337063,https://kg.linkedin.com/jobs/view/%D0%BA%D0%BE%D1%80%D1%80%D0%B5%D1%81%D0%BF%D0%BE%D0%BD%D0%B4%D0%B5%D0%BD%D1%82%D1%82%D0%B8%D0%BA-%D0%BC%D0%B0%D0%BC%D0%B8%D0%BB%D0%B5%D0%BB%D0%B5%D1%80-%D0%B1%D3%A9%D0%BB%D2%AF%D0%BC%D2%AF%D0%BD%D2%AF%D0%BD-%D0%B1%D0%B0%D1%88%D0%BA%D1%8B-%D0%B0%D0%B4%D0%B8%D1%81%D0%B8-at-keremet-bank-4447265027,Корреспонденттик мамилелер бөлүмүнүн башкы адиси,KEREMET BANK,failed|wp_post_failed,2026-08-01T07:42:06.091648,
d1e6325e5eb07b08,https://kg.linkedin.com/jobs/view/dr-ambedkar-international-centre-recruitment-2020dr-ambedkar-international-centre-recruitment-2020-at-governmentjobsindia-net-4447451661,Dr Ambedkar International Centre Recruitment 2020Dr Ambedkar International Centre Recruitment 2020,governmentjobsindia.net,posted,2026-08-01T07:42:14.922460,974
47b511b69de74429,https://kg.linkedin.com/jobs/view/%D0%B2%D0%BE%D0%B4%D1%96%D0%B9-%D0%BD%D0%B0%D0%B2%D0%B0%D0%BD%D1%82%D0%B0%D0%B6%D1%83%D0%B2%D0%B0%D1%87%D0%B0-%D0%B5%D0%BB%D0%B5%D0%BA%D1%82%D1%80%D0%BE-%D0%B3%D0%B0%D0%B7-at-%D0%BF%D1%80%D0%B0%D1%82-%D0%BE%D0%B1%D0%BE%D0%BB%D0%BE%D0%BD%D1%8C-4447771895,"Водій навантажувача (електро-, газ)","ПрАТ ""Оболонь""",posted,2026-08-01T07:42:30.381834,976
fb1553b0ec44ce56,https://kg.linkedin.com/jobs/view/ib-global-youth-action-fund-at-espa%C3%B1ol-sin-fronteras-4447748679,IB Global Youth Action Fund,Español Sin Fronteras,posted,2026-08-01T07:42:41.318704,978
173d2b3f2aa02bdc,https://kg.linkedin.com/jobs/view/international-space-olympiad-%E2%80%94-iso-at-espa%C3%B1ol-sin-fronteras-4447735797,International Space Olympiad — ISO,Español Sin Fronteras,posted,2026-08-01T07:42:51.814941,980
56f6c0e63148dcc7,https://kg.linkedin.com/jobs/view/learn-more-at-saheli-women-4446544148,Learn more,Saheli Women,posted,2026-08-01T07:43:00.294692,982
5b66e3e067e52256,https://kg.linkedin.com/jobs/view/professional-placement-at-saheli-women-4446522948,Professional Placement,Saheli Women,posted,2026-08-01T07:43:10.459229,984
a357fb503c738929,https://kg.linkedin.com/jobs/view/%D0%B8%D1%80%D0%B8-%D0%BA%D0%B0%D1%80%D0%B4%D0%B0%D1%80%D0%BB%D0%B0%D1%80-%D0%BC%D0%B5%D0%BD%D0%B5%D0%BD-%D0%B8%D1%88%D1%82%D3%A9%D3%A9-%D2%AF%D1%87%D2%AF%D0%BD-%D1%84%D0%B8%D0%BB%D0%B8%D0%B0%D0%BB%D0%B4%D1%8B%D0%BD-%D0%BE%D0%BF%D0%B5%D1%80%D0%B0%D1%86%D0%B8%D1%8F%D0%BB%D0%B0%D1%80-%D0%B1%D3%A9%D0%BB%D2%AF%D0%BC%D2%AF%D0%BD%D2%AF%D0%BD-%D0%BC%D0%B5%D0%BD%D0%B5%D0%B4%D0%B6%D0%B5%D1%80%D0%B8-at-keremet-bank-4447253922,Ири кардарлар менен иштөө үчүн филиалдын Операциялар бөлүмүнүн менеджери,KEREMET BANK,failed|wp_post_failed,2026-08-01T07:43:14.562638,
3fbdf8ea3588ea92,https://kg.linkedin.com/jobs/view/%D0%B4%D0%B1%D0%BE-%D0%B1%D0%B0%D0%BD%D0%BA%D1%82%D1%8B%D0%BD-%D1%81%D0%B0%D0%BD%D0%B0%D1%80%D0%B8%D0%BF%D1%82%D0%B8%D0%BA-%D0%BF%D1%80%D0%BE%D0%B4%D1%83%D0%BA%D1%82%D1%8B%D0%BB%D0%B0%D1%80%D1%8B-%D0%B1%D0%BE%D1%8E%D0%BD%D1%87%D0%B0-%D0%B4%D0%BE%D0%BB%D0%B1%D0%BE%D0%BE%D1%80-%D0%BC%D0%B5%D0%BD%D0%B5%D0%B4%D0%B6%D0%B5%D1%80%D0%B8-at-keremet-bank-4447257885,ДБО банктын санариптик продуктылары боюнча долбоор менеджери,KEREMET BANK,failed|wp_post_failed,2026-08-01T07:43:18.619051,
572536cbff8de1c5,https://kg.linkedin.com/jobs/view/translation-project-manager-at-propio-language-services-4447724864,Translation Project Manager,Propio Language Services,posted,2026-08-01T11:52:48.149442,986
238ca8ee7ce8b8e0,https://kg.linkedin.com/jobs/view/international-sales-agents-at-deforche-construction-group-4443230100,International Sales Agents,,scraped,2026-08-01T11:52:56.708103,
d66635231ee7bda3,https://kg.linkedin.com/jobs/view/sales-marketing-manager-4445810180,Sales & Marketing Manager,Future Scholars Consultancy,posted,2026-08-01T11:53:31.793972,988
af5872091987ca2d,https://kg.linkedin.com/jobs/view/senior-devops-engineer-aws-at-epam-systems-4446796356,"Senior DevOps Engineer, AWS",EPAM Systems,posted,2026-08-01T11:55:31.576443,990
9478f35abad6efa4,https://kg.linkedin.com/jobs/view/%D0%B8%D0%BD%D0%B6%D0%B5%D0%BD%D0%B5%D1%80-%D0%BA%D0%BE%D0%BD%D1%81%D1%82%D1%80%D1%83%D0%BA%D1%82%D0%BE%D1%80-%D0%B0%D1%80%D1%85%D0%B8%D1%82%D0%B5%D0%BA%D1%82%D1%83%D1%80%D0%BD%D0%BE-%D1%81%D1%82%D1%80%D0%BE%D0%B8%D1%82%D0%B5%D0%BB%D1%8C%D0%BD%D0%BE%D0%B3%D0%BE-%D0%BE%D1%82%D0%B4%D0%B5%D0%BB%D0%B0-at-%D0%BE%D0%BE%D0%BE-%D1%80%D0%B5%D0%B3%D0%B8%D0%BE%D0%BD-4445031449,Инженер-конструктор архитектурно-строительного отдела,"ООО ""Регион""",posted,2026-08-01T11:55:52.195805,992
b97197932806130b,https://kg.linkedin.com/jobs/view/packaging-electrician-2-at-ab-inbev-africa-4447265819,Packaging Electrician-2,,scraped,2026-08-01T15:48:43.727701,
95103cf06d749fac,https://kg.linkedin.com/jobs/view/translation-project-manager-at-propio-language-services-4447731055,Translation Project Manager,Propio Language Services,posted,2026-08-01T15:48:58.462637,986
b05fa29e7f236aaf,https://kg.linkedin.com/jobs/view/international-maritime-health-at-nowotwory-journal-of-oncology-4447783683,International Maritime Health,,scraped,2026-08-01T15:51:39.156438,
ba295237be70b5e2,https://kg.linkedin.com/jobs/view/center-director-ciee-brussels-at-ciee-council-on-international-educational-exchange-4447023582,"Center Director, CIEE Brussels",CIEE Council on International Educational Exchange,posted,2026-08-01T20:22:28.212082,994
bf2f6d060cb9c261,https://kg.linkedin.com/jobs/view/%D0%B8%D0%BD%D0%B6%D0%B5%D0%BD%D0%B5%D1%80-%D0%BF%D1%80%D0%BE%D0%B5%D0%BA%D1%82%D0%B8%D1%80%D0%BE%D0%B2%D1%89%D0%B8%D0%BA-%D0%BE%D1%82%D0%B4%D0%B5%D0%BB%D0%B0-%D1%8D%D0%BB%D0%B5%D0%BA%D1%82%D1%80%D0%BE%D1%81%D0%BD%D0%B0%D0%B1%D0%B6%D0%B5%D0%BD%D0%B8%D1%8F-at-%D0%BE%D0%BE%D0%BE-%D1%80%D0%B5%D0%B3%D0%B8%D0%BE%D0%BD-4445028418,Инженер-проектировщик отдела электроснабжения,"ООО ""Регион""",posted,2026-08-01T20:23:05.511183,996
a09e205cd339e0ff,https://kg.linkedin.com/jobs/view/international-portal-for-research-jobs-and-academic-positions-www-myscience-org-at-scimetrica-gmbh-4447616005,International portal for research jobs and academic positions: www.myscience.org,,scraped,2026-08-01T20:23:08.291270,
0fc959373f4d82a7,https://kg.linkedin.com/jobs/view/dedicated-server-provisioning-engineer-at-ultahost-4446079227,Dedicated Server Provisioning Engineer,UltaHost,posted,2026-08-01T20:23:21.083151,998
8fb99d7d4d96c2a5,https://kg.linkedin.com/jobs/view/data-analyst-payments-at-salmon-group-ltd-4447181219,Data Analyst (Payments),,scraped,2026-08-01T20:24:13.662083,
56472f4ee649ff07,https://kg.linkedin.com/jobs/view/nke-3-local-experts-pool-civil-environmental-national-%E2%80%93-kr-36-at-association-malienne-de-recherche-action-pour-le-d%C3%A9veloppement-4445827244,NKE-3 Local Experts Pool (Civil / Environmental) (National) – (KR-36),,scraped,2026-08-02T07:48:00.502719,
11d0f9d87fc2910f,https://kg.linkedin.com/jobs/view/ke-3-technical-expert-national-%E2%80%93-kr-36-at-association-malienne-de-recherche-action-pour-le-d%C3%A9veloppement-4445818376,KE-3 Technical Expert (National) – (KR-36),Association Malienne de Recherche Action pour le Développement,posted,2026-08-02T07:48:32.604884,999
be554305539c0f1a,https://kg.linkedin.com/jobs/view/zmina-call-for-international-projects-at-galway-culture-company-4445599941,ZMINA Call for International Projects,,scraped,2026-08-02T07:48:43.263320,
ecfde6ddcbabc0be,https://kg.linkedin.com/jobs/view/irandau-2025-international-symposium-of-social-sciences-management-science-technology-at-14th-malaysian-symposium-of-biomedical-science-4447883609,"iRANDAU 2025 : INTERNATIONAL SYMPOSIUM OF SOCIAL SCIENCES, MANAGEMENT, SCIENCE & TECHNOLOGY",,scraped,2026-08-02T11:51:07.068394,
38eddbd0c0ebd42a,https://kg.linkedin.com/jobs/view/international-food-safety-2018-at-14th-malaysian-symposium-of-biomedical-science-4447878652,INTERNATIONAL FOOD SAFETY 2018,,scraped,2026-08-02T11:51:17.426423,
d2755acce640d61a,https://kg.linkedin.com/jobs/view/international-colloquium-for-music-research-at-14th-malaysian-symposium-of-biomedical-science-4447892384,INTERNATIONAL COLLOQUIUM FOR MUSIC RESEARCH,,scraped,2026-08-02T11:51:28.221542,
66d7fa47997ade94,https://kg.linkedin.com/jobs/view/international-family-health-conference-at-14th-malaysian-symposium-of-biomedical-science-4447879622,INTERNATIONAL FAMILY HEALTH CONFERENCE,,scraped,2026-08-02T11:51:37.005190,
1ec74be5ce4921f3,https://kg.linkedin.com/jobs/view/upm-international-academia-run-2024-at-14th-malaysian-symposium-of-biomedical-science-4447890485,UPM INTERNATIONAL ACADEMIA RUN 2024,,scraped,2026-08-02T11:52:21.853416,
49942366cf96ff1f,https://kg.linkedin.com/jobs/view/international-conference-on-the-future-of-wood-science-technology-education-2021-at-14th-malaysian-symposium-of-biomedical-science-4447882601,INTERNATIONAL CONFERENCE ON THE FUTURE OF WOOD SCIENCE & TECHNOLOGY EDUCATION 2021,,scraped,2026-08-02T11:54:06.725990,
de17b99e5f6ea541,https://kg.linkedin.com/jobs/view/irandau2023-international-symposium-of-social-sciences-management-science-technology-at-14th-malaysian-symposium-of-biomedical-science-4447893413,"IRANDAU2023: INTERNATIONAL SYMPOSIUM OF SOCIAL SCIENCES, MANAGEMENT, SCIENCE & TECHNOLOGY",,scraped,2026-08-02T11:54:51.586730,
a071f34f1fca4757,https://kg.linkedin.com/jobs/view/international-leptospirosis-society-scientific-2026-at-14th-malaysian-symposium-of-biomedical-science-4447880696,INTERNATIONAL LEPTOSPIROSIS SOCIETY SCIENTIFIC 2026,,scraped,2026-08-02T11:54:58.555907,
6f0374714b7a21f0,https://kg.linkedin.com/jobs/view/international-halal-conference-for-research-and-technical-at-14th-malaysian-symposium-of-biomedical-science-4447880697,INTERNATIONAL HALAL CONFERENCE FOR RESEARCH AND TECHNICAL,,scraped,2026-08-02T15:59:50.166933,
c0a389a4a22489bb,https://kg.linkedin.com/jobs/view/open-call-art-science-residency-%E2%80%93-astronomical-observatory-of-unamur-at-galway-culture-company-4445811782,Open Call: Art & Science Residency – Astronomical Observatory of UNamur,,scraped,2026-08-02T16:00:00.236192,
77573cd632738994,https://kg.linkedin.com/jobs/view/%D0%B8%D0%BD%D0%B6%D0%B5%D0%BD%D0%B5%D1%80-%D0%BA%D0%BE%D0%BD%D1%81%D1%82%D1%80%D1%83%D0%BA%D1%82%D0%BE%D1%80-at-m-konstruktor-4445844639,Инженер-конструктор,M-Konstruktor,posted,2026-08-02T16:00:22.905307,1001
d20e665ba6e6f3eb,https://kg.linkedin.com/jobs/view/hrbp-%E5%A4%96%E8%B5%84%E6%9C%8D%E5%8A%A1%E5%85%AC%E5%8F%B8-%E5%9B%A2%E9%A4%90%E4%B8%9A%E5%8A%A1-%E8%8B%8F%E5%B7%9E-at-michael-page-4447887969,HRBP - 外资服务公司 -团餐业务 苏州,Michael Page,posted,2026-08-02T16:00:39.633035,1003
4769a01967672fb7,https://kg.linkedin.com/jobs/view/international-conference-on-resilient-smart-technology-environment-and-design-at-14th-malaysian-symposium-of-biomedical-science-4447883604,"INTERNATIONAL CONFERENCE ON RESILIENT SMART TECHNOLOGY, ENVIRONMENT AND DESIGN",,scraped,2026-08-02T20:25:08.874222,
28f2a825137f50f6,https://kg.linkedin.com/jobs/view/manager-personal-data-protection-at-authority-for-info-communications-technology-industry-of-brunei-darussalam-aiti-4446339943,"Manager, Personal Data Protection",,scraped,2026-08-02T20:25:34.228938,
b46f1cfb72b7d1af,https://kg.linkedin.com/jobs/view/digital-it-manager-retail-company-at-michael-page-4447896698,Digital&IT Manager - Retail Company,Michael Page,posted,2026-08-02T20:25:58.627743,1005
5cca0a0bd99fba24,https://kg.linkedin.com/jobs/view/ke-4-finance-expert-international-%E2%80%93-kr-36-at-association-malienne-de-recherche-action-pour-le-d%C3%A9veloppement-4445824278,KE-4 Finance Expert (International) – (KR-36),,scraped,2026-08-03T07:36:47.052881,
2596a48647af2794,https://kg.linkedin.com/jobs/view/international-peer-advisory-council-ipac-at-bama-study-abroad-4443209425,International Peer Advisory Council (IPAC),Bama Study Abroad,posted,2026-08-03T07:37:01.168962,1007
2a30c081f24d21d8,https://kg.linkedin.com/jobs/view/fra-logistics-lead-kaiserslautern-germany-non-tesa-secret-required-at-general-dynamics-information-technology-4447875563,"FRA Logistics Lead - Kaiserslautern, Germany (Non-TESA, Secret required)",General Dynamics Information Technology,posted,2026-08-03T07:37:58.657475,1009
34554d1396094907,https://kg.linkedin.com/jobs/view/international-symposium-on-applied-engineering-and-sciences-2021-saes2021-at-14th-malaysian-symposium-of-biomedical-science-4447875688,INTERNATIONAL SYMPOSIUM ON APPLIED ENGINEERING AND SCIENCES 2021 (SAES2021),,scraped,2026-08-03T07:38:05.315549,
16a3158ed6de2008,https://kg.linkedin.com/jobs/view/%D0%B2%D0%B5%D0%B4%D1%83%D1%89%D0%B8%D0%B9-%D1%81%D0%B8%D1%81%D1%82%D0%B5%D0%BC%D0%BD%D1%8B%D0%B9-%D0%B0%D0%B4%D0%BC%D0%B8%D0%BD%D0%B8%D1%81%D1%82%D1%80%D0%B0%D1%82%D0%BE%D1%80-linux-%D0%B5%D0%BA%D0%B0%D1%82%D0%B5%D1%80%D0%B8%D0%BD%D0%B1%D1%83%D1%80%D0%B3-at-nag-4447903437,Ведущий системный администратор Linux Екатеринбург,,scraped,2026-08-03T11:36:40.418135,
2bd563ffac76fc10,https://kg.linkedin.com/jobs/view/senior-bi-analyst-at-epam-systems-4447921077,Senior BI Analyst,EPAM Systems,posted,2026-08-03T11:37:08.663486,1011
9538d408499b2fad,https://kg.linkedin.com/jobs/view/middle-frontend-engineer-at-luwo-ai-4447903415,Middle Frontend Engineer,Luwo.ai,posted,2026-08-03T11:37:23.088812,1013
b082a82cafe010c5,https://kg.linkedin.com/jobs/view/%D0%BF%D1%80%D0%BE%D0%B5%D0%BA%D1%82%D0%B8%D1%80%D0%BE%D0%B2%D1%89%D0%B8%D0%BA-%D1%80%D0%B0%D0%B7%D0%B4%D0%B5%D0%BB%D0%BE%D0%B2-%D0%B2%D0%BA-%D0%BD%D0%B2%D0%BA-at-%D0%BE%D0%BE%D0%BE-%D1%80%D0%B5%D0%B3%D0%B8%D0%BE%D0%BD-4445034379,Проектировщик разделов ВК НВК,"ООО ""Регион""",failed|wp_post_failed,2026-08-03T11:37:51.227797,
1325dd5bab9960e9,https://kg.linkedin.com/jobs/view/alan-o%E2%80%99neill-at-motivate-talent-4447959538,Alan O’Neill,,scraped,2026-08-03T14:57:02.760999,
810b9de8c4eeca40,https://kg.linkedin.com/jobs/view/basement-jaxx-at-motivate-talent-4447971283,Basement Jaxx,,scraped,2026-08-03T14:57:09.196050,
86e3234a5384c232,https://kg.linkedin.com/jobs/view/key-account-executive-at-air-arabia-4445893884,Key Account Executive,,scraped,2026-08-03T14:57:31.352169,
49f3f290bda6e19a,https://kg.linkedin.com/jobs/view/east-bridge-training-%E2%80%93-dubai-united-arab-emirates-at-iconic-spaces-dar-4445891350,"East Bridge Training – Dubai, United Arab Emirates",,scraped,2026-08-03T14:58:07.285660,
f7a443a235b0e8c9,https://kg.linkedin.com/jobs/view/rubber-application-engineer-vietnam-at-michael-page-4448194584,Rubber Application Engineer - Vietnam,Michael Page,posted,2026-08-03T14:58:46.497878,1015
e680e99a90428d29,https://kg.linkedin.com/jobs/view/%D0%B8%D0%BD%D0%B6%D0%B5%D0%BD%D0%B5%D1%80-%D1%81%D0%B5%D1%80%D0%B2%D0%B5%D1%80%D0%BD%D0%BE%D0%B5-%D0%BE%D0%B1%D0%BE%D1%80%D1%83%D0%B4%D0%BE%D0%B2%D0%B0%D0%BD%D0%B8%D0%B5-%D0%B5%D0%BA%D0%B0%D1%82%D0%B5%D1%80%D0%B8%D0%BD%D0%B1%D1%83%D1%80%D0%B3-at-nag-4447903438,Инженер (серверное оборудование) Екатеринбург,,scraped,2026-08-03T14:58:57.134499,
34c2363115e2bf66,https://kg.linkedin.com/jobs/view/baroness-karren-brady-cbe-at-motivate-talent-4447971285,Baroness Karren Brady CBE,,scraped,2026-08-03T17:59:41.417502,
350b0a5f0fb40dbd,https://kg.linkedin.com/jobs/view/senior-sap-open-text-consultant-at-epam-systems-4447994688,Senior SAP Open Text Consultant,EPAM Systems,posted,2026-08-03T18:00:41.944464,1017
f1eae282eb634578,https://kg.linkedin.com/jobs/view/project-manager-b2b-projects-remote-at-platinumlist-4448175162,Project Manager (B2B Projects) - remote,,scraped,2026-08-03T19:50:10.983183,
f0279e485caa412c,https://kg.linkedin.com/jobs/view/nke-2-independent-ifrs-restatement-expert-national-%E2%80%93-kr-36-at-association-malienne-de-recherche-action-pour-le-d%C3%A9veloppement-4445822280,NKE-2 Independent IFRS Restatement Expert (National) – (KR-36),,scraped,2026-08-03T19:50:40.200942,
719f334f7dec6e77,https://kg.linkedin.com/jobs/view/group-reporting-specialist-80-100%25-m-w-d-at-michael-page-4448625100,Group Reporting Specialist 80-100% (m/w/d),Michael Page,posted,2026-08-03T21:13:28.438819,1019
00e05bbcf38912cc,https://kg.linkedin.com/jobs/view/regional-hr-operation-at-michael-page-4448623164,Regional HR Operation,Michael Page,posted,2026-08-03T23:11:15.717641,1021
5b895155a4b22330,https://kg.linkedin.com/jobs/view/%D1%81%D1%82%D0%B0%D1%80%D1%88%D0%B8%D0%B9-%D0%B8%D0%BD%D0%B6%D0%B5%D0%BD%D0%B5%D1%80-%D0%BF%D0%BE-%D1%82%D0%B5%D1%81%D1%82%D0%B8%D1%80%D0%BE%D0%B2%D0%B0%D0%BD%D0%B8%D1%8E-%D0%B5%D0%BA%D0%B0%D1%82%D0%B5%D1%80%D0%B8%D0%BD%D0%B1%D1%83%D1%80%D0%B3-at-nag-4447913257,Старший инженер по тестированию Екатеринбург,,scraped,2026-08-03T23:12:20.384180,
83f28e2778c1b243,https://kg.linkedin.com/jobs/view/international-agriculture-students-symposium-at-14th-malaysian-symposium-of-biomedical-science-4447881578,INTERNATIONAL AGRICULTURE STUDENTS SYMPOSIUM,,scraped,2026-08-04T06:34:41.381600,
4be23573a511bf35,https://kg.linkedin.com/jobs/view/%D0%B2%D0%B8%D0%B7%D0%BE%D0%B2%D1%8B%D0%B9-%D1%81%D0%BF%D0%B5%D1%86%D0%B8%D0%B0%D0%BB%D0%B8%D1%81%D1%82-at-kyrgyz-concept-education-4448841422,Визовый специалист,Kyrgyz Concept Education,failed|wp_post_failed,2026-08-04T10:46:57.721615,
a97343815ff7e0c8,https://kg.linkedin.com/jobs/view/alfie-boe-at-motivate-talent-4447973200,Alfie Boe,,scraped,2026-08-04T10:47:18.262310,
d4581e097682e431,https://kg.linkedin.com/jobs/view/remote-mandinka-interpreter-at-language-services-associates-4448204170,Remote Mandinka Interpreter,Language Services Associates,posted,2026-08-04T10:48:16.574714,1023
15bc9d97b0cd5283,https://kg.linkedin.com/jobs/view/packaging-artisan-at-ab-inbev-africa-4448890189,Packaging Artisan,,scraped,2026-08-04T14:32:14.928965,
71fc10166e7f6d36,https://kg.linkedin.com/jobs/view/visiting-faculty-member-in-communications-and-media-at-university-of-central-asia-4448840215,Visiting Faculty Member in Communications and Media,University of Central Asia,posted,2026-08-04T14:32:47.076362,1025
734855f32d189b5e,https://kg.linkedin.com/jobs/view/regional-m-e-consultant-at-iom-un-migration-4448894110,Regional M&E Consultant,IOM - UN Migration,posted,2026-08-04T14:33:10.400705,1027
2f87172eaf4b51ad,https://kg.linkedin.com/jobs/view/add-a-title-at-umay-attorney-partnership-4448688845,Add a Title,UMAY Attorney Partnership,posted,2026-08-04T17:58:40.587983,1029
161e5f67617d5811,https://kg.linkedin.com/jobs/view/add-a-title-at-umay-attorney-partnership-4448688844,Add a Title,UMAY Attorney Partnership,scraped,2026-08-04T17:58:45.121551,
eb858221c3aed5f7,https://kg.linkedin.com/jobs/view/add-a-title-at-umay-attorney-partnership-4448692683,Add a Title,UMAY Attorney Partnership,scraped,2026-08-04T17:58:49.560859,
cd3c3bed7375f8d5,https://kg.linkedin.com/jobs/view/data-collector-at-indicators-4448858738,Data Collector,,scraped,2026-08-04T19:47:51.932327,
93043cfd341398d1,https://kg.linkedin.com/jobs/view/warehouse-team-leader-at-ab-inbev-africa-4448876867,Warehouse Team Leader,,scraped,2026-08-04T19:48:22.526094,
f179e6062b66245e,https://kg.linkedin.com/jobs/view/alex-payne-at-motivate-talent-4447968310,Alex Payne,,scraped,2026-08-04T19:48:41.265029,
42d67453f1eb98a1,https://kg.linkedin.com/jobs/view/data-focused-project-coordinator-remote-contract-at-infuse-4448874818,"Data-Focused Project Coordinator (Remote, Contract)",INFUSE,posted,2026-08-04T21:19:55.933461,230
41535e896ea8f732,https://kg.linkedin.com/jobs/view/%D0%B3%D1%80%D1%83%D0%B7%D1%87%D0%B8%D0%BA-%D0%BA%D0%BE%D0%BC%D0%BF%D0%BB%D0%B5%D0%BA%D1%82%D0%BE%D0%B2%D1%89%D0%B8%D0%BA-%D0%B5%D0%BA%D0%B0%D1%82%D0%B5%D1%80%D0%B8%D0%BD%D0%B1%D1%83%D1%80%D0%B3-at-nag-4447909287,Грузчик-комплектовщик Екатеринбург,,scraped,2026-08-04T21:20:00.472414,
a29b90246e81bc62,https://kg.linkedin.com/jobs/view/%D1%85%D1%83%D0%B4%D0%BE%D0%B6%D0%BD%D0%B8%D0%BA-%D0%BF%D0%BE-%D1%84%D0%BE%D0%BD%D0%B0%D0%BC-at-rocket-fox-animation-4448571823,Художник по фонам,,scraped,2026-08-04T21:20:24.432494,
b72190c255b5856c,https://kg.linkedin.com/jobs/view/corporate-services-manager-%E2%80%93-uae-international-markets-at-guido-m%C3%B6ller-4448536200,Corporate Services Manager – UAE & International Markets,,scraped,2026-08-04T23:10:29.740354,
c5afb1a345f54eaa,https://kg.linkedin.com/jobs/view/translation-project-manager-at-localizationjobs-com-4449054454,Translation Project Manager,LocalizationJobs.com,posted,2026-08-04T23:10:53.494569,986
f9d8f707ad949f7c,https://kg.linkedin.com/jobs/view/senior-consultant-international-business-structures-at-guido-m%C3%B6ller-4448553126,Senior Consultant International Business Structures,,scraped,2026-08-04T23:10:56.067666,
8ba7840cd114039b,https://kg.linkedin.com/jobs/view/teamlead-hauptbuchhaltung-m-w-d-at-michael-page-4448896239,Teamlead Hauptbuchhaltung (M/W/D),Michael Page,posted,2026-08-04T23:11:32.431988,1031
fe418a5bc4528149,https://kg.linkedin.com/jobs/view/full-time-instructor-of-sports-courses-at-center-for-teaching-learning-and-technology-4446686806,Full-Time Instructor of Sports Courses,"Center for Teaching, Learning, and Technology",posted,2026-08-04T23:11:45.034908,418
f827313a22aaedc1,https://kg.linkedin.com/jobs/view/la-polizia-postale-e-per-la-sicurezza-cibernetica-at-questura-di-catania-4448586197,La Polizia Postale e per la Sicurezza Cibernetica,QUESTURA DI CATANIA,posted,2026-08-04T23:11:56.495222,1033
fe346ff511fb62c1,https://kg.linkedin.com/jobs/view/salesforce-business-analyst-at-epam-systems-4448201219,Salesforce Business Analyst,EPAM Systems,posted,2026-08-04T23:12:05.016110,1035
311947b492645c6a,https://kg.linkedin.com/jobs/view/associate-at-axton-law-firm-4446628147,Associate,,scraped,2026-08-04T23:12:19.530642,
eb033b996bb2313f,https://kg.linkedin.com/jobs/view/senior-devops-engineer-at-epam-systems-4448541101,Senior DevOps Engineer,EPAM Systems,posted,2026-08-04T23:12:49.979100,1037
4d74ceceafa60bf5,https://kg.linkedin.com/jobs/view/romance-1st-chapter-novel-festival-at-middle-west-press-llc-4449439225,ROMANCE 1st Chapter Novel Festival,Middle West Press LLC,posted,2026-08-05T03:17:33.176007,1039
675c5519bf0fa32e,https://kg.linkedin.com/jobs/view/dystopian-short-story-festival-2000-4000-words-everyone-wins-at-middle-west-press-llc-4449420991,DYSTOPIAN Short Story Festival - 2000-4000 words (everyone wins),Middle West Press LLC,posted,2026-08-05T03:17:44.798597,1041
d4e9bee48a6b3fc8,https://kg.linkedin.com/jobs/view/%D1%96%D0%BD%D0%B6%D0%B5%D0%BD%D0%B5%D1%80-%D0%BA%D0%BE%D0%BD%D1%81%D1%82%D1%80%D1%83%D0%BA%D1%82%D0%BE%D1%80-at-vada-llc-4448923273,ІНЖЕНЕР-КОНСТРУКТОР,,scraped,2026-08-05T03:18:11.442022,
056480c54c19f272,https://kg.linkedin.com/jobs/view/artist-poem-turned-to-movie-plus-guaranteed-festival-acceptances-at-middle-west-press-llc-4449421899,ARTIST POEM turned to MOVIE. (Plus guaranteed festival acceptances),Middle West Press LLC,posted,2026-08-05T03:18:39.526334,1043
1f62bb385db1eb4f,https://kg.linkedin.com/jobs/view/%F0%9F%92%AB%E2%9C%A824-hour-fast-response-magazine-submission-at-middle-west-press-llc-4449421814,💫✨24-Hour Fast Response-Magazine Submission,Middle West Press LLC,posted,2026-08-05T03:18:51.859998,1045
5412c752f46feaa3,https://kg.linkedin.com/jobs/view/%D0%B8%D0%BD%D1%84%D0%BE%D1%80%D0%BC%D0%B0%D1%86%D0%B8%D1%8F-%D0%BE-%D1%80%D0%B5%D0%B0%D0%BB%D0%B8%D0%B7%D1%83%D0%B5%D0%BC%D1%8B%D1%85-%D0%BE%D0%B1%D1%80%D0%B0%D0%B7%D0%BE%D0%B2%D0%B0%D1%82%D0%B5%D0%BB%D1%8C%D0%BD%D1%8B%D1%85-%D0%BF%D1%80%D0%BE%D0%B3%D1%80%D0%B0%D0%BC%D0%BC%D0%B0%D1%85-%D0%B2-%D1%82%D0%BE%D0%BC-%D1%87%D0%B8%D1%81%D0%BB%D0%B5-%D0%BE-%D1%80%D0%B5%D0%B0%D0%BB%D0%B8%D0%B7%D1%83%D0%B5%D0%BC%D1%8B%D1%85-%D0%B0%D0%B4%D0%B0%D0%BF%D1%82%D0%B8%D1%80%D0%BE%D0%B2%D0%B0%D0%BD%D0%BD%D1%8B%D1%85-%D0%BE%D0%B1%D1%80%D0%B0%D0%B7%D0%BE%D0%B2%D0%B0%D1%82%D0%B5%D0%BB%D1%8C%D0%BD%D1%8B%D1%85-%D0%BF%D1%80%D0%BE%D0%B3%D1%80%D0%B0%D0%BC%D0%BC%D0%B0%D1%85-%D1%81-%D1%83%D0%BA%D0%B0%D0%B7%D0%B0%D0%BD%D0%B8%D0%B5%D0%BC-%D0%B2-%D0%BE%D1%82%D0%BD%D0%BE%D1%88%D0%B5%D0%BD%D0%B8%D0%B8-%D0%BA%D0%B0%D0%B6%D0%B4%D0%BE%D0%B9-%D0%BE%D0%B1%D1%80%D0%B0%D0%B7%D0%BE%D0%B2-at-kama-institute-of-humanitarian-and-engineering-technologies-4446678725,"Информация о реализуемых образовательных программах, в том числе о реализуемых адаптированных образовательных программах, с указанием в отношении каждой образов",Kama Institute of Humanitarian and Engineering Technologies,posted,2026-08-05T03:19:01.929342,1047
83e0f090001bf3c9,https://kg.linkedin.com/jobs/view/%F0%9F%92%AB%E2%9C%A8poetry-submission-at-middle-west-press-llc-4449423769,💫✨Poetry Submission,Middle West Press LLC,posted,2026-08-05T03:19:13.068468,1049
2f43d3a05cc9914c,https://kg.linkedin.com/jobs/view/thriller-suspense-novel-video-transcript-reading-at-middle-west-press-llc-4449441134,THRILLER/SUSPENSE Novel Video Transcript Reading,Middle West Press LLC,posted,2026-08-05T03:19:23.878805,1051
0cdc666fe152701b,https://kg.linkedin.com/jobs/view/promises-a-250-word-creative-writing-challenge-at-middle-west-press-llc-4449428435,PROMISES: A 250-WORD CREATIVE WRITING CHALLENGE,Middle West Press LLC,posted,2026-08-05T03:19:36.105501,1053
d98e710136a1e450,https://kg.linkedin.com/jobs/view/projectmanager-at-cleanroom-systems-international-4449431444,Projectmanager,,scraped,2026-08-05T03:19:38.713646,
f6aaef18c29f688b,https://kg.linkedin.com/jobs/view/%D0%BC%D0%BE%D0%B4%D0%B5%D0%BB%D1%8C%D0%B5%D1%80-%D0%BA%D0%BE%D0%BD%D1%81%D1%82%D1%80%D1%83%D0%BA%D1%82%D0%BE%D1%80-%D0%B2-%D0%B2%D0%B8%D1%82%D0%B5%D0%B1%D1%81%D0%BA%D0%B5-at-%D0%BE%D0%BE%D0%BE-%D1%83%D0%BF%D1%80%D0%B0%D0%B2%D0%BB%D1%8F%D1%8E%D1%89%D0%B0%D1%8F-%D0%BA%D0%BE%D0%BC%D0%BF%D0%B0%D0%BD%D0%B8%D1%8F-%D1%85%D0%BE%D0%BB%D0%B4%D0%B8%D0%BD%D0%B3%D0%B0-%C2%AB%D0%B1%D0%B5%D0%BB%D0%BE%D1%80%D1%83%D1%81%D1%81%D0%BA%D0%B0%D1%8F-%D0%BA%D0%BE%D0%B6%D0%B5%D0%B2%D0%B5%D0%BD%D0%BD%D0%BE-%D0%BE%D0%B1%D1%83%D0%B2%D0%BD%D0%B0%D1%8F-%D0%BA%D0%BE%D0%BC%D0%BF%D0%B0%D0%BD%D0%B8%D1%8F-%C2%AB%D0%BC%D0%B0%D1%80%D0%BA%D0%BE%C2%BB-4447007439,Модельер-конструктор в Витебске,,scraped,2026-08-05T03:19:48.698521,
948f91dca6e823ab,https://kg.linkedin.com/jobs/view/%F0%9F%8F%9A%EF%B8%8F-land-of-streetpunks-your-words-stories-into-our-youtube-pixel-cartoon-series-at-middle-west-press-llc-4449436143,🏚️ Land Of StreetPunks: Your Words / Stories into our YouTube Pixel Cartoon Series,Middle West Press LLC,posted,2026-08-05T03:20:03.221486,1055
07c5d51ee6c97045,https://kg.linkedin.com/jobs/view/manuscript-submission-form-poetry-and-micro-poetry-at-middle-west-press-llc-4449439238,Manuscript Submission - Form Poetry and Micro Poetry,Middle West Press LLC,posted,2026-08-05T03:20:15.308674,1057
9761a04b2ec211e4,https://kg.linkedin.com/jobs/view/griffel-%2321-poetry-fiction-nonfiction-hybrid-micro-art-photography-book-reviews-at-middle-west-press-llc-4449436240,"GRIFFEL #21 - poetry, fiction, nonfiction, hybrid, micro, art, photography, book reviews",Middle West Press LLC,posted,2026-08-05T03:20:27.848231,1059
bd6d99397c43aedf,https://kg.linkedin.com/jobs/view/%F0%9F%9A%80-24-hour-response-fiction-nonfiction-poetry-manuscripts-art-at-middle-west-press-llc-4449424716,🚀 24-Hour Response: Fiction / Nonfiction / Poetry / Manuscripts / Art,Middle West Press LLC,posted,2026-08-05T03:20:44.477835,1061
f690708b133a45fd,https://kg.linkedin.com/jobs/view/%F0%9F%92%AB%E2%9C%A8poetry-art-short-story-hybrid-chapbook-zines-at-middle-west-press-llc-4449432256,"💫✨Poetry/Art/Short Story Hybrid Chapbook, Zines",Middle West Press LLC,posted,2026-08-05T03:20:54.917730,1063
da5c87098c68a042,https://kg.linkedin.com/jobs/view/children-s-short-story-turned-to-movie-plus-guaranteed-festival-acceptances-at-middle-west-press-llc-4449440205,CHILDREN'S SHORT STORY turned to MOVIE. (Plus guaranteed festival acceptances),Middle West Press LLC,posted,2026-08-05T03:21:12.870567,1065
d5874eaa610ec4dc,https://kg.linkedin.com/jobs/view/hunger-a-beyond-words-anthology-24-hour-decision-poetry-flash-short-stories-at-middle-west-press-llc-4449437198,"HUNGER: A Beyond Words Anthology (24-Hour Decision) - Poetry, Flash, Short Stories",Middle West Press LLC,posted,2026-08-05T03:21:22.493849,1067
ab356359155e3997,https://kg.linkedin.com/jobs/view/memory-a-beyond-words-anthology-24-hour-decision-poetry-flash-short-stories-at-middle-west-press-llc-4449427460,"MEMORY: A Beyond Words Anthology (24-Hour Decision) - Poetry, Flash, Short Stories",Middle West Press LLC,posted,2026-08-05T03:21:33.741577,1069
794db6a8ef9efbfc,https://kg.linkedin.com/jobs/view/f-i-c-t-i-o-n-at-middle-west-press-llc-4449420877,F I C T I O N,Middle West Press LLC,posted,2026-08-05T03:21:42.704244,1071
0be59f0a0d9c32b4,https://kg.linkedin.com/jobs/view/%F0%9F%92%AB%E2%9C%A8fiction-submission-at-middle-west-press-llc-4449438169,💫✨Fiction Submission,Middle West Press LLC,posted,2026-08-05T03:21:51.660458,1073
cec592f6feab1f41,https://kg.linkedin.com/jobs/view/romance-novel-video-transcript-reading-at-middle-west-press-llc-4449441176,ROMANCE Novel Video Transcript Reading,Middle West Press LLC,posted,2026-08-05T03:22:01.576577,1075
4e8bce8301d2f9f2,https://kg.linkedin.com/jobs/view/%E2%99%9E-literary-magazine-submissions-at-middle-west-press-llc-4449420908,♞ Literary Magazine Submissions,Middle West Press LLC,posted,2026-08-05T03:22:11.971062,1077
d4f44d7855471c00,https://kg.linkedin.com/jobs/view/visual-artist-residency-application-fall-2026-at-middle-west-press-llc-4449432321,Visual Artist Residency Application Fall 2026,Middle West Press LLC,posted,2026-08-05T03:22:21.804718,1079
2f1205aa56b4f606,https://kg.linkedin.com/jobs/view/issue-70-may-2027-poetry-flash-short-stories-essays-24-hour-turnaround%21-at-middle-west-press-llc-4449440153,"Issue 70 (May 2027) - Poetry, Flash, Short Stories, Essays: 24-Hour Turnaround!",Middle West Press LLC,posted,2026-08-05T03:22:34.331100,1081
c32ed61f1a7314fd,https://kg.linkedin.com/jobs/view/death-poetry-contest-get-poem-made-into-a-movie-every-submission-gets-a-poetry-video-reading-at-middle-west-press-llc-4449429449,DEATH Poetry Contest (Get poem made into a movie. Every submission gets a poetry video reading.),Middle West Press LLC,posted,2026-08-05T03:22:46.260474,1083
10b9eed63b4b6b3d,https://kg.linkedin.com/jobs/view/general-submissions-collaborative-work-only-at-middle-west-press-llc-4449430369,General Submissions (collaborative work only),Middle West Press LLC,posted,2026-08-05T03:22:55.126177,1085
6086b850b053d728,https://kg.linkedin.com/jobs/view/nature-poetry-contest-get-poem-made-into-a-movie-every-submission-gets-a-poetry-video-reading-at-middle-west-press-llc-4449430377,NATURE Poetry Contest (Get poem made into a movie. Every submission gets a poetry video reading.),Middle West Press LLC,posted,2026-08-05T03:23:05.832054,1087
ae50d4e1fd64d0df,https://kg.linkedin.com/jobs/view/erin-donovan-writing-fellowship-fall-2026-at-middle-west-press-llc-4449438247,Erin Donovan Writing Fellowship Fall 2026,Middle West Press LLC,posted,2026-08-05T03:23:17.712985,1089
83835c657cd45690,https://kg.linkedin.com/jobs/view/%F0%9F%8F%96%EF%B8%8F-%24300-summer-short-story-fiction-challenge-at-middle-west-press-llc-4449428339,🏖️ $300 Summer Short Story & Fiction Challenge,Middle West Press LLC,posted,2026-08-05T03:23:27.026550,1091
01e39d20cacf6b8f,https://kg.linkedin.com/jobs/view/magazijn-medewerker-at-cleanroom-systems-international-4449422940,Magazijn medewerker,,scraped,2026-08-05T03:23:29.825515,
e943a2b3195ebc8d,https://kg.linkedin.com/jobs/view/%E2%98%80%EF%B8%8F-summer-poetry-contest-%24450-at-middle-west-press-llc-4449442017,☀️ Summer Poetry Contest $450,Middle West Press LLC,posted,2026-08-05T03:23:50.613507,1093
b949babe98e6c39e,https://kg.linkedin.com/jobs/view/young-adult-stage-play-writing-contest-get-play-performed-by-professional-actors-at-middle-west-press-llc-4449428430,YOUNG ADULT STAGE PLAY Writing Contest (get play performed by professional actors),Middle West Press LLC,posted,2026-08-05T03:24:03.970886,1095
425a036cfc942e34,https://kg.linkedin.com/jobs/view/f-35-jpo-security-specialists-international-at-general-dynamics-information-technology-4448885814,F-35 JPO Security Specialists - International,General Dynamics Information Technology,posted,2026-08-05T03:24:14.168257,1097
78778ac9f7acee8c,https://kg.linkedin.com/jobs/view/chinese-language-professor-at-center-for-teaching-learning-and-technology-4446697521,Chinese Language Professor,"Center for Teaching, Learning, and Technology",posted,2026-08-05T03:25:09.281221,1099
48d219d21521a9ed,https://kg.linkedin.com/jobs/view/relax-don-t-panic-at-mgs-4447426553,Relax. Don't panic.,,scraped,2026-08-05T06:35:36.081680,
9cbdeee5b1985aa9,https://kg.linkedin.com/jobs/view/submitx-vs-procore-at-submitx-4448927911,SubmitX vs Procore,SubmitX,posted,2026-08-05T06:35:52.217390,1101
6b2c3bf9c84dee84,https://kg.linkedin.com/jobs/view/will-cotton-residency-%23198-at-middle-west-press-llc-4449428471,"Will Cotton, Residency #198",Middle West Press LLC,posted,2026-08-05T06:36:01.342777,1103
4420eb4163de2afb,https://kg.linkedin.com/jobs/view/oxymoron-going-nowhere-at-middle-west-press-llc-4449431446,Oxymoron - Going Nowhere,Middle West Press LLC,posted,2026-08-05T06:36:10.723785,1105
b8d50662c1568209,https://kg.linkedin.com/jobs/view/astrology-by-name-and-dob-at-alokik-astro-4449059756,Astrology By Name And Dob,,scraped,2026-08-05T06:36:15.500964,
be09170310b4b9b8,https://kg.linkedin.com/jobs/view/safety-check-r%C3%A9seaux-num%C3%A9riques-et-sentiment-de-s%C3%A9curit%C3%A9-at-sens-public-4449428082,Safety check : réseaux numériques et sentiment de sécurité,,scraped,2026-08-05T06:36:26.106728,
7ff436d4a5e60787,https://kg.linkedin.com/jobs/view/international-sales-specialist-at-messe-frankfurt-usa-pavilions-4446677607,International Sales Specialist,Messe Frankfurt USA Pavilions,posted,2026-08-05T06:36:37.437288,732
ceeb761e179d056a,https://kg.linkedin.com/jobs/view/identit%C3%A0-e-comunicazione-at-cineraw-4448957493,Identità e Comunicazione,,scraped,2026-08-05T06:36:41.895531,
8aba192ae683d2f8,https://kg.linkedin.com/jobs/view/%D0%B4%D0%BE%D0%BA%D1%83%D0%BC%D0%B5%D0%BD%D1%82%D1%8B-at-ikra-school-of-innovation-and-creative-thinking-4447337983,Документы,,scraped,2026-08-05T06:36:49.733735,
a1d8ded2eb2f0303,https://kg.linkedin.com/jobs/view/poetry-at-middle-west-press-llc-4449420999,Poetry,Middle West Press LLC,posted,2026-08-05T06:37:18.183624,1107
a41029b204d38da8,https://kg.linkedin.com/jobs/view/poetry-at-middle-west-press-llc-4449424732,Poetry,Middle West Press LLC,scraped,2026-08-05T06:37:22.422829,
631b371981dd98bf,https://kg.linkedin.com/jobs/view/%F0%9F%92%AB%E2%9C%A8manuscript-submission-at-middle-west-press-llc-4449425453,💫✨Manuscript Submission,Middle West Press LLC,posted,2026-08-05T06:37:31.394854,1109
cc224cf10ca6f325,https://kg.linkedin.com/jobs/view/%F0%9F%8F%9A%EF%B8%8F-manuscripts-at-middle-west-press-llc-4449428350,🏚️ Manuscripts,Middle West Press LLC,posted,2026-08-05T06:37:42.131608,1111
d633ee070c79c087,https://kg.linkedin.com/jobs/view/comedy-short-story-festival-2000-4000-words-everyone-wins-at-middle-west-press-llc-4449433197,COMEDY Short Story Festival - 2000-4000 words (everyone wins),Middle West Press LLC,posted,2026-08-05T06:37:53.071608,1113
4268b24a668e6a06,https://kg.linkedin.com/jobs/view/nonfiction-at-middle-west-press-llc-4449439124,Nonfiction,Middle West Press LLC,posted,2026-08-05T06:38:13.892067,1115
1ec9f92327fcb1f7,https://kg.linkedin.com/jobs/view/lmnl-spcs-%24-1-0-0-0-p-r-i-z-e-at-middle-west-press-llc-4449433161,LMNL SPCS . $ 1 0 0 0 . P R I Z E,Middle West Press LLC,posted,2026-08-05T06:38:23.278352,1117
0aa40ed2a89dcfbf,https://kg.linkedin.com/jobs/view/oxymoron-richly-deprived-at-middle-west-press-llc-4449429441,Oxymoron - Richly Deprived,Middle West Press LLC,posted,2026-08-05T06:38:32.266597,1119
bb28bf8708934130,https://kg.linkedin.com/jobs/view/a-r-t-at-middle-west-press-llc-4449434144,A R T,Middle West Press LLC,posted,2026-08-05T06:38:41.460382,1121
e7221a530cd6f6c6,https://kg.linkedin.com/jobs/view/oxymoron-seriously-funny-at-middle-west-press-llc-4449444009,Oxymoron - Seriously Funny,Middle West Press LLC,posted,2026-08-05T06:38:50.364425,1123
cb60e0cb7b99e390,https://kg.linkedin.com/jobs/view/managing-editor-applications-at-middle-west-press-llc-4449438241,Managing Editor Applications,Middle West Press LLC,posted,2026-08-05T06:38:58.940607,1125
9788c72e908af250,https://kg.linkedin.com/jobs/view/words-prompt-poems-rail-liar-at-middle-west-press-llc-4449430445,Words Prompt Poems - Rail Liar,Middle West Press LLC,posted,2026-08-05T06:39:07.915340,1127
718b53f6b6d456fd,https://kg.linkedin.com/jobs/view/%F0%9F%8F%9A%EF%B8%8F-poetry-at-middle-west-press-llc-4449442023,🏚️ Poetry,Middle West Press LLC,posted,2026-08-05T06:39:12.787106,1107
b52b1bb67ea0de59,https://kg.linkedin.com/jobs/view/relationship-poem-turned-to-movie-plus-guaranteed-festival-acceptances-at-middle-west-press-llc-4449435258,RELATIONSHIP POEM turned to MOVIE. (Plus guaranteed festival acceptances),Middle West Press LLC,posted,2026-08-05T06:39:21.990861,1129
13416f1f3c3a2a97,https://kg.linkedin.com/jobs/view/%F0%9F%8F%9A%EF%B8%8F-fiction-at-middle-west-press-llc-4449439114,🏚️ Fiction,Middle West Press LLC,posted,2026-08-05T06:39:30.929511,1131
6dd9181a8da5f93b,https://kg.linkedin.com/jobs/view/flash-fiction-at-middle-west-press-llc-4449424725,Flash Fiction,Middle West Press LLC,posted,2026-08-05T06:39:39.834960,1133
b4dc76b02e7efcb3,https://kg.linkedin.com/jobs/view/portland-on-the-park-collection-exhibition-cycle-21-at-middle-west-press-llc-4449435323,Portland on the Park Collection Exhibition | Cycle 21,Middle West Press LLC,posted,2026-08-05T06:39:50.520200,1135
66f5303f33ff115d,https://kg.linkedin.com/jobs/view/family-short-story-turned-to-movie-plus-guaranteed-festival-acceptances-at-middle-west-press-llc-4449442064,FAMILY SHORT STORY turned to MOVIE. (Plus guaranteed festival acceptances),Middle West Press LLC,posted,2026-08-05T06:39:58.891016,1137
3876b53643dd3fec,https://kg.linkedin.com/jobs/view/%F0%9F%92%AB%E2%9C%A8poetry-chapbook-at-middle-west-press-llc-4449425460,💫✨Poetry Chapbook,Middle West Press LLC,posted,2026-08-05T06:40:08.249021,1139
ff921d9f1a0b6839,https://kg.linkedin.com/jobs/view/%F0%9F%92%AB%E2%9C%A8manuscript-submission-2-week-fast-response-at-middle-west-press-llc-4449432242,💫✨Manuscript Submission: 2 Week Fast Response,Middle West Press LLC,posted,2026-08-05T06:40:17.688399,1141
3cae1005bd14b39c,https://kg.linkedin.com/jobs/view/packaging-machine-specialist-at-ab-inbev-africa-4448888206,Packaging Machine Specialist,,scraped,2026-08-05T06:40:20.468247,
192621135214fc74,https://kg.linkedin.com/jobs/view/short-stories-riding-your-luck-at-middle-west-press-llc-4449421893,Short Stories - Riding Your Luck,Middle West Press LLC,posted,2026-08-05T06:40:33.485624,1143
e20619a56fcc44da,https://kg.linkedin.com/jobs/view/%F0%9F%AA%B6september-2026-issue-%24150-prizes-at-middle-west-press-llc-4449440124,🪶September 2026 Issue ($150 Prizes),Middle West Press LLC,posted,2026-08-05T06:40:44.620992,1145
6fabbf1f98477291,https://kg.linkedin.com/jobs/view/classifieds-personals-letters-to-the-editor-literary-feuds-literary-treaties-other-at-middle-west-press-llc-4449425408,Classifieds/Personals/Letters to the Editor/Literary Feuds/Literary Treaties/Other,Middle West Press LLC,posted,2026-08-05T06:40:53.579267,1147
e060df1fde7d9dc2,https://kg.linkedin.com/jobs/view/appalachian-visionary-artist-fund-at-middle-west-press-llc-4449423738,Appalachian Visionary Artist Fund,Middle West Press LLC,posted,2026-08-05T06:41:07.317677,1149
75c0e539b8f72212,https://kg.linkedin.com/jobs/view/queer-anthology-13th-edition-poetry-flash-short-stories-essays-at-middle-west-press-llc-4449428442,"Queer Anthology - 13th Edition - Poetry, Flash, Short Stories, Essays",Middle West Press LLC,posted,2026-08-05T06:41:16.158294,1151
3f968b7fde0a6978,https://kg.linkedin.com/jobs/view/%F0%9F%8C%8E-call-for-blog-submissions-at-middle-west-press-llc-4449442015,🌎 Call for Blog Submissions,Middle West Press LLC,posted,2026-08-05T06:41:24.768303,1153
2aba9344e342bd14,https://kg.linkedin.com/jobs/view/%E2%99%9E-editorial-workshop-poetry-fiction-non-fiction-at-middle-west-press-llc-4449439132,"♞ Editorial Workshop (Poetry, Fiction, & Non-fiction)",Middle West Press LLC,posted,2026-08-05T06:41:33.419408,1155
c7216099b16812ca,https://kg.linkedin.com/jobs/view/environmental-stage-play-writing-contest-get-play-performed-by-professional-actors-at-middle-west-press-llc-4449425515,ENVIRONMENTAL STAGE PLAY Writing Contest (get play performed by professional actors),Middle West Press LLC,posted,2026-08-05T06:41:46.425821,1157
ede84b592ce6ebea,https://kg.linkedin.com/jobs/view/horror-poetry-contest-get-poem-made-into-a-movie-every-submission-gets-a-poetry-video-reading-at-middle-west-press-llc-4449427480,HORROR Poetry Contest (Get poem made into a movie. Every submission gets a poetry video reading.),Middle West Press LLC,posted,2026-08-05T06:41:57.677710,1159
362a0fa9803136a7,https://kg.linkedin.com/jobs/view/erotica-poetry-contest-get-poem-made-into-a-movie-every-submission-gets-a-poetry-video-reading-at-middle-west-press-llc-4449442128,EROTICA Poetry Contest (Get poem made into a movie. Every submission gets a poetry video reading.),Middle West Press LLC,posted,2026-08-05T06:42:06.806513,1161
b80de05fb02cf8fe,https://kg.linkedin.com/jobs/view/%D1%82%D0%B5%D1%85%D0%BD%D0%B8%D0%BA-%D0%BF%D0%BE-%D1%8D%D0%BA%D1%81%D0%BF%D0%BB%D1%83%D0%B0%D1%82%D0%B0%D1%86%D0%B8%D0%B8-%D1%8D%D0%BD%D0%B5%D1%80%D0%B3%D0%B5%D1%82%D0%B8%D1%87%D0%B5%D1%81%D0%BA%D0%BE%D0%B3%D0%BE-%D0%BE%D0%B1%D0%BE%D1%80%D1%83%D0%B4%D0%BE%D0%B2%D0%B0%D0%BD%D0%B8%D1%8F-at-lumi-crm-4449448259,Техник по эксплуатации энергетического оборудования,Lumi.CRM,failed|wp_post_failed,2026-08-05T06:42:13.062037,
04bb4a4531365211,https://kg.linkedin.com/jobs/view/%D1%80%D0%B5%D0%B3%D0%B8%D0%BE%D0%BD%D0%B0%D0%BB%D1%8C%D0%BD%D1%8B%D0%B9-%D0%BC%D0%B5%D0%BD%D0%B5%D0%B4%D0%B6%D0%B5%D1%80-at-mbank-4448949137,Региональный менеджер,,scraped,2026-08-05T06:42:17.857179,
dc394e5abca5df9e,https://kg.linkedin.com/jobs/view/%E2%99%9E-poetry-contest-%24600-total-cash-prizes-at-middle-west-press-llc-4449435194,♞ Poetry Contest: $600 Total Cash Prizes,Middle West Press LLC,posted,2026-08-05T06:42:37.236946,1163
a65e8ad9e79503f0,https://kg.linkedin.com/jobs/view/crime-screenplay-contest-at-middle-west-press-llc-4449439157,CRIME Screenplay Contest,Middle West Press LLC,posted,2026-08-05T06:42:52.128264,1165
014fbf75bd23d3dd,https://kg.linkedin.com/jobs/view/leerling-monteur-at-cleanroom-systems-international-4449438252,Leerling monteur,,scraped,2026-08-05T06:43:00.729088,
60e44914ce06ed44,https://kg.linkedin.com/jobs/view/true-crime-stage-play-writing-contest-get-play-performed-by-professional-actors-at-middle-west-press-llc-4449421908,TRUE CRIME STAGE PLAY Writing Contest (get play performed by professional actors),Middle West Press LLC,posted,2026-08-05T06:43:14.285906,1167
1d7391beffebf8f0,https://kg.linkedin.com/jobs/view/senior-frontend-engineer-at-targeted-solutions-for-business-llc-4447335943,Senior Frontend Engineer,Targeted Solutions for Business LLC,posted,2026-08-05T06:43:27.140530,382
9d4a017895fb36ca,https://kg.linkedin.com/jobs/view/senior-full-stack-engineer-react-%2B-node-js-at-targeted-solutions-for-business-llc-4447337899,Senior Full Stack Engineer (React + Node.js),Targeted Solutions for Business LLC,posted,2026-08-05T06:43:37.808635,396
4236d2e906f5366d,https://kg.linkedin.com/jobs/view/linkedin-at-universum-construction-4448976785,LinkedIn,,scraped,2026-08-05T10:43:59.118785,
e41e19e283a771fc,https://kg.linkedin.com/jobs/view/carleton-art-showcase-club-at-the-carleton-high-tea-society-4449463729,Carleton Art Showcase Club,The Carleton High Tea Society,posted,2026-08-05T10:44:19.118632,1169
1647170dcf7241c0,https://kg.linkedin.com/jobs/view/international-career-service-at-studierendenparlament-der-th-wildau-4449465761,International Career Service,,scraped,2026-08-05T10:44:37.723168,
296e4f49e69806e1,https://kg.linkedin.com/jobs/view/add-a-title-at-umay-attorney-partnership-4448695728,Add a Title,UMAY Attorney Partnership,posted,2026-08-05T10:44:46.702720,1029
af433e3a3302e4cc,https://kg.linkedin.com/jobs/view/international-sales-specialist-at-messe-frankfurt-usa-pavilions-4447386136,International Sales Specialist,Messe Frankfurt USA Pavilions,posted,2026-08-05T10:44:53.685374,732
42c5e41d87f4d02c,https://kg.linkedin.com/jobs/view/discours-d-ouverture-du-congr%C3%A8s-litt%C3%A9raire-international-at-sens-public-4449079949,Discours d'ouverture du Congrès littéraire international,,scraped,2026-08-05T10:44:58.263673,
a184857364cc5996,https://kg.linkedin.com/jobs/view/%D1%85%D1%83%D0%B4%D0%BE%D0%B6%D0%BD%D0%B8%D0%BA-%D0%BF%D0%BE-%D0%BB%D0%B5%D0%B9%D0%B0%D1%83%D1%82%D0%B0%D0%BC-at-rocket-fox-animation-4448573839,Художник по лейаутам,,scraped,2026-08-05T10:45:19.111918,
7d1a369d67ebfd8a,https://kg.linkedin.com/jobs/view/covid-pieces-at-middle-west-press-llc-4449434161,COVID pieces,Middle West Press LLC,posted,2026-08-05T10:45:41.306018,1171
316a66198613c037,https://kg.linkedin.com/jobs/view/alumni-residency-2026-literary-or-visual-artists-at-middle-west-press-llc-4449439230,Alumni Residency 2026 (Literary or Visual Artists),Middle West Press LLC,posted,2026-08-05T10:46:02.608082,1173
bcaad61927cd0c42,https://kg.linkedin.com/jobs/view/ibaktech-international-at-invitexpo-4449464451,IBAKTECH: INTERNATIONAL...,Invitexpo,posted,2026-08-05T10:46:12.166609,1175
41613335b18f5051,https://kg.linkedin.com/jobs/view/idma-the-international-at-invitexpo-4449467360,IDMA The International ...,Invitexpo,posted,2026-08-05T10:46:23.019472,1177
a67867643934a012,https://kg.linkedin.com/jobs/view/%F0%9F%8F%9A%EF%B8%8F-nonfiction-at-middle-west-press-llc-4449427376,🏚️ Nonfiction,Middle West Press LLC,posted,2026-08-05T10:46:27.762960,1115
63af10019cb798c8,https://kg.linkedin.com/jobs/view/field-sales-manager-%E2%80%93-medior-%E2%80%93-international-at-leadfabric-4447350073,Field Sales Manager – Medior – International,,scraped,2026-08-05T10:46:34.335908,
514d54ae48c1bd80,https://kg.linkedin.com/jobs/view/art-at-middle-west-press-llc-4449420892,Art,Middle West Press LLC,posted,2026-08-05T10:46:50.860130,1179
4babc58ed3007583,https://kg.linkedin.com/jobs/view/translations-at-middle-west-press-llc-4449437110,Translations,Middle West Press LLC,posted,2026-08-05T10:46:59.695380,1181
06cc63a8afb4d789,https://kg.linkedin.com/jobs/view/fiction-at-middle-west-press-llc-4449428473,Fiction,Middle West Press LLC,posted,2026-08-05T10:47:04.608337,1131
51803db3a27f602f,https://kg.linkedin.com/jobs/view/dazed-santa-poetry-at-middle-west-press-llc-4449430438,Dazed Santa: Poetry,Middle West Press LLC,posted,2026-08-05T10:47:13.412731,1183
28af84af646443f7,https://kg.linkedin.com/jobs/view/short-stories-at-middle-west-press-llc-4449423731,Short Stories,Middle West Press LLC,posted,2026-08-05T10:47:21.940105,1185
af09cf6be3eb5ee8,https://kg.linkedin.com/jobs/view/death-poem-turned-to-movie-plus-guaranteed-festival-acceptances-at-middle-west-press-llc-4449439245,DEATH POEM turned to MOVIE. (Plus guaranteed festival acceptances),Middle West Press LLC,posted,2026-08-05T10:47:30.442232,1187
6d4416749a81ca47,https://kg.linkedin.com/jobs/view/iambic-hexameter-poem-at-middle-west-press-llc-4449423842,Iambic Hexameter Poem,Middle West Press LLC,posted,2026-08-05T10:47:47.313463,1189
125a8914c4bebe28,https://kg.linkedin.com/jobs/view/%F0%9F%92%AB%E2%9C%A8creative-non-fiction-submission-at-middle-west-press-llc-4449435210,💫✨Creative Non-Fiction Submission,Middle West Press LLC,posted,2026-08-05T10:47:57.864304,1191
fe7fd56f1a3839a1,https://kg.linkedin.com/jobs/view/%F0%9F%92%AB%E2%9C%A8short-story-submission-autumn-issue-at-middle-west-press-llc-4449435263,💫✨Short Story Submission-Autumn Issue,Middle West Press LLC,posted,2026-08-05T10:48:07.514469,1193
fc5cefad04e99ecc,https://kg.linkedin.com/jobs/view/constance-rooke-creative-nonfiction-prize-at-middle-west-press-llc-4449441188,Constance Rooke Creative Nonfiction Prize,Middle West Press LLC,posted,2026-08-05T10:48:28.337823,1195
9b2c9d4575e98966,https://kg.linkedin.com/jobs/view/comedy-short-story-festival-0-2000-words-everyone-wins-at-middle-west-press-llc-4449425433,COMEDY Short Story Festival - 0-2000 words (everyone wins),Middle West Press LLC,posted,2026-08-05T10:48:36.908975,1197
f84fe171af110ca9,https://kg.linkedin.com/jobs/view/call-for-artwork-caminando-por-las-am%C3%A9ricas-walking-through-the-americas-at-middle-west-press-llc-4449434274,CALL FOR ARTWORK: Caminando por las Américas / Walking Through The Americas,Middle West Press LLC,posted,2026-08-05T10:48:45.445195,1199
51d1a3f74f0d0791,https://kg.linkedin.com/jobs/view/bursary-application-memoir-at-middle-west-press-llc-4449432292,Bursary Application - Memoir,Middle West Press LLC,posted,2026-08-05T10:48:54.320547,1201
74caeb3f6bed1513,https://kg.linkedin.com/jobs/view/visual-art-photography-drawings-paintings-collages-sculptures-at-middle-west-press-llc-4449431417,"VISUAL ART (Photography, Drawings, Paintings, Collages, Sculptures)",Middle West Press LLC,posted,2026-08-05T10:49:03.071897,1203
aafdb599b59eeac0,https://kg.linkedin.com/jobs/view/thriller-suspense-novel-festival-at-middle-west-press-llc-4449438198,THRILLER/SUSPENSE Novel Festival,Middle West Press LLC,posted,2026-08-05T10:49:14.197922,1205
1dff9e613edb5f4b,https://kg.linkedin.com/jobs/view/hulp-kok-pt-10-15-uur-at-de-kurk-lokaal-proef-festijn-4448958589,HULP KOK - PT 10 - 15 UUR,,scraped,2026-08-05T10:49:40.822094,
2cb380d178461f17,https://kg.linkedin.com/jobs/view/m-a-n-u-s-c-r-i-p-t-s-at-middle-west-press-llc-4449423708,M A N U S C R I P T S,Middle West Press LLC,posted,2026-08-05T10:49:56.979069,1207
d46696e35953fe0f,https://kg.linkedin.com/jobs/view/rov-senior-pilot-technician-at-rovop-4448955781,ROV Senior Pilot Technician,,scraped,2026-08-05T10:50:11.512044,
b5a2230ee502acba,https://kg.linkedin.com/jobs/view/thriller-suspense-1st-chapter-novel-festival-at-middle-west-press-llc-4449423788,THRILLER/SUSPENSE 1st Chapter Novel Festival,Middle West Press LLC,posted,2026-08-05T14:25:59.657801,1209
b476ac8a40c30740,https://kg.linkedin.com/jobs/view/egypt-shines-as-hassan-declares-arab-supremacy-after-spain-draw-at-aballou-4449457383,Egypt Shines as Hassan Declares Arab Supremacy After Spain Draw,Aballou,posted,2026-08-05T14:26:10.760628,1211
518e670913c793d8,https://kg.linkedin.com/jobs/view/%F0%9F%92%AB%E2%9C%A8novella-at-middle-west-press-llc-4449442080,💫✨Novella,Middle West Press LLC,posted,2026-08-05T14:26:32.272230,1213
f741eb645f0e951d,https://kg.linkedin.com/jobs/view/crm-%D0%BC%D0%B0%D1%80%D0%BA%D0%B5%D1%82%D0%BE%D0%BB%D0%BE%D0%B3-at-itms-group-of-companies-4448946830,CRM-маркетолог,,scraped,2026-08-05T14:26:50.827536,
5d70fd5a25d7c1cf,https://kg.linkedin.com/jobs/view/fashion-revolution-catalyst-international-at-susies-shoe-store-4448971259,FASHION REVOLUTION CATALYST (INTERNATIONAL),SUSIES SHOE STORE,posted,2026-08-05T14:27:11.032796,1215
a443899403ae0966,https://kg.linkedin.com/jobs/view/devops-engineer-at-targeted-solutions-for-business-llc-4447334972,DevOps Engineer,Targeted Solutions for Business LLC,posted,2026-08-05T14:27:15.913599,380
74615e91fa7dbcb2,https://kg.linkedin.com/jobs/view/director-of-nursing-at-cure-children-s-hospital-of-kenya-4449421476,Director of Nursing,,scraped,2026-08-05T14:27:18.575691,
85abd929bfbc472d,https://kg.linkedin.com/jobs/view/data-analyst-auto-moto-at-salmon-group-ltd-4449124091,Data Analyst (Auto/Moto),,scraped,2026-08-05T14:27:26.008101,
9fa09e0d7dd6404a,https://kg.linkedin.com/jobs/view/manuscripts-at-middle-west-press-llc-4449432209,Manuscripts,Middle West Press LLC,posted,2026-08-05T14:27:40.029500,1111
49918c3150674914,https://kg.linkedin.com/jobs/view/p-o-e-t-r-y-at-middle-west-press-llc-4449427373,P O E T R Y,Middle West Press LLC,posted,2026-08-05T14:28:01.409911,1217
7c6ea587b9dcce61,https://kg.linkedin.com/jobs/view/%F0%9F%92%AB%E2%9C%A8poetry-autumn-issue-at-middle-west-press-llc-4449425463,💫✨Poetry-Autumn Issue,Middle West Press LLC,posted,2026-08-05T14:28:10.339354,1219
5607f1cb5491cc35,https://kg.linkedin.com/jobs/view/junior-consultant-all-genders-%0Ainternational-training-internal-communication-at-101-consulting-gmbh-4447268401,"Junior Consultant (all genders)
International training & internal communication",,scraped,2026-08-05T14:28:30.979079,
49db2d481501a09d,https://kg.linkedin.com/jobs/view/monteur-at-cleanroom-systems-international-4449430439,Monteur,,scraped,2026-08-05T14:28:46.295255,
a9e6733c32d9fe6d,https://kg.linkedin.com/jobs/view/%D0%BD%D0%B0%D1%87%D0%B0%D0%BB%D1%8C%D0%BD%D0%B8%D0%BA-%D0%BE%D1%82%D0%B4%D0%B5%D0%BB%D0%B0-%D0%BF%D0%BE-%D1%83%D0%BF%D1%80%D0%B0%D0%B2%D0%BB%D0%B5%D0%BD%D0%B8%D1%8F-%D1%80%D0%B8%D1%81%D0%BA%D0%B0%D0%BC%D0%B8-at-uzbek-republican-currency-exchange-4449106674,Начальник отдела по управления рисками,,scraped,2026-08-05T14:29:02.153765,
60d2e0642ed6105e,https://kg.linkedin.com/jobs/view/%F0%9F%8F%9A%EF%B8%8F-religion-spirituality-at-middle-west-press-llc-4449432203,🏚️ Religion & Spirituality,Middle West Press LLC,posted,2026-08-05T14:29:17.546051,1221
919225915a154162,https://kg.linkedin.com/jobs/view/international-visiting-research-student-scholarship-programs-at-usask-research-4448944078,International Visiting Research Student Scholarship Programs,,scraped,2026-08-05T14:29:34.156404,
e3ae28cd311bf58a,https://kg.linkedin.com/jobs/view/packaging-manufacturing-engineer-at-michael-page-4440839119,Packaging & Manufacturing Engineer,Michael Page,posted,2026-08-05T14:30:21.998973,1223
53e068eb7d582a20,https://kg.linkedin.com/jobs/view/adviser-competence-team-too-at-powering-change-team-million-makers-4449481471,Adviser Competence Team Too,Powering Change Team - Million Makers,posted,2026-08-05T17:48:59.143456,1225
1f0b078a4611b0d1,https://kg.linkedin.com/jobs/view/werkvoorbereider-at-cleanroom-systems-international-4449431445,Werkvoorbereider,,scraped,2026-08-05T17:49:13.824077,
30eeec6634738a96,https://kg.linkedin.com/jobs/view/data-engineer-at-michael-page-4449642694,Data Engineer,Michael Page,posted,2026-08-05T17:49:46.012626,1227
e3b14b54aa48ae96,https://kg.linkedin.com/jobs/view/visa-%D0%BA%D1%83%D0%BF%D0%B8%D0%BB%D0%B0-%D0%B8%D0%B7%D1%80%D0%B0%D0%B8%D0%BB%D1%8C%D1%81%D0%BA%D0%B8%D0%B9-%D1%81%D1%82%D0%B0%D1%80%D1%82%D0%B0%D0%BF-biocatch-%D0%B7%D0%B0-2-%D0%BC%D0%BB%D1%80%D0%B4-%D0%B4%D0%BE%D0%BB%D0%BB%D0%B0%D1%80%D0%BE%D0%B2-at-%D1%81%D0%B5%D0%B3%D0%BE%D0%B4%D0%BD%D1%8F-%D0%B2-%D0%B8%D0%B7%D1%80%D0%B0%D0%B8%D0%BB%D0%B5-4448042443,Visa купила израильский стартап BioCatch за 2 млрд долларов,Сегодня в Израиле,posted,2026-08-05T17:50:14.621323,1229
8d226d41af0aef81,https://kg.linkedin.com/jobs/view/project-manager-digital-transformation-mandarin-speaker-at-michael-page-4449639729,"Project Manager (Digital Transformation, Mandarin Speaker)",Michael Page,posted,2026-08-05T17:50:50.068613,1231
b47886e1fdbf8997,https://kg.linkedin.com/jobs/view/w-o-r-d-s-o-n-w-a-r-at-middle-west-press-llc-4449424715,W O R D S . O N . W A R,Middle West Press LLC,posted,2026-08-05T17:51:17.977274,1233
3de042d6d5a4ff20,https://kg.linkedin.com/jobs/view/oportunidade-2024-hufs-international-summer-session-at-deri-international-office-4448014787,Oportunidade 2024 HUFS International Summer Session,,scraped,2026-08-05T17:51:30.588388,
12f890cb26b15f80,https://kg.linkedin.com/jobs/view/n-o-n-f-i-c-t-i-o-n-at-middle-west-press-llc-4449440107,N O N F I C T I O N,Middle West Press LLC,posted,2026-08-05T17:51:48.567855,1235
87b15dbf26f48c17,https://kg.linkedin.com/jobs/view/primary-school-teacher-at-silk-road-international-school-4449677772,Primary School Teacher,Silk Road International School,posted,2026-08-05T19:46:30.938459,1237
8e3783feff43a03a,https://kg.linkedin.com/jobs/view/%D0%BC%D0%B5%D0%BD%D0%B5%D0%B4%D0%B6%D0%B5%D1%80-%D0%BF%D0%BE-%D0%BF%D1%80%D0%BE%D0%B4%D0%B0%D0%B6%D0%B0%D0%BC-%D1%81%D0%B0%D0%BD%D0%BA%D1%82-%D0%BF%D0%B5%D1%82%D0%B5%D1%80%D0%B1%D1%83%D1%80%D0%B3-%D0%BD%D0%B5%D0%B2%D0%B5%D0%BB%D1%8C%D1%81%D0%BA%D0%B0%D1%8F-%D1%83%D0%BB%D0%B8%D1%86%D0%B0-3%D0%B1-at-general-medical-courier-4448976689,"Менеджер по продажам Санкт-Петербург, Невельская улица, 3Б",General Medical Courier,posted,2026-08-05T19:46:41.819805,700
259452271d264cb9,https://kg.linkedin.com/jobs/view/project-manager-at-frontpoint-llc-4448043744,Project manager,,scraped,2026-08-05T19:46:48.478601,
9de05bb51e486d53,https://kg.linkedin.com/jobs/view/aymod-international-foo-at-invitexpo-4449458447,AYMOD International Foo...,Invitexpo,posted,2026-08-05T19:47:41.831921,1239
65456149c5bbb837,https://kg.linkedin.com/jobs/view/fedex-empowers-malaysia%E2%80%99s-young-entrepreneurs-through-2026-international-trade-challenge-at-chat-msme-4446697187,FedEx Empowers Malaysia’s Young Entrepreneurs Through 2026 International Trade Challenge,CHAT MSME,posted,2026-08-05T19:48:03.025772,1241
5354a162a61acc12,https://kg.linkedin.com/jobs/view/java-development-trainee-at-epam-systems-4448533162,Java Development Trainee,EPAM Systems,posted,2026-08-05T19:48:08.068162,640
a8acfa6d954924d9,https://kg.linkedin.com/jobs/view/souschef-at-g%C3%B6teborgsfamiljen-4449656971,Souschef,,scraped,2026-08-05T19:48:10.758453,
cd08d3048c2d80f4,https://kg.linkedin.com/jobs/view/%D0%BD%D0%B0%D1%87%D0%B0%D0%BB%D1%8C%D0%BD%D0%B8%D0%BA-%D0%BE%D1%82%D0%B4%D0%B5%D0%BB%D0%B0-%D0%BF%D1%80%D0%BE%D0%B4%D0%B0%D0%B6-at-frontpoint-llc-4448038890,Начальник отдела продаж,,scraped,2026-08-05T21:20:23.743383,
46960704d4c425ea,https://kg.linkedin.com/jobs/view/ccgi-international-learning-network-generative-ai-at-k-pic-systems-4449686192,CCGI International Learning Network: Generative AI,K-PIC Systems,posted,2026-08-05T21:21:13.679990,1243
c9f9da7a062a363d,https://kg.linkedin.com/jobs/view/join-our-board-at-german-school-of-fremont-4448011447,Join our board,German School of Fremont,posted,2026-08-05T21:21:28.798960,1245
345412d1f6d95948,https://kg.linkedin.com/jobs/view/%F0%9F%97%A3%EF%B8%8F-feminism-%F0%9F%92%AA%F0%9F%91%A9%E2%80%8D%E2%9A%96%EF%B8%8F-at-middle-west-press-llc-4449434154,🗣️ Feminism 💪👩⚖️,Middle West Press LLC,posted,2026-08-05T21:21:45.214004,1247
bdaf254a530143e6,https://kg.linkedin.com/jobs/view/experimental-hybrid-conceptual-indefinable-at-middle-west-press-llc-4449432192,Experimental/Hybrid/Conceptual/Indefinable,Middle West Press LLC,posted,2026-08-05T21:21:54.700389,1249
a8a268ccc155af1a,https://kg.linkedin.com/jobs/view/mental-health-at-middle-west-press-llc-4449442029,Mental Health,Middle West Press LLC,posted,2026-08-05T21:22:04.509668,1251
fde6c13ef20ae7b7,https://kg.linkedin.com/jobs/view/%D1%83%D0%B1%D0%BE%D1%80%D1%89%D0%B8%D0%BA-%D0%BF%D1%80%D0%BE%D0%B8%D0%B7%D0%B2%D0%BE%D0%B4%D1%81%D1%82%D0%B2%D0%B5%D0%BD%D0%BD%D1%8B%D1%85-%D0%BF%D0%BE%D0%BC%D0%B5%D1%89%D0%B5%D0%BD%D0%B8%D0%B9-at-lumi-crm-4449630836,Уборщик производственных помещений,Lumi.CRM,failed|wp_post_failed,2026-08-05T21:23:02.813604,
7a38103af4c8c5c0,https://kg.linkedin.com/jobs/view/%D0%B2%D0%BE%D0%B4%D0%B8%D1%82%D0%B5%D0%BB%D1%8C-%D0%BA%D0%B0%D1%82%D0%B5%D0%B3%D0%BE%D1%80%D0%B8%D0%B8-%D1%81-%D0%BC%D0%B5%D0%B1%D0%B5%D0%BB%D1%8C-%D1%85%D0%BE%D0%B7%D1%82%D0%BE%D0%B2%D0%B0%D1%80%D1%8B-at-frontpoint-llc-4448047811,"Водитель категории С (мебель, хозтовары)",,scraped,2026-08-05T21:23:27.459915,
12a207ac99673947,https://kg.linkedin.com/jobs/view/nonfiction-conference-all-write-columbia-fall-2026-at-middle-west-press-llc-4449435298,"Nonfiction Conference, ALL WRITE, COLUMBIA FALL 2026",Middle West Press LLC,posted,2026-08-05T21:23:43.170716,1253
11495bac3d6107fc,https://kg.linkedin.com/jobs/view/fullstack-%D1%80%D0%B0%D0%B7%D1%80%D0%B0%D0%B1%D0%BE%D1%82%D1%87%D0%B8%D0%BA-php-api-ai-%D0%B8%D0%BD%D1%82%D0%B5%D0%B3%D1%80%D0%B0%D1%86%D0%B8%D0%B8-at-frontpoint-llc-4448043834,Fullstack-разработчик (PHP / API / AI интеграции),,scraped,2026-08-05T21:24:05.780595,
1f5647f9bef9bf7e,https://kg.linkedin.com/jobs/view/%D1%81%D1%82%D0%B0%D0%B6%D0%B5%D1%80-%D0%BF%D1%80%D0%BE%D0%B3%D1%80%D0%B0%D0%BC%D0%BC%D0%B8%D1%81%D1%82-1%D1%81-at-frontpoint-llc-4448059061,Стажер-программист 1С,,scraped,2026-08-05T21:24:18.369936,
b5eb5d3fff36f09d,https://kg.linkedin.com/jobs/view/brics-international-school-new-generation-at-deri-international-office-4448013744,BRICS International School: New Generation,,scraped,2026-08-05T23:09:05.718777,
27a9afa6891c403a,https://kg.linkedin.com/jobs/view/senior-smm-specialist-at-frontpoint-llc-4448044943,Senior SMM Specialist,,scraped,2026-08-05T23:11:05.823868,
d2a8741b64cd75d2,https://kg.linkedin.com/jobs/view/%D0%BC%D0%B5%D0%BD%D0%B5%D0%B4%D0%B6%D0%B5%D1%80-%D0%BF%D0%BE-%D0%BF%D1%80%D0%BE%D0%B4%D0%B0%D0%B6%D0%B0%D0%BC-%D0%BB%D0%BE%D0%B3%D0%B8%D1%81%D1%82%D0%B8%D1%87%D0%B5%D1%81%D0%BA%D0%B8%D1%85-%D1%83%D1%81%D0%BB%D1%83%D0%B3-%D1%83%D0%B4%D0%B0%D0%BB%D0%B5%D0%BD%D0%BD%D0%BE-at-frontpoint-llc-4448056722,Менеджер по продажам логистических услуг (удаленно),,scraped,2026-08-05T23:11:19.832593,
b345ebe682657226,https://kg.linkedin.com/jobs/view/%D1%81%D0%BF%D0%B5%D1%86%D0%B8%D0%B0%D0%BB%D0%B8%D1%81%D1%82-%D0%BF%D0%BE-%D0%BF%D1%80%D0%BE%D0%B4%D0%B0%D0%B6%D0%B5-at-frontpoint-llc-4448037886,Специалист по продаже,,scraped,2026-08-05T23:11:29.831144,
c827d8c95506dc85,https://kg.linkedin.com/jobs/view/%D0%BC%D0%B5%D0%BD%D0%B5%D0%B4%D0%B6%D0%B5%D1%80-%D0%BF%D0%BE-%D0%BF%D1%80%D0%BE%D0%B4%D0%B0%D0%B6%D0%B0%D0%BC-%D0%B0%D0%B2%D1%82%D0%BE%D0%B7%D0%B0%D0%BF%D1%87%D0%B0%D1%81%D1%82%D0%B5%D0%B9-%D0%B2-%D0%B8%D0%BD%D1%82%D0%B5%D1%80%D0%BD%D0%B5%D1%82-%D0%BC%D0%B0%D0%B3%D0%B0%D0%B7%D0%B8%D0%BD-auto-ostrov-at-frontpoint-llc-4448045830,Менеджер по продажам автозапчастей в интернет магазин Auto-Ostrov,,scraped,2026-08-05T23:11:39.857629,
f8c176ba317de068,https://kg.linkedin.com/jobs/view/%D1%82%D0%B0%D1%80%D0%B3%D0%B5%D1%82%D0%BE%D0%BB%D0%BE%D0%B3-at-frontpoint-llc-4448042780,Таргетолог,,scraped,2026-08-06T03:20:16.089418,
d968de6d4caa281d,https://kg.linkedin.com/jobs/view/remote-compliance-specialist-global-regulations-at-roibyroy-4449114885,Remote Compliance Specialist - Global Regulations,RoibyRoy,posted,2026-08-06T03:20:33.853149,1255
1a77c8cfbb59f193,https://kg.linkedin.com/jobs/view/remote-technical-writer-work-abroad-at-roibyroy-4449118927,Remote Technical Writer - Work Abroad,RoibyRoy,posted,2026-08-06T03:20:50.283808,1257
b246203e4ad9783d,https://kg.linkedin.com/jobs/view/global-financial-content-writer-contract-at-learnlux-financial-wellbeing-4448085112,Global Financial Content Writer (Contract),LearnLux Financial Wellbeing,posted,2026-08-06T03:22:37.759388,1259
74520aad8e6b74a3,https://kg.linkedin.com/jobs/view/creative-operations-coordinator-latam-at-tubescience-4449988927,Creative Operations Coordinator | LATAM,TubeScience,posted,2026-08-06T06:38:33.219332,1261
211781a177b02146,https://kg.linkedin.com/jobs/view/front-end-specialist-at-ball-corporation-4450224679,Front End Specialist,Ball Corporation,posted,2026-08-06T10:47:48.590882,1263
7976dbe582604574,https://kg.linkedin.com/jobs/view/strategic-partnerships-manager-at-frontline-technologies-4446689384,Strategic Partnerships Manager,,scraped,2026-08-06T10:47:53.173161,
dfe09091507854a8,https://kg.linkedin.com/jobs/view/international-sales-specialist-at-messe-frankfurt-usa-pavilions-4448086267,International Sales Specialist,Messe Frankfurt USA Pavilions,posted,2026-08-06T10:48:07.072018,732
105e9bbe6e69eda4,https://kg.linkedin.com/jobs/view/%D1%8D%D0%BA%D1%81%D0%BF%D0%B5%D0%B4%D0%B8%D1%82%D0%BE%D1%80-%D0%BB%D0%BE%D0%B3%D0%B8%D1%81%D1%82-at-frontpoint-llc-4448053788,Экспедитор логист,,scraped,2026-08-06T10:49:07.896823,
e6f085b4cdf0369c,https://kg.linkedin.com/jobs/view/%D1%81%D0%BF%D0%B5%D1%86%D0%B8%D0%B0%D0%BB%D0%B8%D1%81%D1%82-%D0%BF%D0%BE-%D1%82%D0%B5%D0%BB%D0%B5%D1%84%D0%BE%D0%BD%D0%BD%D1%8B%D0%BC-%D0%BF%D1%80%D0%BE%D0%B4%D0%B0%D0%B6%D0%B0%D0%BC-%D1%83%D1%81%D0%BB%D1%83%D0%B3%D0%B8-at-frontpoint-llc-4448043860,Специалист по телефонным продажам (услуги),,scraped,2026-08-06T10:49:32.328950,
5f8c5d8d0eeca175,https://kg.linkedin.com/jobs/view/%D0%B1%D1%83%D1%85%D0%B3%D0%B0%D0%BB%D1%82%D0%B5%D1%80-at-frontpoint-llc-4448049787,Бухгалтер,,scraped,2026-08-06T10:49:42.562367,
73d85d95ef7cd1ee,https://kg.linkedin.com/jobs/view/%D0%B0%D0%B4%D0%BC%D0%B8%D0%BD%D0%B8%D1%81%D1%82%D1%80%D0%B0%D1%82%D0%BE%D1%80-%D1%83%D1%87%D0%B5%D0%B1%D0%BD%D0%BE%D0%B3%D0%BE-%D1%86%D0%B5%D0%BD%D1%82%D1%80%D0%B0-at-frontpoint-llc-4448053663,Администратор учебного центра,,scraped,2026-08-06T10:50:12.700844,
5fc9000579efaec6,https://kg.linkedin.com/jobs/view/%23105-winter-%E2%80%94-general-issue-%E2%80%94-non-fiction-at-middle-west-press-llc-4450238949,#105 (Winter) — General Issue — Non-Fiction,Middle West Press LLC,posted,2026-08-06T14:29:01.184963,1265
11c291d26d841a51,https://kg.linkedin.com/jobs/view/%23105-winter-%E2%80%94-general-issue-%E2%80%94-poetry-at-middle-west-press-llc-4450261379,#105 (Winter) — General Issue — Poetry,Middle West Press LLC,posted,2026-08-06T14:29:12.004080,1267
0b5163ea56ff489a,https://kg.linkedin.com/jobs/view/%D0%B0%D1%81%D1%81%D0%B8%D1%81%D1%82%D0%B5%D0%BD%D1%82-%D0%BC%D0%B5%D0%BD%D0%B5%D0%B4%D0%B6%D0%B5%D1%80%D0%B0-%D0%BF%D0%BE-%D0%BF%D1%80%D0%BE%D0%B4%D0%B0%D0%B6%D0%B0%D0%BC-at-frontpoint-llc-4448042844,Ассистент менеджера по продажам,,scraped,2026-08-06T14:30:30.865943,
383490f37a5742ab,https://kg.linkedin.com/jobs/view/%D0%BC%D0%B5%D0%BD%D0%B5%D0%B4%D0%B6%D0%B5%D1%80-%D0%BF%D0%BE-%D0%BF%D1%80%D0%BE%D0%B4%D0%B0%D0%B6%D0%B0%D0%BC-%D0%B2-%D0%BC%D0%B5%D0%B1%D0%B5%D0%BB%D1%8C%D0%BD%D1%83%D1%8E-%D0%BA%D0%BE%D0%BC%D0%BF%D0%B0%D0%BD%D0%B8%D1%8E-at-frontpoint-llc-4448046750,Менеджер по продажам в мебельную компанию,,scraped,2026-08-06T14:30:39.308950,
319677cd60d9d33a,https://kg.linkedin.com/jobs/view/fiction-at-middle-west-press-llc-4449959297,Fiction,Middle West Press LLC,posted,2026-08-06T14:31:00.133076,1131
1f6a8f6e6d3b987b,https://kg.linkedin.com/jobs/view/short-stories-undoing-the-past-at-middle-west-press-llc-4450253612,Short Stories - Undoing The Past,Middle West Press LLC,posted,2026-08-06T14:31:10.851317,1269
dd29eda412d3c45b,https://kg.linkedin.com/jobs/view/words-prompt-poems-stressed-desserts-at-middle-west-press-llc-4450240844,Words Prompt Poems - Stressed Desserts,Middle West Press LLC,posted,2026-08-06T14:31:25.351948,1271
b2162e9c0350aa08,https://kg.linkedin.com/jobs/view/words-prompt-poems-god-dog-at-middle-west-press-llc-4450238913,Words Prompt Poems - God Dog,Middle West Press LLC,posted,2026-08-06T14:31:40.541807,1273
bce7156066600303,https://kg.linkedin.com/jobs/view/graphic-novel-full-novel-festival-at-middle-west-press-llc-4450262356,GRAPHIC NOVEL Full Novel Festival,Middle West Press LLC,posted,2026-08-06T14:31:50.775311,1275
6927f2aa85b32263,https://kg.linkedin.com/jobs/view/haiku-submissions-a-year-of-k%C5%8D-first-season-submission-sekki-beginning-of-spring-at-middle-west-press-llc-4450239834,Haiku Submissions - A Year of Kō. First Season Submission - Sekki: Beginning of Spring,Middle West Press LLC,posted,2026-08-06T14:32:03.632505,1277
6745fc7242179f77,https://kg.linkedin.com/jobs/view/western-screenplay-festival-at-middle-west-press-llc-4449959388,WESTERN Screenplay Festival,Middle West Press LLC,posted,2026-08-06T14:32:17.831051,1279
6d39c8827c1c383a,https://kg.linkedin.com/jobs/view/memoir-autobiography-1st-chapter-novel-festival-at-middle-west-press-llc-4449951452,MEMOIR & AUTOBIOGRAPHY 1st Chapter Novel Festival,Middle West Press LLC,posted,2026-08-06T14:32:31.972083,1281
f57b6d9daf184063,https://kg.linkedin.com/jobs/view/poetry-collection-open-call-summer-2026-at-middle-west-press-llc-4450251642,"Poetry Collection Open Call, Summer 2026",Middle West Press LLC,posted,2026-08-06T14:32:44.360556,1283
2a58093c6a2a3f32,https://kg.linkedin.com/jobs/view/tammis-day-prize-at-middle-west-press-llc-4450239844,Tammis Day Prize,Middle West Press LLC,posted,2026-08-06T14:32:55.008206,1285
7c94b517ade2c36e,https://kg.linkedin.com/jobs/view/literary-fiction-short-story-festival-0-2000-words-everyone-wins-at-middle-west-press-llc-4450257582,LITERARY FICTION Short Story Festival - 0-2000 words (everyone wins),Middle West Press LLC,posted,2026-08-06T14:33:05.533887,1287
fb7e5fabc854eeba,https://kg.linkedin.com/jobs/view/ocean-reporting-network-fellowship-2027-at-middle-west-press-llc-4449952361,Ocean Reporting Network Fellowship 2027,Middle West Press LLC,posted,2026-08-06T14:33:22.325047,1289
d38ce9ff3a7d98ab,https://kg.linkedin.com/jobs/view/peace-poetry-contest-get-poem-made-into-a-movie-every-submission-gets-a-poetry-video-reading-at-middle-west-press-llc-4449955436,PEACE Poetry Contest (Get poem made into a movie. Every submission gets a poetry video reading.),Middle West Press LLC,posted,2026-08-06T14:33:34.308301,1291
616a33be7152dd0c,https://kg.linkedin.com/jobs/view/%E2%9C%8D%EF%B8%8F-%241000-creative-writing-contest-100-words-at-middle-west-press-llc-4449957290,✍️ $1000 Creative Writing Contest: 100 words,Middle West Press LLC,posted,2026-08-06T14:33:44.395002,1293
e7754957274d3bcf,https://kg.linkedin.com/jobs/view/%D0%B3%D0%BB%D0%B0%D0%B2%D0%BD%D1%8B%D0%B9-%D0%B1%D1%83%D1%85%D0%B3%D0%B0%D0%BB%D1%82%D0%B5%D1%80-%D0%B0%D1%83%D1%82%D1%81%D0%BE%D1%80%D1%81%D0%B8%D0%BD%D0%B3-at-frontpoint-llc-4448057760,Главный бухгалтер (Аутсорсинг),,scraped,2026-08-06T14:33:49.491403,
483fd29b9b009070,https://kg.linkedin.com/jobs/view/%D0%B8%D0%BD%D0%B6%D0%B5%D0%BD%D0%B5%D1%80-%D0%BF%D0%BE-%D0%BE%D1%82-%D0%B8-%D0%BF%D0%B1-%D0%B8%D0%BD%D0%B6%D0%B5%D0%BD%D0%B5%D1%80-%D1%8D%D0%BA%D0%BE%D0%BB%D0%BE%D0%B3-at-frontpoint-llc-4448045939,"Инженер по ОТ и ПБ, инженер-эколог",,scraped,2026-08-06T14:33:58.605396,
485d97466912acc9,https://kg.linkedin.com/jobs/view/%D1%8E%D1%80%D0%B8%D1%81%D1%82-%D0%B0%D0%B4%D0%BC%D0%B8%D0%BD%D0%B8%D1%81%D1%82%D1%80%D0%B0%D1%82%D0%BE%D1%80-%D1%8E%D1%80%D0%B8%D1%81%D0%BA%D0%BE%D0%BD%D1%81%D1%83%D0%BB%D1%8C%D1%82-at-frontpoint-llc-4448038920,Юрист-администратор (юрисконсульт),,scraped,2026-08-06T14:34:06.489325,
6a9eac2876c474e2,https://kg.linkedin.com/jobs/view/partial-and-even-full-scholarships-for-master%E2%80%99s-students-at-rwth-international-academy-at-deri-international-office-4448033649,Partial and even full scholarships for master’s students at RWTH International Academy,,scraped,2026-08-06T14:34:17.870348,
5c7fdbfc0a7384cc,https://kg.linkedin.com/jobs/view/%D0%B2%D0%B8%D0%B7%D1%83%D0%B0%D0%BB%D0%B8%D0%B7%D0%B0%D1%82%D0%BE%D1%80-%D0%B8%D0%BD%D1%82%D0%B5%D1%80%D1%8C%D0%B5%D1%80%D0%BE%D0%B2-%D0%B2-3%D0%B4%D0%BC%D0%B0%D0%BA%D1%81-%D0%B1%D0%B5%D0%BB%D0%B0%D1%80%D1%83%D1%81%D1%8C-at-frontpoint-llc-4448055742,Визуализатор интерьеров в 3дмакс (Беларусь),,scraped,2026-08-06T14:34:40.505701,
7fb93217804e2c09,https://kg.linkedin.com/jobs/view/%D0%B3%D1%80%D0%B0%D1%84%D0%B8%D1%87%D0%B5%D1%81%D0%BA%D0%B8%D0%B9-%D0%B4%D0%B8%D0%B7%D0%B0%D0%B9%D0%BD%D0%B5%D1%80-at-frontpoint-llc-4448053717,Графический дизайнер,,scraped,2026-08-06T14:34:48.807463,
c064bc2aa27fa35b,https://kg.linkedin.com/jobs/view/international-sales-specialist-at-messe-frankfurt-usa-pavilions-4448439871,International Sales Specialist,Messe Frankfurt USA Pavilions,posted,2026-08-06T23:08:48.826657,732
0badb72e6060cf89,https://kg.linkedin.com/jobs/view/seo-%D1%81%D0%BF%D0%B5%D1%86%D0%B8%D0%B0%D0%BB%D0%B8%D1%81%D1%82-at-frontpoint-llc-4448462191,SEO-специалист,,scraped,2026-08-06T23:08:51.440138,
3f987ca3106c496c,https://kg.linkedin.com/jobs/view/%D1%81%D0%B5%D0%BA%D1%80%D0%B5%D1%82%D1%8B-%D1%8F%D0%B4%D0%B5%D1%80%D0%BD%D0%BE%D0%B3%D0%BE-%D0%BE%D1%80%D1%83%D0%B6%D0%B8%D1%8F-%D0%BF%D1%80%D0%BE%D1%81%D1%82%D1%8B%D0%B5-%D0%BE%D1%82%D0%B2%D0%B5%D1%82%D1%8B-%D0%BD%D0%B0-%D1%81%D0%BB%D0%BE%D0%B6%D0%BD%D1%8B%D0%B5-%D0%B2%D0%BE%D0%BF%D1%80%D0%BE%D1%81%D1%8B-at-%D1%81%D0%B5%D0%B3%D0%BE%D0%B4%D0%BD%D1%8F-%D0%B2-%D0%B8%D0%B7%D1%80%D0%B0%D0%B8%D0%BB%D0%B5-4448453277,Секреты ядерного оружия: простые ответы на сложные вопросы,Сегодня в Израиле,posted,2026-08-06T23:09:14.617718,1295
7df5f94dfa9f4392,https://kg.linkedin.com/jobs/view/%D1%81%D0%B8%D0%B4%D0%B5%D0%BB%D0%BA%D0%B0-%D0%BF%D0%BE%D0%BC%D0%BE%D1%89%D0%BD%D0%B8%D1%86%D0%B0-%D0%BF%D0%BE-%D0%B4%D0%BE%D0%BC%D1%83-%D0%B4%D0%BB%D1%8F-%D1%83%D1%85%D0%BE%D0%B4%D0%B0-%D0%B7%D0%B0-%D0%BF%D0%BE%D1%81%D1%82%D0%B8%D0%BD%D1%81%D1%83%D0%BB%D1%8C%D1%82%D0%BD%D1%8B%D0%BC-at-pomogatel-ru-4449761916,Сиделка-помощница по дому для ухода за постинсультным...,,scraped,2026-08-06T23:09:21.165930,
53c29ea6110a7e51,https://kg.linkedin.com/jobs/view/oxymororn-vaguely-clear-at-middle-west-press-llc-4450257564,Oxymororn - Vaguely Clear,Middle West Press LLC,posted,2026-08-06T23:10:14.374910,1297
af3feef8eaf8eb8a,https://kg.linkedin.com/jobs/view/poetry-at-middle-west-press-llc-4449947417,Poetry,Middle West Press LLC,posted,2026-08-06T23:10:33.442406,1107
7cefc71d65266217,https://kg.linkedin.com/jobs/view/memoir-autobiography-novel-video-transcript-reading-at-middle-west-press-llc-4449941569,MEMOIR & AUTOBIOGRAPHY Novel Video Transcript Reading,Middle West Press LLC,posted,2026-08-06T23:10:55.403517,1299
846db4a5da52a10c,https://kg.linkedin.com/jobs/view/covid-submissions-at-middle-west-press-llc-4449953383,COVID submissions,Middle West Press LLC,posted,2026-08-06T23:11:04.820921,1301
221a27ae4d7c2f62,https://kg.linkedin.com/jobs/view/entangled-ecosystem-science-gallery-bengaluru-x-shared-ecologies-2026-2027-at-middle-west-press-llc-4450255635,Entangled Ecosystem | Science Gallery Bengaluru X Shared Ecologies | 2026-2027,Middle West Press LLC,posted,2026-08-06T23:11:28.195736,1303
27eeda8f73c45794,https://kg.linkedin.com/jobs/view/submit-a-short-story-poem-to-the-open-journal-%C2%A3100-prize-at-middle-west-press-llc-4449946368,Submit a short story/poem to the open journal (£100 prize),Middle West Press LLC,posted,2026-08-06T23:11:37.455481,1305
640ddba315c5d892,https://kg.linkedin.com/jobs/view/hugo-house-mad-tea-party-2026-community-submissions-at-middle-west-press-llc-4450261380,Hugo House Mad Tea Party 2026 Community Submissions,Middle West Press LLC,posted,2026-08-06T23:12:07.084912,1307
3b7dfc617a5fc57a,https://kg.linkedin.com/jobs/view/%E2%98%80%EF%B8%8F-%24800-summer-street-contest-poetry-fiction-nonfiction-%E2%98%80%EF%B8%8F-at-middle-west-press-llc-4449432204,☀️ $800 Summer Street CONTEST: Poetry / Fiction / Nonfiction ☀️,Middle West Press LLC,posted,2026-08-06T23:12:18.371388,1309
7507fc65f265230d,https://kg.linkedin.com/jobs/view/%D0%B1%D1%83%D1%85%D0%B3%D0%B0%D0%BB%D1%82%D0%B5%D1%80-%D0%B2-%D0%BE%D0%B1%D1%89%D0%B5%D0%BF%D0%B8%D1%82-at-frontpoint-llc-4448441935,Бухгалтер в общепит,,scraped,2026-08-06T23:12:24.962583,
fbca7cfcc4c25eb1,https://kg.linkedin.com/jobs/view/magical-realism-stage-play-writing-contest-get-play-performed-by-professional-actors-at-middle-west-press-llc-4450260387,MAGICAL REALISM STAGE PLAY Writing Contest (get play performed by professional actors),Middle West Press LLC,posted,2026-08-06T23:12:41.477569,1311
ff6a59d59da6c963,https://kg.linkedin.com/jobs/view/%D0%B0%D0%B4%D0%BC%D0%B8%D0%BD%D0%B8%D1%81%D1%82%D1%80%D0%B0%D1%82%D0%BE%D1%80-%D1%81%D1%82%D1%83%D0%B4%D0%B8%D0%B8-%D1%80%D0%B8%D1%81%D0%BE%D0%B2%D0%B0%D0%BD%D0%B8%D1%8F-at-frontpoint-llc-4448458050,Администратор студии рисования,,scraped,2026-08-06T23:12:46.227613,
f0f6ab5c31feb41d,https://kg.linkedin.com/jobs/view/la-piccioletta-barca-prose-fiction-essays-visual-arts-6-week-response-at-middle-west-press-llc-4449949476,La Piccioletta Barca - Prose (Fiction/Essays) & Visual Arts - 6 Week Response,Middle West Press LLC,posted,2026-08-06T23:13:08.795578,1313
b4fd00e327a6adfb,https://kg.linkedin.com/jobs/view/%D0%BC%D0%B5%D0%BD%D0%B5%D0%B4%D0%B6%D0%B5%D1%80-%D0%BF%D0%BE-%D0%BF%D1%80%D0%BE%D0%B4%D0%B0%D0%B6%D0%B0%D0%BC-sales-%D0%BC%D0%B5%D0%BD%D0%B5%D0%B4%D0%B6%D0%B5%D1%80-at-frontpoint-llc-4448460116,Менеджер по продажам/Sales менеджер,,scraped,2026-08-06T23:13:11.494139,
d5a2d175c46c93f4,https://kg.linkedin.com/jobs/view/assistant-logistics-manager-at-d%C3%A9hanche-4449417021,ASSISTANT LOGISTICS MANAGER,Déhanche,posted,2026-08-06T23:13:24.991046,1315
e4b44bbc965c8239,https://kg.linkedin.com/jobs/view/international-conference-on-the-future-of-wood-science-technology-education-2021-at-14th-malaysian-symposium-of-biomedical-science-4450658685,INTERNATIONAL CONFERENCE ON THE FUTURE OF WOOD SCIENCE & TECHNOLOGY EDUCATION 2021,,scraped,2026-08-06T23:13:33.645785,
e0f809a611bc910d,https://kg.linkedin.com/jobs/view/%D0%B8%D0%BD%D0%B6%D0%B5%D0%BD%D0%B5%D1%80-%D0%BF%D1%80%D0%BE%D0%B5%D0%BA%D1%82%D0%B8%D1%80%D0%BE%D0%B2%D1%89%D0%B8%D0%BA-%D1%81%D0%B8%D1%81%D1%82%D0%B5%D0%BC-%D1%8D%D0%BB%D0%B5%D0%BA%D1%82%D1%80%D0%BE%D1%81%D0%BD%D0%B0%D0%B1%D0%B6%D0%B5%D0%BD%D0%B8%D1%8F-%D1%8D%D0%BE%D0%BC-at-frontpoint-llc-4448454557,Инженер-проектировщик систем электроснабжения (ЭОМ),,scraped,2026-08-06T23:13:40.965686,
5cad03fef0097073,https://kg.linkedin.com/jobs/view/%D0%BA%D1%80%D0%B5%D0%BE-%D0%BC%D0%B5%D0%B9%D0%BA%D0%B5%D1%80-%D0%BC%D0%BE%D0%BD%D1%82%D0%B0%D0%B6%D0%B5%D1%80-at-frontpoint-llc-4448445668,Крео-мейкер / монтажер,,scraped,2026-08-07T00:13:06.550575,
88a863158eeb0325,https://kg.linkedin.com/jobs/view/%D1%80%D0%B0%D0%B7%D1%80%D0%B0%D0%B1%D0%BE%D1%82%D1%87%D0%B8%D0%BA-php-middle%2B-senior-at-frontpoint-llc-4448451592,Разработчик PHP (Middle+/Senior),,scraped,2026-08-07T00:13:16.493814,
f15b6ee87a819187,https://kg.linkedin.com/jobs/view/senior-solution-architect-at-bakai-bank-4448406098,SENIOR SOLUTION ARCHITECT,,scraped,2026-08-07T04:30:52.824982,
b6b953d321a5b4b9,https://kg.linkedin.com/jobs/view/bon%C3%A9-too-old-at-loja-fub-4450067235,Boné Too Old,Loja FUB,posted,2026-08-07T07:27:51.749823,1317
2a3be485e5bbf7be,https://kg.linkedin.com/jobs/view/international-vacancies-at-elcometer-inspection-equipment-4448497976,International Vacancies,,scraped,2026-08-07T07:28:18.505224,
71d242e4629bf4b4,https://kg.linkedin.com/jobs/view/%D1%81%D1%82%D0%B0%D1%80%D1%88%D0%B8%D0%B9-%D1%81%D0%BF%D0%B5%D1%86%D0%B8%D0%B0%D0%BB%D0%B8%D1%81%D1%82-%D0%BF%D0%BE-%D0%BE%D0%B1%D0%B5%D1%81%D0%BF%D0%B5%D1%87%D0%B5%D0%BD%D0%B8%D1%8E-%D1%86%D0%B5%D0%BB%D0%BE%D1%81%D1%82%D0%BD%D0%BE%D1%81%D1%82%D0%B8-%D0%BE%D0%B1%D1%8A%D0%B5%D0%BA%D1%82%D0%BE%D0%B2-%D0%BD%D0%B0-%D0%BC%D0%B5%D1%81%D1%82%D0%BE%D1%80%D0%BE%D0%B6%D0%B4%D0%B5%D0%BD%D0%B8%D0%B8-19-02-2025-at-kaz-project-operating-llp-4448486977,Старший специалист по обеспечению целостности объектов на месторождении (19/02/2025),Kaz Project Operating LLP,posted,2026-08-07T07:28:46.294685,1319
93eb844a7538856b,https://kg.linkedin.com/jobs/view/igcse-ibdp-history-teacher-at-dhirubhai-ambani-international-school-4450027199,IGCSE & IBDP History Teacher,Dhirubhai Ambani International School,posted,2026-08-07T07:30:08.634273,1321
066239754fb63fc7,https://kg.linkedin.com/jobs/view/smm-%D1%81%D0%BF%D0%B5%D1%86%D0%B8%D0%B0%D0%BB%D0%B8%D1%81%D1%82-%D1%81%D0%B5%D1%82%D0%B8-%D0%BC%D0%B8%D0%BD%D0%B8-%D0%BA%D0%B0%D1%84%D0%B5-%D1%84%D0%B8%D0%BB%D0%B8%D0%BF%D0%BE%D0%BA-at-frontpoint-llc-4448454523,"SMM специалист сети мини-кафе ""ФИЛИПОК""",,scraped,2026-08-07T07:30:19.371958,
813da0e044a2b3b9,https://kg.linkedin.com/jobs/view/%D0%BC%D0%B5%D0%BD%D0%B5%D0%B4%D0%B6%D0%B5%D1%80-%D0%BF%D0%BE-%D0%BE%D0%BF%D1%82%D0%BE%D0%B2%D1%8B%D0%BC-%D0%BF%D1%80%D0%BE%D0%B4%D0%B0%D0%B6%D0%B0%D0%BC-at-frontpoint-llc-4448449786,Менеджер по оптовым продажам,,scraped,2026-08-07T07:30:26.592259,
2c80cab0c6be1162,https://kg.linkedin.com/jobs/view/%D0%B8%D0%BD%D0%B6%D0%B5%D0%BD%D0%B5%D1%80-%D0%BF%D0%BE-%D0%BA%D0%BE%D0%BD%D1%82%D1%80%D0%BE%D0%BB%D1%8E-%D0%BD%D0%B0%D0%B4-%D1%80%D0%B5%D0%B0%D0%BB%D0%B8%D0%B7%D0%B0%D1%86%D0%B8%D0%B5%D0%B9-%D0%BF%D1%80%D0%BE%D0%B5%D0%BA%D1%82%D0%BE%D0%B2-25-06-2024-at-kaz-project-operating-llp-4448497703,ИНЖЕНЕР ПО КОНТРОЛЮ НАД РЕАЛИЗАЦИЕЙ ПРОЕКТОВ (25/06/2024),Kaz Project Operating LLP,posted,2026-08-07T07:30:52.078373,1323
723c1a05f9790964,https://kg.linkedin.com/jobs/view/%D0%BC%D0%B5%D0%BD%D0%B5%D0%B4%D0%B6%D0%B5%D1%80-%D0%BF%D0%BE-%D1%80%D0%B0%D0%B1%D0%BE%D1%82%D0%B5-%D1%81-%D0%BA%D0%BB%D0%B8%D0%B5%D0%BD%D1%82%D0%B0%D0%BC%D0%B8-%D0%B8-%D0%BF%D1%80%D0%BE%D0%B5%D0%BA%D1%82%D0%B0%D0%BC%D0%B8-1%D1%81-at-frontpoint-llc-4448449721,Менеджер по работе с клиентами и проектами 1С,,scraped,2026-08-07T07:30:56.714243,
dd8917babe280f08,https://kg.linkedin.com/jobs/view/motion-graphic-designer-junior-middle-at-frontpoint-llc-4448455347,Motion graphic designer (junior-middle),,scraped,2026-08-07T07:31:03.854238,
40ecd76f7ec620d3,https://kg.linkedin.com/jobs/view/%D0%B0%D0%B4%D0%BC%D0%B8%D0%BD%D0%B8%D1%81%D1%82%D1%80%D0%B0%D1%82%D0%BE%D1%80-%D0%B8%D0%BD%D1%82%D0%B5%D1%80%D0%BD%D0%B5%D1%82-%D0%BC%D0%B0%D0%B3%D0%B0%D0%B7%D0%B8%D0%BD%D0%B0-at-frontpoint-llc-4448051891,Администратор интернет-магазина,,scraped,2026-08-07T07:31:13.541366,
6d5e03bf68e1b7ca,https://kg.linkedin.com/jobs/view/international-sales-specialist-at-messe-frankfurt-usa-pavilions-4448745190,International Sales Specialist,Messe Frankfurt USA Pavilions,posted,2026-08-07T09:09:48.729977,732
d2297719ed7f8ebc,https://kg.linkedin.com/jobs/view/art-director-at-parliament-4448741586,Art Director,Parliament,posted,2026-08-07T09:09:57.896942,1325
cd7ddeedac798711,https://kg.linkedin.com/jobs/view/mastering-the-art-of-layering-advanced-styling-tips-for-every-season-at-shear-talent-hair-designers-4449964660,Mastering the Art of Layering: Advanced Styling Tips for Every Season,Shear Talent Hair Designers,posted,2026-08-07T09:10:12.561857,1327
f2915cabb854d80c,https://kg.linkedin.com/jobs/view/%D0%B8%D0%B7%D1%80%D0%B0%D0%B8%D0%BB%D1%8C%D1%81%D0%BA%D0%B8%D0%B5-%D1%83%D1%87%D0%B5%D0%BD%D1%8B%D0%B5-%D0%BF%D1%80%D0%B5%D0%B4%D0%BB%D0%B0%D0%B3%D0%B0%D1%8E%D1%82-%D0%BB%D0%B5%D1%87%D0%B8%D1%82%D1%8C-%D1%80%D0%B0%D0%BA-%C2%AB%D0%B2%D0%B8%D0%B0%D0%B3%D1%80%D0%BE%D0%B9%C2%BB-at-%D1%81%D0%B5%D0%B3%D0%BE%D0%B4%D0%BD%D1%8F-%D0%B2-%D0%B8%D0%B7%D1%80%D0%B0%D0%B8%D0%BB%D0%B5-4448451310,Израильские ученые предлагают лечить рак «Виагрой»,Сегодня в Израиле,failed|wp_post_failed,2026-08-07T09:10:26.865044,
f379d61da257a4e8,https://kg.linkedin.com/jobs/view/%D1%82%D0%BE%D1%80%D0%B3%D0%BE%D0%B2%D1%8B%D0%B9-%D0%BF%D1%80%D0%B5%D0%B4%D1%81%D1%82%D0%B0%D0%B2%D0%B8%D1%82%D0%B5%D0%BB%D1%8C-%D0%BD%D0%B0-%D0%BA%D0%BE%D1%80%D0%BF%D0%BE%D1%80%D0%B0%D1%82%D0%B8%D0%B2%D0%BD%D0%BE%D0%BC-%D0%B0%D0%B2%D1%82%D0%BE%D0%BC%D0%BE%D0%B1%D0%B8%D0%BB%D0%B5-%D0%BE%D0%B4%D0%B8%D0%BD%D1%86%D0%BE%D0%B2%D0%BE-at-itms-group-of-companies-4450294015,"Торговый представитель на корпоративном автомобиле, Одинцово",,scraped,2026-08-07T09:10:51.497780,
aae1ccff98392ef3,https://kg.linkedin.com/jobs/view/commis-chef-at-alliance-visas-4450650309,COMMIS CHEF,Alliance Visas,posted,2026-08-07T09:11:38.190384,474
7fcc2d62236c2494,https://kg.linkedin.com/jobs/view/manuscripts-at-middle-west-press-llc-4449948410,Manuscripts,Middle West Press LLC,posted,2026-08-07T09:11:57.151563,1111
b03db646ac7b6d7c,https://kg.linkedin.com/jobs/view/smm-%D1%81%D0%BF%D0%B5%D1%86%D0%B8%D0%B0%D0%BB%D0%B8%D1%81%D1%82-%D0%B2-%E2%80%9C%D1%87%D0%B5%D1%88%D0%B8%D1%80%D1%81%D0%BA%D0%B8%D0%B9-%D0%BA%D0%BE%D1%82%E2%80%9D-at-frontpoint-llc-4448740240,SMM-специалист в “Чеширский Кот”,,scraped,2026-08-07T09:12:19.875696,
ab3984d4d72b0229,https://kg.linkedin.com/jobs/view/%D0%BC%D0%B5%D0%BD%D0%B5%D0%B4%D0%B6%D0%B5%D1%80-%D0%BF%D0%BE-%D1%80%D0%B0%D0%B1%D0%BE%D1%82%D0%B5-%D1%81-%D0%BC%D0%B0%D1%80%D0%BA%D0%B5%D1%82%D0%BF%D0%BB%D0%B5%D0%B9%D1%81%D0%B0%D0%BC%D0%B8-%D1%8F%D0%BD%D0%B4%D0%B5%D0%BA%D1%81-%D0%BC%D0%B0%D1%80%D0%BA%D0%B5%D1%82-at-frontpoint-llc-4448742488,Менеджер по работе с маркетплейсами (Яндекс Маркет),,scraped,2026-08-07T09:12:31.558752,
3fbc1e2ee66d786f,https://kg.linkedin.com/jobs/view/%D1%81%D0%BC%D0%BC-%D1%81%D0%BF%D0%B5%D1%86%D0%B8%D0%B0%D0%BB%D0%B8%D1%81%D1%82-at-frontpoint-llc-4448736697,СММ специалист,,scraped,2026-08-07T09:12:43.381694,
da933373cb7eba69,https://kg.linkedin.com/jobs/view/%D1%81%D0%BF%D0%B5%D1%86%D0%B8%D0%B0%D0%BB%D0%B8%D1%81%D1%82-%D0%B3%D0%BE%D0%BC%D0%B5%D0%BB%D1%8C-at-frontpoint-llc-4448750139,Специалист (Гомель),,scraped,2026-08-07T09:12:53.465112,
ee59fe0e92aabe4a,https://kg.linkedin.com/jobs/view/senior-property-claims-examiner-remote-little-rock-arkansas-united-states-at-international-programs-group-4450021532,"Senior Property Claims Examiner - Remote - Little Rock, Arkansas, United States",,scraped,2026-08-07T09:13:06.480443,
69a6275497254483,https://kg.linkedin.com/jobs/view/%D0%B2%D1%80%D0%B0%D1%87-%D1%80%D0%B5%D0%BD%D1%82%D0%B3%D0%B5%D0%BD%D0%BE%D0%BB%D0%BE%D0%B3-%D0%BC%D1%80%D1%82-%D0%BF%D0%BE%D0%B7%D0%B2%D0%BE%D0%BD%D0%BE%D1%87%D0%BD%D0%B8%D0%BA%D0%B0-at-frontpoint-llc-4448754232,Врач - Рентгенолог (МРТ позвоночника),,scraped,2026-08-07T09:13:13.032543,
b9ad6d3765d19f63,https://kg.linkedin.com/jobs/view/%D0%B3%D1%80%D0%B0%D1%84%D0%B8%D1%87%D0%B5%D1%81%D0%BA%D0%B8%D0%B9-%D0%B4%D0%B8%D0%B7%D0%B0%D0%B9%D0%BD%D0%B5%D1%80-at-frontpoint-llc-4448750467,Графический дизайнер,,scraped,2026-08-07T09:13:26.300397,
61a128bc6bb8e438,https://kg.linkedin.com/jobs/view/%E4%B8%9A%E5%8A%A1%E5%BA%94%E7%94%A8%E6%8B%93%E5%B1%95%E7%BB%8F%E7%90%86-%E6%B1%BD%E8%BD%A6%E6%9D%90%E6%96%99-at-michael-page-4450088293,业务应用拓展经理 - 汽车材料,Michael Page,posted,2026-08-07T11:01:17.350220,1329
638698cc16a68076,https://kg.linkedin.com/jobs/view/senior-devops-platform-engineers-at-epam-systems-4448745882,Senior DevOps/Platform Engineers,EPAM Systems,posted,2026-08-07T11:01:30.034751,1331
5a963fa3b2b6a7ae,https://kg.linkedin.com/jobs/view/international-building-code-2024-at-pueblo-city-county-library-district-4450699323,International Building Code 2024,Pueblo City-County Library District,posted,2026-08-07T13:19:35.875156,1333
e54d95037dd8085b,https://kg.linkedin.com/jobs/view/assistant-admissions-officer-at-dhirubhai-ambani-international-school-4450021400,Assistant Admissions officer,Dhirubhai Ambani International School,posted,2026-08-07T13:19:59.281240,1335
6e239644ab66e566,https://kg.linkedin.com/jobs/view/senior-liability-examiner-toronto-ontario-canada-at-international-programs-group-4450082297,"Senior Liability Examiner - Toronto, Ontario, Canada",,scraped,2026-08-07T13:20:41.947585,
dd93890c3046289d,https://kg.linkedin.com/jobs/view/black-lives-matter-at-middle-west-press-llc-4449944452,Black Lives Matter,Middle West Press LLC,posted,2026-08-07T13:21:33.908368,1337
5fcd217f1c22550c,https://kg.linkedin.com/jobs/view/nonfiction-at-middle-west-press-llc-4449956343,Nonfiction,Middle West Press LLC,posted,2026-08-07T13:21:39.166793,1115
0e349827df3449e7,https://kg.linkedin.com/jobs/view/%D0%BC%D0%B5%D0%BD%D0%B5%D0%B4%D0%B6%D0%B5%D1%80-%D0%BF%D0%BE-%D0%BF%D1%80%D0%BE%D0%B4%D0%B0%D0%B6%D0%B0%D0%BC-at-frontpoint-llc-4448057726,Менеджер по продажам,,scraped,2026-08-07T13:22:04.207140,
50a41ce87cd53df0,https://kg.linkedin.com/jobs/view/%D1%82%D0%BE%D1%80%D0%B3%D0%BE%D0%B2%D1%8B%D0%B9-%D0%BF%D1%80%D0%B5%D0%B4%D1%81%D1%82%D0%B0%D0%B2%D0%B8%D1%82%D0%B5%D0%BB%D1%8C-at-frontpoint-llc-4448755060,Торговый представитель,,scraped,2026-08-07T13:22:26.840675,
1f872b070737ba19,https://kg.linkedin.com/jobs/view/%23105-winter-%E2%80%94-general-issue-%E2%80%94-fiction-at-middle-west-press-llc-4450254697,#105 (Winter) — General Issue — Fiction,Middle West Press LLC,posted,2026-08-07T15:02:28.882591,1339
df1ddcc06685d35b,https://kg.linkedin.com/jobs/view/%D1%81%D0%BF%D0%B5%D1%86%D0%B8%D0%B0%D0%BB%D0%B8%D1%81%D1%82-%D0%BF%D0%BE-%D0%BB%D0%B8%D0%B4%D0%BE%D0%B3%D0%B5%D0%BD%D0%B5%D1%80%D0%B0%D1%86%D0%B8%D0%B8-lead-generation-manager-at-frontpoint-llc-4448740357,Специалист по лидогенерации (Lead Generation Manager),,scraped,2026-08-07T15:02:33.415204,
b0ed82585e9ea1f4,https://kg.linkedin.com/jobs/view/art-director-video-games-at-koolhaus-games-inc-4448781026,Art Director Video Games,,scraped,2026-08-07T15:02:59.731390,
93f2f9037a5dc8c0,https://kg.linkedin.com/jobs/view/%D1%82%D0%B5%D1%80%D1%80%D0%B8%D1%82%D0%BE%D1%80%D0%B8%D0%B0%D0%BB%D1%8C%D0%BD%D1%8B%D0%B9-%D0%BC%D0%B5%D0%BD%D0%B5%D0%B4%D0%B6%D0%B5%D1%80-%D0%BF%D0%BE-%D0%BF%D1%80%D0%BE%D0%B4%D0%B0%D0%B6%D0%B0%D0%BC-%D0%B3-%D1%88%D1%8B%D0%BC%D0%BA%D0%B5%D0%BD%D1%82-at-almaly-hotel-management-4448435718,"Территориальный менеджер по продажам, г.Шымкент",Almaly Hotel Management,posted,2026-08-07T15:03:57.220913,1341
b1db6b732d57a035,https://kg.linkedin.com/jobs/view/lgbtqia%2B-%F0%9F%8F%B3%EF%B8%8F%E2%80%8D%F0%9F%8C%88-at-middle-west-press-llc-4449941462,LGBTQIA+ 🏳️🌈,Middle West Press LLC,posted,2026-08-07T15:04:26.936785,1343
203b130bede54014,https://kg.linkedin.com/jobs/view/words-prompt-poems-part-trap-at-middle-west-press-llc-4450238952,Words Prompt Poems - Part Trap,Middle West Press LLC,posted,2026-08-07T15:04:38.699949,1345
53fece62ab5ee630,https://kg.linkedin.com/jobs/view/war-poem-turned-to-movie-plus-guaranteed-festival-acceptances-at-middle-west-press-llc-4450256622,WAR POEM turned to MOVIE. (Plus guaranteed festival acceptances),Middle West Press LLC,posted,2026-08-07T15:04:49.601466,1347
faa41b1905f1e7c7,https://kg.linkedin.com/jobs/view/home-ground-y-filltir-sgw%C3%A2r-bilingual-welsh-english-anthology-blodeugerdd-farddoniaeth-ddwyieithog-cymraeg-a-saesneg-at-middle-west-press-llc-4450250749,Home Ground / Y Filltir Sgwâr bilingual Welsh/English anthology Blodeugerdd Farddoniaeth Ddwyieithog Cymraeg a Saesneg,Middle West Press LLC,posted,2026-08-07T15:04:58.614468,1349
5a3116bcf832fb19,https://kg.linkedin.com/jobs/view/classifieds-personals-events-letters-to-the-editor-items-free-with-local-pick-up-the-making-or-mending-of-literary-feuds-at-middle-west-press-llc-4449425408,Classifieds/Personals/Events/Letters to the Editor/Items Free with Local Pick-Up/The Making or Mending of Literary Feuds,Middle West Press LLC,posted,2026-08-07T15:05:25.789471,1351
72262835f478f443,https://kg.linkedin.com/jobs/view/%E2%99%9E-literary-magazine-submissions-at-middle-west-press-llc-4450703353,♞ Literary Magazine Submissions,Middle West Press LLC,posted,2026-08-07T15:05:34.716978,1077
72b748e66ab49fa0,https://kg.linkedin.com/jobs/view/%D1%80%D0%B8%D1%8D%D0%BB%D1%82%D0%B5%D1%80-%D0%BF%D0%BE-%D0%BD%D0%B5%D0%B4%D0%B2%D0%B8%D0%B6%D0%B8%D0%BC%D0%BE%D1%81%D1%82%D0%B8-at-frontpoint-llc-4448737744,Риэлтер по недвижимости,,scraped,2026-08-07T15:05:51.443021,
7e5aa2e101cb1910,https://kg.linkedin.com/jobs/view/la-piccioletta-barca-poetry-6-week-response-at-middle-west-press-llc-4449952439,La Piccioletta Barca - Poetry - 6 Week Response,Middle West Press LLC,posted,2026-08-07T15:06:17.286019,1353
6e3603ea2dcacb69,https://kg.linkedin.com/jobs/view/%D0%BC%D0%B5%D0%BD%D0%B5%D0%B4%D0%B6%D0%B5%D1%80-%D0%BF%D0%BE-%D0%BF%D1%80%D0%BE%D0%B4%D0%B0%D0%B6%D0%B0%D0%BC-at-frontpoint-llc-4448445696,Менеджер по продажам,,scraped,2026-08-07T15:06:21.895326,
4158404f69aadc92,https://kg.linkedin.com/jobs/view/memoir-intensive-4-days-this-fall-at-middle-west-press-llc-4450242764,MEMOIR INTENSIVE - 4 DAYS THIS FALL,Middle West Press LLC,posted,2026-08-07T15:06:51.465034,1355
7a51b6c4883a052b,https://kg.linkedin.com/jobs/view/sales-development-lead-qualification-coordinator-at-atlas-consulting-4450333774,Sales Development / Lead Qualification Coordinator,,scraped,2026-08-07T17:00:27.882448,
cc0689c672a89544,https://kg.linkedin.com/jobs/view/%D1%81%D0%BF%D0%B5%D1%86%D0%B8%D0%B0%D0%BB%D0%B8%D1%81%D1%82-%D0%BF%D0%BE-%D0%BF%D0%BB%D0%B0%D1%82%D0%BD%D0%BE%D0%B9-%D1%80%D0%B5%D0%BA%D0%BB%D0%B0%D0%BC%D0%B5-performance-media-buying-at-frontpoint-llc-4448741377,Специалист по платной рекламе (Performance & Media Buying),,scraped,2026-08-07T17:00:50.682192,
bcc6918514d050ca,https://kg.linkedin.com/jobs/view/book-trailer-spotlight-the-art-of-meeting-management-comprehensive-guide-and-journal-by-j-w-dionne-at-dbn-magazine-4449104967,Book trailer spotlight: The Art of Meeting Management Comprehensive Guide and Journal by J.W. Dionne,DBN Magazine,posted,2026-08-07T17:01:20.570806,1357
4055fdb9de283df5,https://kg.linkedin.com/jobs/view/%D0%B8%D0%BD%D0%B6%D0%B5%D0%BD%D0%B5%D1%80-%D0%BF%D0%BE-%D1%83%D0%BF%D1%80%D0%B0%D0%B2%D0%BB%D0%B5%D0%BD%D0%B8%D1%8E-%D0%BA%D1%80%D0%B8%D0%B7%D0%B8%D1%81%D0%BD%D1%8B%D0%BC%D0%B8-%D0%B8-%D1%87%D1%80%D0%B5%D0%B7%D0%B2%D1%8B%D1%87%D0%B0%D0%B9%D0%BD%D1%8B%D0%BC%D0%B8-%D1%81%D0%B8%D1%82%D1%83%D0%B0%D1%86%D0%B8%D1%8F%D0%BC%D0%B8-14-01-2026-at-kaz-project-operating-llp-4448488826,Инженер по управлению кризисными и чрезвычайными ситуациями (14/01/2026),Kaz Project Operating LLP,posted,2026-08-07T17:01:35.351810,1359
fd9441bb41da1f56,https://kg.linkedin.com/jobs/view/international-vietnamese-adoptees-project-apply-now%21-free-at-meet-key-people-4449099200,International Vietnamese Adoptees Project: Apply Now! (Free),,scraped,2026-08-07T17:01:57.927370,
693f6fc329b185ec,https://kg.linkedin.com/jobs/view/words-prompt-poems-star-rats-at-middle-west-press-llc-4450248716,Words Prompt Poems - Star Rats,Middle West Press LLC,posted,2026-08-07T17:02:29.292138,1361
ba032fa7fa26edc4,https://www.linkedin.com/jobs/view/2026/,"1,000+Senior Design Verification Engineer Jobs in United States",,failed|wp_post_failed,2026-08-07T17:03:28.025522,
e7a927fb7cdb9f98,https://kg.linkedin.com/jobs/view/%E2%99%9E-poetry-contest-%24600-total-cash-prizes-at-middle-west-press-llc-4450709082,♞ Poetry Contest: $600 Total Cash Prizes,Middle West Press LLC,posted,2026-08-07T17:03:35.170600,1163
14c4c809e782c33e,https://kg.linkedin.com/jobs/view/civil-engineers-%E2%80%93-junior-and-intermediate-%E2%80%93-12d-%E2%80%93-nelson-nz-at-mdrs-4450715596,CIVIL ENGINEERS – JUNIOR AND INTERMEDIATE – 12D – NELSON NZ,,scraped,2026-08-07T17:04:23.767727,
a3beac98193d64f9,https://kg.linkedin.com/jobs/view/creative-operations-coordinator-latam-remote-at-tubescience-4449988927,Creative Operations Coordinator (LATAM | Remote),TubeScience,posted,2026-08-07T19:07:59.788111,1363
8acba06e33748aa7,https://kg.linkedin.com/jobs/view/g4s-s%C3%B8ger-professionelle-sikkerhedsvagter-til-patrulje-k%C3%B8benhavn-og-sj%C3%A6lland-at-g4s-4441918374,"G4S søger professionelle sikkerhedsvagter til patrulje, København og Sjælland.",G4S,posted,2026-08-07T19:08:32.600353,1365
05b4eb1de964ba18,https://kg.linkedin.com/jobs/view/%F0%9F%8F%9A%EF%B8%8F-art-at-middle-west-press-llc-4449436143,🏚️ Art,Middle West Press LLC,posted,2026-08-07T19:09:18.173177,1179
2f5d54cf64199bd6,https://kg.linkedin.com/jobs/view/%E2%99%9E-editorial-workshop-poetry-fiction-non-fiction-at-middle-west-press-llc-4450704371,"♞ Editorial Workshop (Poetry, Fiction, & Non-fiction)",Middle West Press LLC,posted,2026-08-07T19:09:52.957267,1155
8ef294ddb2fcee92,https://kg.linkedin.com/jobs/view/issue-70-may-2027-poetry-flash-short-stories-essays-24-hour-turnaround%21-at-middle-west-press-llc-4450705387,"Issue 70 (May 2027) - Poetry, Flash, Short Stories, Essays: 24-Hour Turnaround!",Middle West Press LLC,posted,2026-08-07T19:10:00.845850,1081
5ec592f089c74a37,https://kg.linkedin.com/jobs/view/literary-fiction-short-story-festival-2000-4000-words-everyone-wins-at-middle-west-press-llc-4450238940,LITERARY FICTION Short Story Festival - 2000-4000 words (everyone wins),Middle West Press LLC,posted,2026-08-07T19:10:11.806195,1367
91efe8a1c92d9a12,https://kg.linkedin.com/jobs/view/media-rights-broadcast-partnerships-manager-at-thinksport-4449202331,Media Rights & Broadcast Partnerships Manager,,scraped,2026-08-07T19:10:30.807509,
693fe0e3951daa0d,https://kg.linkedin.com/jobs/view/sales-business-development-manager-coordinator-at-atlas-consulting-4450333775,Sales & Business Development Manager / Coordinator,,scraped,2026-08-07T19:10:41.440953,
1d2d42da77527211,https://kg.linkedin.com/jobs/view/nyc-based-international-automobile-trading-and-export-company-looking-to-add-a-full-time-purchasing-at-dealerrefresh-4450748738,"NYC-based International Automobile Trading and Export Company, looking to add a full-time Purchasing",DealerRefresh,posted,2026-08-07T19:11:26.468881,1369
2084ec53860c5da6,https://kg.linkedin.com/jobs/view/%D0%B1%D0%BB%D0%B0%D0%B3%D0%BE%D1%83%D1%81%D1%82%D1%80%D0%BE%D0%B9%D1%81%D1%82%D0%B2%D0%BE-%D1%83%D0%BA%D0%BB%D0%B0%D0%B4%D0%BA%D0%B0-%D1%82%D1%80%D0%BE%D1%82%D1%83%D0%B0%D1%80%D0%BD%D0%BE%D0%B9-%D0%BF%D0%BB%D0%B8%D1%82%D0%BA%D0%B8-at-kufar-4450766659,Благоустройство укладка тротуарной плитки,,scraped,2026-08-07T20:51:27.614472,
5151ce9e559da51a,https://kg.linkedin.com/jobs/view/graphic-novel-video-transcript-reading-at-middle-west-press-llc-4450242780,GRAPHIC Novel Video Transcript Reading,Middle West Press LLC,posted,2026-08-07T22:47:38.034627,1371
29182cddce8d2a4d,https://kg.linkedin.com/jobs/view/dystopian-poetry-contest-get-poem-made-into-a-movie-every-submission-gets-a-poetry-video-reading-at-middle-west-press-llc-4450258523,DYSTOPIAN Poetry Contest (Get poem made into a movie. Every submission gets a poetry video reading.),Middle West Press LLC,posted,2026-08-07T22:48:26.463630,1373
eece7a0f9109d619,https://kg.linkedin.com/jobs/view/%F0%9F%97%A3%EF%B8%8F-feminism-%F0%9F%92%AA%F0%9F%91%A9%E2%80%8D%E2%9A%96%EF%B8%8F-at-middle-west-press-llc-4451010157,🗣️ Feminism 💪👩⚖️,Middle West Press LLC,posted,2026-08-08T02:06:27.499819,1247
65c0e66ccf591453,https://kg.linkedin.com/jobs/view/%D1%81%D0%BE%D1%82%D1%80%D1%83%D0%B4%D0%BD%D0%B8%D0%BA-%D1%83%D0%BF%D1%80%D0%B0%D0%B2%D0%BB%D0%B5%D0%BD%D0%B8%D1%8F-%D0%BA%D1%80%D0%B5%D0%B4%D0%B8%D1%82%D0%BE%D0%B2%D0%B0%D0%BD%D0%B8%D1%8F-at-bereket-bank-4448775045,Сотрудник Управления кредитования,,scraped,2026-08-08T05:06:03.919899,
3a8d105ccd5d6a6c,https://kg.linkedin.com/jobs/view/coordinator-public-engagement-at-woodruff-arts-ctr-14th-st-4451030101,"Coordinator, Public Engagement",Woodruff Arts Ctr 14th St,posted,2026-08-08T05:06:24.365255,1375
674e3dd61d51bb04,https://kg.linkedin.com/jobs/view/financial-planning-analysis-manager-at-thinksport-4449200516,Financial Planning & Analysis Manager,,scraped,2026-08-08T05:06:30.943192,
69d7cc1bac0e8ef8,https://kg.linkedin.com/jobs/view/tech-control-facility-technician-ii-at-general-dynamics-information-technology-4450084718,Tech Control Facility Technician II,General Dynamics Information Technology,posted,2026-08-08T05:06:45.624986,1377
d1a5464907f303c8,https://kg.linkedin.com/jobs/view/data-solution-architect-at-epam-systems-4451023932,Data Solution Architect,EPAM Systems,posted,2026-08-08T05:07:34.400886,350
32d179a683e56f6d,https://kg.linkedin.com/jobs/view/%D1%81%D0%B8%D0%B4%D0%B5%D0%BB%D0%BA%D0%B0-at-pomogatel-ru-4450574638,Сиделка,,scraped,2026-08-08T07:04:32.723609,
a7252255b2116799,https://kg.linkedin.com/jobs/view/%D0%B4%D0%BE%D1%81%D1%82%D1%83%D0%BF%D0%BD%D0%B0%D1%8F-%D1%81%D1%80%D0%B5%D0%B4%D0%B0-at-ikra-school-of-innovation-and-creative-thinking-4447347661,Доступная среда,,scraped,2026-08-08T07:04:48.598340,
5f1685b02481cd4c,https://kg.linkedin.com/jobs/view/head-of-accounting-controlling-at-thinksport-4448799526,Head of Accounting & Controlling,,scraped,2026-08-08T07:05:06.343515,
f9e1cf3f575105a1,https://kg.linkedin.com/jobs/view/sap-abap-engineering-manager-at-epam-systems-4451031450,SAP ABAP Engineering Manager,EPAM Systems,posted,2026-08-08T07:05:37.572704,800
ff57866dfcc3f8a8,https://kg.linkedin.com/jobs/view/%D0%BC%D0%B5%D0%BD%D0%B5%D0%B4%D0%B6%D0%B5%D1%80-%D0%BF%D0%BE-%D0%BF%D1%80%D0%BE%D0%B4%D0%B0%D0%B6%D0%B0%D0%BC-%D1%83%D0%B4%D0%B0%D0%BB%D0%B5%D0%BD%D0%BD%D0%BE-at-frontpoint-llc-4451051671,Менеджер по продажам (удаленно),,scraped,2026-08-08T07:05:50.098035,
dffb267e44256d15,https://kg.linkedin.com/jobs/view/seo-middle-seo-senior-%E2%80%94-%D1%81%D0%BF%D0%B5%D1%86%D0%B8%D0%B0%D0%BB%D0%B8%D1%81%D1%82-at-frontpoint-llc-4451046715,SEO Middle/SEO Senior — специалист,,scraped,2026-08-08T07:05:58.683317,
58afd1e5fcc0e719,https://kg.linkedin.com/jobs/view/engineering-manager-sap-cap-node-js-at-epam-systems-4451044073,"Engineering Manager, SAP CAP Node.js",EPAM Systems,posted,2026-08-08T07:06:19.179407,1379
4925f4c8b2f44c87,https://kg.linkedin.com/jobs/view/lead-sap-fico-consultant-at-epam-systems-4451026901,Lead SAP FICO Consultant,EPAM Systems,posted,2026-08-08T07:06:24.445992,116
ac17bac86464c71c,https://kg.linkedin.com/jobs/view/senior-go-developer-azure-kubernetes-at-epam-systems-4451037253,"Senior Go Developer (Azure, Kubernetes)",EPAM Systems,posted,2026-08-08T07:06:45.452014,430
be152bf83f7931f1,https://kg.linkedin.com/jobs/view/project-management-trainee-at-frontpoint-llc-4448452682,Project Management Trainee,,scraped,2026-08-08T08:52:59.803261,
4cbc418d229e4735,https://kg.linkedin.com/jobs/view/%D0%BF%D1%80%D0%BE%D0%B3%D1%80%D0%B0%D0%BC%D0%BC%D0%B8%D1%81%D1%82-1%D1%81-at-frontpoint-llc-4448462217,Программист 1С,,scraped,2026-08-08T08:53:10.599757,
05b3793e38dfe18c,https://kg.linkedin.com/jobs/view/senior-sap-cap-node-js-developer-at-epam-systems-4451033367,Senior SAP CAP Node.js Developer,EPAM Systems,posted,2026-08-08T08:53:46.195127,176
f5860281b887aa1c,https://kg.linkedin.com/jobs/view/senior-gcp-devops-engineer-at-epam-systems-4451037252,Senior GCP DevOps Engineer,EPAM Systems,posted,2026-08-08T08:53:51.311309,460
40172ecce82087bc,https://kg.linkedin.com/jobs/view/sap-abap-engineering-manager-at-epam-systems-4451027849,SAP ABAP Engineering Manager,EPAM Systems,posted,2026-08-08T08:54:14.403903,800
9ed729abf3c224a3,https://kg.linkedin.com/jobs/view/international-staff-at-camp-walden-4450531781,International Staff,Camp Walden,posted,2026-08-08T13:03:03.670572,1381
2d6a9bcf6648b9d9,https://kg.linkedin.com/jobs/view/international-adoption-at-adoption-center-for-family-building-4451063830,International Adoption,Adoption Center for Family Building,posted,2026-08-08T13:03:23.098472,1383
6712db3490dd77cb,https://kg.linkedin.com/jobs/view/%D0%B8%D1%89%D1%83-%D1%80%D0%B0%D0%B1%D0%BE%D1%82%D1%83-at-kufar-4450771586,Ищу работу,,scraped,2026-08-08T13:03:29.718138,
79bc0736329d2c95,https://kg.linkedin.com/jobs/view/%D1%81%D0%B8%D0%B4%D0%B5%D0%BB%D0%BA%D0%B0-%D0%BA-%D0%BF%D0%BE%D0%B6%D0%B8%D0%BB%D0%BE%D0%B9-%D0%B6%D0%B5%D0%BD%D1%89%D0%B8%D0%BD%D0%B5-at-pomogatel-ru-4450564980,Сиделка к пожилой женщине,,scraped,2026-08-08T13:03:49.315293,
c3fe205dda48a219,https://kg.linkedin.com/jobs/view/%D0%B7%D0%B0%D0%B2%D0%B5%D0%B4%D1%83%D1%8E%D1%89%D0%B8%D0%B9-%D1%81%D0%BA%D0%BB%D0%B0%D0%B4%D0%B0-12-09-2023-at-kaz-project-operating-llp-4451020953,Заведующий склада (12/09/2023),Kaz Project Operating LLP,posted,2026-08-08T13:04:21.983612,1385
313fd3f53381334a,https://kg.linkedin.com/jobs/view/st-margaret-s-girls-secondary-school%EF%BC%88%E5%9C%A3%E7%8E%9B%E6%A0%BC%E4%B8%BD%E7%89%B9%E5%A5%B3%E5%AD%90%E4%B8%AD%E5%AD%A6%EF%BC%89international-student-guide-programs-entry-requirements-costs-and-application-support-at-unilink-4451060138,"St. Margaret's Girls' Secondary School（圣玛格丽特女子中学）International Student Guide: Programs, Entry Requirements, Costs and Application Support",,scraped,2026-08-08T13:04:28.574945,
a8909a708d2ce055,https://kg.linkedin.com/jobs/view/maintenance-manager-at-eat-work-art-4450325346,Maintenance Manager,,scraped,2026-08-08T13:04:38.407914,
d859c596b6882267,https://kg.linkedin.com/jobs/view/sr-manager-system-engeineering-at-singlestore-4450360457,"Sr. Manager, System Engeineering",SingleStore,posted,2026-08-08T13:04:57.433975,1387
509af6078fa00d29,https://kg.linkedin.com/jobs/view/regional-director-of-operations-at-ilf-a-a-4448742073,Regional Director of Operations,,scraped,2026-08-08T13:05:24.052568,
9b34320ac03e6f1f,https://kg.linkedin.com/jobs/view/civil-engineers-designers-%E2%80%93-12d-at-mdrs-4450726293,CIVIL ENGINEERS / DESIGNERS – 12D,,scraped,2026-08-08T13:05:34.629203,
fc3d0ceb3d1046b2,https://kg.linkedin.com/jobs/view/tofu-ink-arts-press-2026-27-visionary-arts-poetry-prize-in-honor-of-reza-abdoh-for-contracted-publication-at-middle-west-press-llc-4450795882,TOFU INK ARTS PRESS 2026-27 VISIONARY ARTS POETRY PRIZE IN HONOR OF REZA ABDOH FOR CONTRACTED PUBLICATION,Middle West Press LLC,posted,2026-08-08T13:07:01.260969,1389
c526324e812ebb35,https://kg.linkedin.com/jobs/view/net-developer-backend-fullstack-at-frontpoint-llc-4448057662,.NET Developer (Backend / Fullstack),,scraped,2026-08-08T13:07:07.808165,
3b81bc5b33aad8c3,https://kg.linkedin.com/jobs/view/senior-test-automation-engineer-in-java-at-epam-systems-4451043116,Senior Test Automation Engineer in Java,EPAM Systems,posted,2026-08-08T13:07:50.090579,586
0deb9b7e08d4fb83,https://kg.linkedin.com/jobs/view/lost-on-the-prairies%3F-at-new-roots-manitoba-4450755133,Lost on the Prairies?,,scraped,2026-08-08T14:40:14.018750,
e942b9a602ca2a44,https://kg.linkedin.com/jobs/view/%D0%BA%D0%BB%D0%B8%D0%B5%D0%BD%D1%82-%D0%BC%D0%B5%D0%BD%D0%B5%D0%B4%D0%B6%D0%B5%D1%80-%D0%B2-%D1%81%D1%82%D1%83%D0%B4%D0%B8%D1%8E-%D1%83%D0%B4%D0%B0%D0%BB%D0%B5%D0%BD%D0%BD%D0%BE-%D0%B4%D0%BE%D0%BD%D0%B5%D1%86%D0%BA-%D0%BC%D0%B0%D0%BA%D0%B5%D0%B5%D0%B2%D0%BA%D0%B0-%D1%80%D0%BE%D1%81%D1%82%D0%BE%D0%B2-at-webteamstorm-4449455938,"Клиент-менеджер в студию [удаленно] (Донецк, Макеевка, Ростов)",,scraped,2026-08-08T14:40:36.218506,
f596e72482fa6728,https://kg.linkedin.com/jobs/view/sap-s-4hana-public-cloud-solution-architect-at-epam-systems-4451033362,SAP S/4HANA Public Cloud Solution Architect,EPAM Systems,posted,2026-08-08T14:43:05.581751,624
40b708deafd8e2ac,https://kg.linkedin.com/jobs/view/combat-system-technician-at-general-dynamics-information-technology-4451082378,Combat System Technician,General Dynamics Information Technology,posted,2026-08-08T16:42:30.818198,1391
3836e990ad582fd6,https://kg.linkedin.com/jobs/view/it-operations-support-trainee-at-epam-systems-4451037258,IT Operations & Support Trainee,EPAM Systems,posted,2026-08-08T16:43:58.108145,838
3d4132c96a3071cb,https://kg.linkedin.com/jobs/view/warum-messer%3F-at-messer-austria-4451095243,Warum Messer?,,scraped,2026-08-08T18:49:22.629685,
93d39c067fb6fbd9,https://kg.linkedin.com/jobs/view/supervisor-at-infinity-holding-4450726312,Supervisor,,scraped,2026-08-08T18:49:34.366285,
872a14f641b7efb5,https://kg.linkedin.com/jobs/view/international-at-aidp-piemonte-e-valle-d-aosta-4448732740,INTERNATIONAL,,scraped,2026-08-08T18:49:43.662294,
b60ced5d080825dd,https://kg.linkedin.com/jobs/view/gu-projektleitung-im-hochbau-m-w-d-gesucht%21-at-kamper-handwerk-%2B-bau-4451085242,GU-Projektleitung im Hochbau (m/w/d) gesucht!,,scraped,2026-08-08T18:51:09.808006,
f6e659b0c073d180,https://kg.linkedin.com/jobs/view/%D0%BF%D0%BE%D0%BC%D0%BE%D1%89%D0%BD%D0%B8%D0%BA-%D0%BF%D0%BE-%D1%83%D1%85%D0%BE%D0%B4%D1%83-%D0%BA-%D0%BF%D0%BE%D0%B6%D0%B8%D0%BB%D0%BE%D0%B9-%D0%B6%D0%B5%D0%BD%D1%89%D0%B8%D0%BD%D0%B5-%D0%BD%D0%B0-%D0%B4%D0%BB%D0%B8%D1%82%D0%B5%D0%BB%D1%8C%D0%BD%D1%8B%D0%B9-%D1%81%D1%80%D0%BE%D0%BA-at-pomogatel-ru-4450907837,Помощник по уходу к пожилой женщине на длительный срок,,scraped,2026-08-08T18:51:24.626626,
76f34c3bec54aaa0,https://kg.linkedin.com/jobs/view/smm-%D0%BC%D0%B5%D0%BD%D0%B5%D0%B4%D0%B6%D0%B5%D1%80-at-frontpoint-llc-4448458123,SMM-менеджер,,scraped,2026-08-08T18:52:23.903925,
1dc5c89783f0b537,https://kg.linkedin.com/jobs/view/celebrating-international-women-s-day-at-youngsrps-4449264497,Celebrating International Women's Day,,scraped,2026-08-08T20:39:20.822173,
ca895bf735518b3b,https://kg.linkedin.com/jobs/view/%D0%B1%D0%BB%D0%B0%D0%B3%D0%BE%D1%83%D1%81%D1%82%D1%80%D0%BE%D0%B9%D1%81%D1%82%D0%B2%D0%BE-%D1%83%D0%BA%D0%BB%D0%B0%D0%B4%D0%BA%D0%B0-%D1%82%D1%80%D0%BE%D1%82%D1%83%D0%B0%D1%80%D0%BD%D0%BE%D0%B9-%D0%BF%D0%BB%D0%B8%D1%82%D0%BA%D0%B8-at-kufar-4451095707,Благоустройство укладка тротуарной плитки,,scraped,2026-08-08T20:39:32.032885,
e6b90a225d5a4eca,https://kg.linkedin.com/jobs/view/%F0%9F%8F%9A%EF%B8%8F-fiction-at-middle-west-press-llc-4451000748,🏚️ Fiction,Middle West Press LLC,posted,2026-08-08T20:41:17.266179,1131
1873f67119f6828c,https://kg.linkedin.com/jobs/view/tofu-ink-arts-press-chapbook-prize-at-middle-west-press-llc-4451002680,TOFU INK ARTS PRESS CHAPBOOK PRIZE,Middle West Press LLC,posted,2026-08-08T20:42:01.905746,1393
2fbc698038203261,https://kg.linkedin.com/jobs/view/%D0%BC%D0%B5%D0%BD%D0%B5%D0%B4%D0%B6%D0%B5%D1%80-%D0%BF%D0%BE-%D0%BF%D1%80%D0%BE%D0%B4%D0%B0%D0%B6%D0%B0%D0%BC-at-frontpoint-llc-4448445871,Менеджер по продажам,,scraped,2026-08-08T20:42:10.393852,
d6a3aa13ef27869e,https://kg.linkedin.com/jobs/view/%D1%83%D1%81%D0%BB%D1%83%D0%B3%D0%B8-%D1%8D%D0%BB%D0%B5%D0%BA%D1%82%D1%80%D0%B8%D0%BA%D0%B0-at-kufar-4451094749,Услуги электрика,,scraped,2026-08-08T20:43:03.751732,
940fc243ceefeefd,https://kg.linkedin.com/jobs/view/sales-director-at-highway-group-4449418127,Sales Director,,scraped,2026-08-09T02:13:24.424919,
847351d90b88791c,https://kg.linkedin.com/jobs/view/%F0%9F%8F%9A%EF%B8%8F-religion-spirituality-at-middle-west-press-llc-4451311539,🏚️ Religion & Spirituality,Middle West Press LLC,posted,2026-08-09T02:14:55.557321,1221
9d5c182bb6bacc4d,https://kg.linkedin.com/jobs/view/%F0%9F%92%AB%E2%9C%A8short-story-at-middle-west-press-llc-4449435210,💫✨Short Story,Middle West Press LLC,posted,2026-08-09T02:15:10.682270,1395
0cee8edf6db644a3,https://kg.linkedin.com/jobs/view/%F0%9F%92%AB%E2%9C%A8poetry-submission-gothic-theme-at-middle-west-press-llc-4449423769,💫✨Poetry Submission-Gothic Theme,Middle West Press LLC,posted,2026-08-09T02:15:37.028916,1397
9d491fb7b91cc17e,https://kg.linkedin.com/jobs/view/%D0%BE%D0%BF%D0%B5%D1%80%D0%B0%D1%82%D0%BE%D1%80-%D0%BD%D0%B0-%D0%B2%D1%85%D0%BE%D0%B4%D1%8F%D1%89%D0%B8%D0%B5-%D0%B7%D0%B2%D0%BE%D0%BD%D0%BA%D0%B8-%D0%B1%D0%B5%D0%B7-%D0%BF%D1%80%D0%BE%D0%B4%D0%B0%D0%B6-at-rosgosstrakh-4449265239,Оператор на входящие звонки (без продаж),,scraped,2026-08-09T05:14:38.166795,
085adf6ded14d42a,https://kg.linkedin.com/jobs/view/sap-btp-architect-at-epam-systems-4450929757,SAP BTP Architect,EPAM Systems,posted,2026-08-09T05:15:38.088402,708
6178590409955503,https://kg.linkedin.com/jobs/view/sap-basis-architect-at-epam-systems-4450937211,SAP Basis Architect,EPAM Systems,posted,2026-08-09T05:15:44.760289,654
7aca9464e953a8af,https://kg.linkedin.com/jobs/view/generative-ai-operations-engineer-genai-ops-at-epam-systems-4450943155,Generative AI Operations Engineer (GenAI Ops),EPAM Systems,posted,2026-08-09T05:15:55.555647,774
56cf8ef69ed9532c,https://kg.linkedin.com/jobs/view/senior-python-genai-engineer-at-epam-systems-4450937210,Senior Python GenAI Engineer,EPAM Systems,posted,2026-08-09T05:16:22.548726,376
c21542ed01902a19,https://kg.linkedin.com/jobs/view/%F0%9F%8F%9A%EF%B8%8F-nonfiction-at-middle-west-press-llc-4451325041,🏚️ Nonfiction,Middle West Press LLC,posted,2026-08-09T07:07:24.037824,1115
6c360d4906f1d7e1,https://kg.linkedin.com/jobs/view/devops-systems-engineering-manager-at-epam-systems-4450927830,DevOps Systems Engineering Manager,EPAM Systems,posted,2026-08-09T07:08:20.952572,542
03a56c26b59e03c4,https://kg.linkedin.com/jobs/view/%F0%9F%8F%9A%EF%B8%8F-manuscripts-at-middle-west-press-llc-4451302770,🏚️ Manuscripts,Middle West Press LLC,posted,2026-08-09T07:09:01.990657,1111
43d2ec352fc1880e,https://kg.linkedin.com/jobs/view/%D0%BC%D0%B5%D0%BD%D0%B5%D0%B4%D0%B6%D0%B5%D1%80-%D0%BF%D0%BE-%D1%80%D0%B0%D0%B1%D0%BE%D1%82%D0%B5-%D1%81-%D0%BA%D0%BB%D0%B8%D0%B5%D0%BD%D1%82%D0%B0%D0%BC%D0%B8-at-frontpoint-llc-4449284778,Менеджер по работе с клиентами,,scraped,2026-08-09T07:09:46.712173,
e3418caa2bbc213d,https://kg.linkedin.com/jobs/view/senior-sap-fico-treasury-consultant-at-epam-systems-4450940165,Senior SAP FICO Treasury Consultant,EPAM Systems,posted,2026-08-09T07:10:20.885562,446
a9d293fb62c61e77,https://kg.linkedin.com/jobs/view/senior-copilot-studio-developer-at-epam-systems-4450924958,Senior Copilot Studio Developer,EPAM Systems,posted,2026-08-09T07:10:25.723633,330
29e437ff8ab41a30,https://kg.linkedin.com/jobs/view/senior-dynamics-crm-developer-voc-at-epam-systems-4450923949,Senior Dynamics CRM Developer (VoC),EPAM Systems,posted,2026-08-09T07:10:40.269530,74
66a41014f5d0e0b7,https://kg.linkedin.com/jobs/view/content-team-assistant-with-languages-at-fiszkoteka-pl-4450578588,Content Team Assistant with Languages,,scraped,2026-08-09T08:55:13.159731,
b4c82fc195537fda,https://kg.linkedin.com/jobs/view/international-adoption-at-adoption-center-for-family-building-4451351187,International Adoption,Adoption Center for Family Building,posted,2026-08-09T13:05:57.633543,1383
6f690a77c169cd5b,https://kg.linkedin.com/jobs/view/what-is-new-in-periodontal-diagnostics-and-treatment%3F-at-nsk-uk-dental-4451054066,What is New in Periodontal Diagnostics and Treatment?,,scraped,2026-08-09T13:06:00.307014,
fa954643ecec851e,https://kg.linkedin.com/jobs/view/%D0%B4%D0%B8%D1%80%D0%B5%D0%BA%D1%82%D0%BE%D1%80-%D0%BF%D0%BE-%D0%BF%D0%B5%D1%80%D1%81%D0%BE%D0%BD%D0%B0%D0%BB%D1%83-hrd-hr-director-at-frontpoint-llc-4449297344,Директор по персоналу (HRD/HR Director),,scraped,2026-08-09T13:07:48.470012,
fca9f286f36c1ab5,https://kg.linkedin.com/jobs/view/%D1%82%D0%BE%D1%80%D0%B3%D0%BE%D0%B2%D1%8B%D0%B9-%D0%BF%D1%80%D0%B5%D0%B4%D1%81%D1%82%D0%B0%D0%B2%D0%B8%D1%82%D0%B5%D0%BB%D1%8C-%D0%BC%D0%B5%D0%B4%D0%B8%D1%86%D0%B8%D0%BD%D1%81%D0%BA%D0%B8%D0%B9-%D0%BF%D1%80%D0%B5%D0%B4%D1%81%D1%82%D0%B0%D0%B2%D0%B8%D1%82%D0%B5%D0%BB%D1%8C-%D0%BC%D0%B5%D0%BD%D0%B5%D0%B4%D0%B6%D0%B5%D1%80-at-frontpoint-llc-4449288685,Торговый представитель (медицинский представитель/менеджер),,scraped,2026-08-09T13:08:16.449716,
fd08a10ab67c17c3,https://kg.linkedin.com/jobs/view/data-enumerators%E2%80%93-mobility-tracking-matrix-mtm-at-vnu-s%C3%A9n%C3%A9gal-gambie-4450945438,Data Enumerators– Mobility Tracking Matrix (MTM),VNU Sénégal/Gambie,posted,2026-08-09T13:09:07.760397,1399
ee88f991dc49f812,https://kg.linkedin.com/jobs/view/soziale-arbeit-mit-schwerpunkt-sport-naher-osten-%E2%80%A2-sozialwesen-at-coworkers-4449503361,Soziale Arbeit mit Schwerpunkt Sport - Naher Osten • Sozialwesen,,scraped,2026-08-09T14:42:37.380682,
f54d2e521cd7d967,https://kg.linkedin.com/jobs/view/%D0%BD%D1%8F%D0%BD%D1%8F-%D0%B4%D0%BB%D1%8F-%D0%BC%D0%B0%D0%BB%D1%8C%D1%87%D0%B8%D0%BA%D0%B0-1-%D0%B3%D0%BE%D0%B4%D0%B0-at-pomogatel-ru-4449779471,Няня для мальчика 1 года,,scraped,2026-08-09T18:52:21.756350,
c86314ca289ba4bc,https://kg.linkedin.com/jobs/view/%D0%BC%D0%B5%D1%80%D1%87%D0%B5%D0%BD%D0%B4%D0%B0%D0%B9%D0%B7%D0%B5%D1%80-at-frontpoint-llc-4448050795,Мерчендайзер,,scraped,2026-08-09T20:42:21.643076,
9577e63ebd84dda8,https://kg.linkedin.com/jobs/view/%D0%B8%D0%BD%D0%B6%D0%B5%D0%BD%D0%B5%D1%80-%D0%BA%D0%BE%D0%BD%D1%81%D1%82%D1%80%D1%83%D0%BA%D1%82%D0%BE%D1%80-%D0%BC%D0%B0%D1%88%D0%B8%D0%BD%D0%BE%D1%81%D1%82%D1%80%D0%BE%D0%B5%D0%BD%D0%B8%D0%B5-%D0%B1%D0%B5%D0%BB%D0%B0%D1%80%D1%83%D1%81%D1%8C-at-frontpoint-llc-4448736712,"Инженер-конструктор (машиностроение, Беларусь)",,scraped,2026-08-09T22:41:44.622448,
025874eb996ab108,https://kg.linkedin.com/jobs/view/%D0%BF%D0%BE%D1%88%D0%B8%D0%B2-%D1%88%D1%82%D0%BE%D1%80-%D0%B3%D0%B0%D1%80%D0%B4%D0%B8%D0%BD-%D1%80%D0%B8%D0%BC%D1%81%D0%BA%D0%B8%D1%85-%D1%88%D1%82%D0%BE%D1%80-%D0%B4%D1%80-at-kufar-4451365550,"Пошив штор, гардин, римских штор др .",,scraped,2026-08-09T22:42:04.472123,
634416fef9a6d86d,https://kg.linkedin.com/jobs/view/%D0%BC%D0%B5%D0%BD%D0%B5%D0%B4%D0%B6%D0%B5%D1%80-%D0%BF%D0%BE-%D1%81%D0%BE%D1%86%D0%B8%D0%B0%D0%BB%D1%8C%D0%BD%D1%8B%D0%BC-%D0%BF%D1%80%D0%BE%D0%B5%D0%BA%D1%82%D0%B0%D0%BC-24-05-2022-at-kaz-project-operating-llp-4451035188,Менеджер по социальным проектам (24/05/2022),Kaz Project Operating LLP,posted,2026-08-10T02:22:33.218895,1401
0a65ad3bce5c6640,https://kg.linkedin.com/jobs/view/projektleiter-im-bereich-tischlerei-m-w-d-gesucht%21-at-kamper-handwerk-%2B-bau-4451080461,Projektleiter im Bereich Tischlerei (m/w/d) gesucht!,,scraped,2026-08-10T02:23:07.842371,
2b0572d6decd0d29,https://kg.linkedin.com/jobs/view/%D0%BD%D1%8F%D0%BD%D1%8F-%D0%B4%D0%B5%D0%B2%D0%BE%D1%87%D0%BA%D0%B5-8-%D0%BC%D0%B8-%D0%BB%D0%B5%D1%82-at-pomogatel-ru-4450997750,Няня девочке 8-ми лет,,scraped,2026-08-10T05:40:39.998526,
3c5c6f135aeb7c41,https://kg.linkedin.com/jobs/view/senior-sap-mdg-consultant-at-epam-systems-4451100221,Senior SAP MDG Consultant,EPAM Systems,posted,2026-08-10T05:42:05.134829,224
3df231d997b3ab25,https://kg.linkedin.com/jobs/view/lead-data-engineer-with-terraform-at-epam-systems-4450999210,Lead Data Engineer with Terraform,EPAM Systems,posted,2026-08-10T05:42:14.216665,70
e10d2302972aaab0,https://kg.linkedin.com/jobs/view/senior-python-machine-learning-engineer-at-epam-systems-4450946007,Senior Python Machine Learning Engineer,EPAM Systems,posted,2026-08-10T05:42:29.086714,498
8687796fd6721bea,https://kg.linkedin.com/jobs/view/senior-aws-python-developer-ops-engineer-at-epam-systems-4451105197,Senior AWS Python Developer / Ops Engineer,EPAM Systems,posted,2026-08-10T05:42:40.060718,802
802df3a2db4b7dcd,https://kg.linkedin.com/jobs/view/senior-ai-engineer-with-kubernetes-at-epam-systems-4450999209,Senior AI Engineer with Kubernetes,EPAM Systems,posted,2026-08-10T05:42:49.318039,276
0acf04a9c8d822fe,https://kg.linkedin.com/jobs/view/data-technology-consultant-at-epam-systems-4451104174,Data Technology Consultant,EPAM Systems,posted,2026-08-10T05:43:02.389719,312
845858a0943b81a6,https://kg.linkedin.com/jobs/view/human-resources-assistant-at-university-of-central-asia-4449994241,Human Resources Assistant,University of Central Asia,posted,2026-08-10T09:42:18.132357,1403
e4b2de20374da9ba,https://kg.linkedin.com/jobs/view/projeteur-m%C3%A9thodes-international-f-h-at-b-hive-engineering-4451393953,Projeteur Méthodes - International F/H,,scraped,2026-08-10T09:42:35.126112,
547150fa1d98614f,https://kg.linkedin.com/jobs/view/ing%C3%A9nieur-calcul-structure-international-f-h-at-b-hive-engineering-4451510189,Ingénieur Calcul Structure - International F/H,,scraped,2026-08-10T09:43:00.997380,
a5c10a9cdbfddfc8,https://kg.linkedin.com/jobs/view/senior-ai-engineer-at-epam-systems-4451112175,Senior AI Engineer,EPAM Systems,posted,2026-08-10T09:44:22.747849,294
ef26fcbf381ccde1,https://kg.linkedin.com/jobs/view/international-adoption-at-adoption-center-for-family-building-4451546016,International Adoption,Adoption Center for Family Building,posted,2026-08-10T13:24:37.331693,1383
7c335def9da5af9e,https://kg.linkedin.com/jobs/view/become-a-teacher-at-german-school-of-fremont-4448011447,Become a teacher,German School of Fremont,posted,2026-08-10T13:25:33.372444,1405
f925c0dee96b5a77,https://kg.linkedin.com/jobs/view/international-students-at-skywarrior-flight-training-llc-4449223651,International Students,Skywarrior Flight Training LLC,posted,2026-08-10T13:26:12.528497,110
0d8cbc70d7f3738b,https://kg.linkedin.com/jobs/view/graphic-designer-illustrator-at-iom-un-migration-4451549415,Graphic Designer/Illustrator,IOM - UN Migration,posted,2026-08-10T15:11:36.138117,1407
c4ca3ba623dd2768,https://kg.linkedin.com/jobs/view/site-maintenance-manager-chemical-johor-at-michael-page-4451543845,"Site Maintenance Manager (Chemical, Johor)",Michael Page,posted,2026-08-10T17:06:49.832512,1409
fbcec2f284af1119,https://kg.linkedin.com/jobs/view/smm-%D0%BC%D0%B5%D0%BD%D0%B5%D0%B4%D0%B6%D0%B5%D1%80-smm-executive-at-itms-group-of-companies-4451565411,SMM-менеджер (SMM Executive),,scraped,2026-08-10T17:06:52.476122,
3be9590ab8eaf267,https://kg.linkedin.com/jobs/view/%D0%BD%D1%8F%D0%BD%D1%8F-%D0%BA-%D0%B4%D0%B5%D0%B2%D0%BE%D1%87%D0%BA%D0%B5-7-%D0%BC%D0%B5%D1%81%D1%8F%D1%86%D0%B5%D0%B2-at-pomogatel-ru-4451400969,Няня к девочке 7 месяцев,,scraped,2026-08-10T19:06:32.333523,
8f03c7fbc67651ab,https://kg.linkedin.com/jobs/view/lead-data-integration-engineer-at-epam-systems-4451111153,Lead Data Integration Engineer,EPAM Systems,posted,2026-08-10T19:08:39.976526,890
fc9517fe0c44a40c,https://kg.linkedin.com/jobs/view/senior-test-automation-engineer-in-python-at-epam-systems-4451105196,Senior Test Automation Engineer in Python,EPAM Systems,posted,2026-08-10T19:09:05.262080,596
be9cb888af01ccef,https://kg.linkedin.com/jobs/view/sap-cloud-platform-developer-at-epam-systems-4450999212,SAP Cloud Platform Developer,EPAM Systems,posted,2026-08-11T02:13:51.267603,510
20b42f0c6dfa01b3,https://kg.linkedin.com/jobs/view/developing-global-leaders-dgl-at-young-life-4452187522,Developing Global Leaders (DGL),Young Life,posted,2026-08-11T05:18:28.601696,1411
91e69335c4815f8a,https://kg.linkedin.com/jobs/view/senior-sap-retail-master-data-consultant-at-epam-systems-4452180398,Senior SAP Retail Master Data Consultant,EPAM Systems,posted,2026-08-11T05:20:40.531541,1413
4fc47e3a5a87a57b,https://kg.linkedin.com/jobs/view/lead-unreal-engine-developer-at-epam-systems-4452181395,Lead Unreal Engine Developer,EPAM Systems,posted,2026-08-11T05:20:56.748209,1415
08e67e5097f24b43,https://kg.linkedin.com/jobs/view/senior-data-engineer-ai-at-epam-systems-4452177642,"Senior Data Engineer, AI",EPAM Systems,posted,2026-08-11T05:21:03.635044,80
41b6a193012868bb,https://kg.linkedin.com/jobs/view/data-analytics-engineering-trainee-at-epam-systems-4452177651,Data Analytics Engineering Trainee,EPAM Systems,posted,2026-08-11T05:21:28.790419,476
5bc4ccaab23fee5b,https://kg.linkedin.com/jobs/view/%D1%8D%D1%80%D1%83%D0%B4%D0%B8%D1%80%D0%BE%D0%B2%D0%B0%D0%BD%D0%BD%D1%8B%D0%B9-%D1%87%D0%B5%D0%BB%D0%BE%D0%B2%D0%B5%D0%BA-%D1%81-%D1%88%D0%B8%D1%80%D0%BE%D0%BA%D0%B8%D0%BC-%D0%BA%D1%80%D1%83%D0%B3%D0%BE%D0%B7%D0%BE%D1%80%D0%BE%D0%BC-%D0%BA%D0%BE%D1%82%D0%BE%D1%80%D1%8B%D0%B9-%D1%81%D0%B0%D0%BC-at-pomogatel-ru-4451616826,"Эрудированный человек с широким кругозором, который сам...",,scraped,2026-08-11T07:20:35.689154,
163f722bb4309e5a,https://kg.linkedin.com/jobs/view/sap-abap-developer-rap-relocation-to-cyprus-at-epam-systems-4451106180,SAP ABAP Developer (RAP) (relocation to Cyprus),EPAM Systems,posted,2026-08-11T07:23:59.791094,414
86595f6a3b58f7dd,https://kg.linkedin.com/jobs/view/lead-data-software-engineer-with-databricks-at-epam-systems-4452182367,Lead Data Software Engineer with Databricks,EPAM Systems,posted,2026-08-11T07:24:08.654133,1417
419647551b4b1779,https://kg.linkedin.com/jobs/view/lead-ai-engineer-java-with-claude-code-at-epam-systems-4452197094,Lead AI Engineer - Java with Claude Code,EPAM Systems,posted,2026-08-11T07:24:13.417179,620
b1f18a6d706a9dd3,https://kg.linkedin.com/jobs/view/senior-data-software-engineer-with-aws-llm-pyspark-at-epam-systems-4452193202,"Senior Data Software Engineer with AWS, LLM, PySpark",EPAM Systems,posted,2026-08-11T07:24:44.078454,1419
100da0a400c7872e,https://kg.linkedin.com/jobs/view/upper-school-art-teacher-at-east-cooper-baptist-church-4450929844,Upper School Art Teacher,East Cooper Baptist Church,posted,2026-08-11T09:08:36.285714,1421
a11b96ca310d7aef,https://kg.linkedin.com/jobs/view/%D1%81%D0%B8%D0%B4%D0%B5%D0%BB%D0%BA%D0%B0-at-pomogatel-ru-4451611872,Сиделка,,scraped,2026-08-11T09:09:04.800361,
b0f0f9421b4927c4,https://kg.linkedin.com/jobs/view/%D0%B4%D0%BE%D0%BC%D1%80%D0%B0%D0%B1%D0%BE%D1%82%D0%BD%D0%B8%D1%86%D0%B0-%D0%B4%D0%BB%D1%8F-%D1%83%D0%B1%D0%BE%D1%80%D0%BA%D0%B8-2-%D0%BA%D0%BE%D0%BC%D0%BD%D0%B0%D1%82%D0%BD%D0%BE%D0%B9-%D0%BA%D0%B2%D0%B0%D1%80%D1%82%D0%B8%D1%80%D1%8B-1-%D1%80%D0%B0%D0%B7-%D0%B2-%D0%BD%D0%B5%D0%B4%D0%B5%D0%BB%D1%8E-at-pomogatel-ru-4451623832,Домработница для уборки 2-комнатной квартиры 1 раз в неделю,,scraped,2026-08-11T09:10:22.819118,
3d5552b37634eb33,https://kg.linkedin.com/jobs/view/prompt-engineer-at-archon-agents-4451678750,Prompt Engineer,Archon Agents,posted,2026-08-11T13:22:18.252251,1423
d1a465f29cf9a946,https://kg.linkedin.com/jobs/view/%D0%B1%D0%B8%D0%B7%D0%BD%D0%B5%D1%81-%D0%B0%D0%BD%D0%B0%D0%BB%D0%B8%D1%82%D0%B8%D0%BA-middle%2B-at-secreate-io-4452432347,Бизнес-Аналитик [Middle+],,scraped,2026-08-11T13:22:48.864295,
bb0278ec81bbe403,https://kg.linkedin.com/jobs/view/qa-automation-engineer-b2b-payments-at-salmon-group-ltd-4451648269,QA Automation Engineer (B2B Payments),,scraped,2026-08-11T13:22:57.373530,
d6aadd292dcd4e09,https://kg.linkedin.com/jobs/view/international-peace-studies-at-kroc-institute-for-international-peace-studies-university-of-notre-dame-4450064838,International Peace Studies,"Kroc Institute for International Peace Studies, University of Notre Dame",posted,2026-08-11T15:10:20.032624,1425
5b3cee1a2963e512,https://kg.linkedin.com/jobs/view/%D0%BE%D0%BF%D0%B5%D1%80%D0%B0%D1%82%D0%BE%D1%80-%D0%BD%D0%B0%D0%BB%D0%B0%D0%B4%D1%87%D0%B8%D0%BA-at-itms-group-of-companies-4452484707,Оператор-наладчик,,scraped,2026-08-11T17:07:45.143567,
4d6be0c9257886e8,https://kg.linkedin.com/jobs/view/%D1%81%D0%BF%D0%B5%D1%86%D0%B8%D0%B0%D0%BB%D0%B8%D1%81%D1%82-%D0%BF%D0%BE-%D1%80%D0%B0%D0%B1%D0%BE%D1%82%D0%B5-%D1%81-%D0%BA%D0%BB%D0%B8%D0%B5%D0%BD%D1%82%D0%B0%D0%BC%D0%B8-%D0%BE%D1%84%D0%B8%D1%81-%D0%BC%D0%B5%D0%BD%D0%B5%D0%B4%D0%B6%D0%B5%D1%80-at-frontpoint-llc-4448059063,Специалист по работе с клиентами / Офис-менеджер,,scraped,2026-08-11T17:08:41.092482,
1fea1fcfa82c1ae6,https://kg.linkedin.com/jobs/view/%D0%BC%D0%B5%D0%BD%D0%B5%D0%B4%D0%B6%D0%B5%D1%80-it-%D0%BF%D1%80%D0%BE%D0%B5%D0%BA%D1%82%D0%BE%D0%B2-at-itms-group-of-companies-4452486662,Менеджер IT-проектов,,scraped,2026-08-11T17:09:01.414345,
4abcdd223c8f6821,https://kg.linkedin.com/jobs/view/data-analytics-engineering-trainee-at-epam-systems-4452195140,Data Analytics Engineering Trainee,EPAM Systems,posted,2026-08-11T17:10:00.587837,476
9c0bdbce3922f60d,https://kg.linkedin.com/jobs/view/%D0%BD%D1%8F%D0%BD%D1%8F-%D0%BF%D0%BE%D0%BC%D0%BE%D1%89%D0%BD%D0%B8%D1%86%D0%B0-%D0%BF%D0%BE-%D1%85%D0%BE%D0%B7%D1%8F%D0%B9%D1%81%D1%82%D0%B2%D1%83-%D0%B2-%D1%81%D0%B5%D0%BC%D1%8C%D1%8E-at-pomogatel-ru-4451920509,Няня-помощница по хозяйству в семью,,scraped,2026-08-11T19:13:24.738554,
084390e9e235d565,https://kg.linkedin.com/jobs/view/pre-sales-client-solutions-consultant-at-atlas-consulting-4450344276,Pre-Sales / Client Solutions Consultant,,scraped,2026-08-11T22:52:51.347962,
7bee4978eeba0efe,https://kg.linkedin.com/jobs/view/agents-resellers-at-nualight-4450707762,Agents & Resellers:,,scraped,2026-08-11T22:53:13.060312,
56ebe3655d5d2fe4,https://kg.linkedin.com/jobs/view/energy-electricity-power-generation-expert-at-association-malienne-de-recherche-action-pour-le-d%C3%A9veloppement-4452142521,Energy/Electricity Power Generation Expert,Association Malienne de Recherche Action pour le Développement,posted,2026-08-11T22:53:56.003574,1427
68254e71a4f57a05,https://kg.linkedin.com/jobs/view/international-adoption-at-adoption-center-for-family-building-4453006832,International Adoption,Adoption Center for Family Building,posted,2026-08-12T02:29:36.120494,1383
7980aabc78d53824,https://kg.linkedin.com/jobs/view/data-technology-consultant-at-epam-systems-4451103171,Data Technology Consultant,EPAM Systems,posted,2026-08-12T02:30:15.525395,312
4abad71c2e9d9cd8,https://kg.linkedin.com/jobs/view/meet-duwel-at-%C3%A5land-maritime-day-21-may-2026-at-duwel-4451077184,Meet DUWEL at Åland Maritime day 21 May 2026,,scraped,2026-08-12T02:30:20.115858,
b68ab851d719287f,https://kg.linkedin.com/jobs/view/senior-claims-examiner-toronto-ontario-canada-at-international-programs-group-4451937121,"Senior Claims Examiner - Toronto, Ontario, Canada",,scraped,2026-08-12T02:30:29.550692,
292d0a4f93623cee,https://kg.linkedin.com/jobs/view/project-manager-middle%2B-at-secreate-io-4452432347,Project Manager [Middle+],,scraped,2026-08-12T02:30:43.987476,
5bf870f266fda9c1,https://kg.linkedin.com/jobs/view/%D0%B8%D0%BD%D0%B6%D0%B5%D0%BD%D0%B5%D1%80-%D0%BF%D0%BE-%D0%B8%D0%BD%D1%84%D0%BE%D1%80%D0%BC%D0%B0%D1%86%D0%B8%D0%BE%D0%BD%D0%BD%D0%BE%D0%B9-%D0%B1%D0%B5%D0%B7%D0%BE%D0%BF%D0%B0%D1%81%D0%BD%D0%BE%D1%81%D1%82%D0%B8-at-itms-group-of-companies-4452487593,Инженер по информационной безопасности,,scraped,2026-08-12T02:31:24.683089,
ec83b101a6056572,https://kg.linkedin.com/jobs/view/climate-change-mitigation-transport-specialist-at-association-malienne-de-recherche-action-pour-le-d%C3%A9veloppement-4453036262,Climate Change Mitigation (Transport) Specialist,,scraped,2026-08-12T02:32:16.332772,
b6bb9cb78c69877b,https://kg.linkedin.com/jobs/view/%D0%BE%D0%BF%D0%B5%D1%80%D0%B0%D1%82%D0%BE%D1%80-%D0%BD%D0%B0%D0%BB%D0%B0%D0%B4%D1%87%D0%B8%D0%BA-at-itms-group-of-companies-4452488593,Оператор-наладчик,,scraped,2026-08-12T02:32:34.564949,
6ca232b3b0e23589,https://kg.linkedin.com/jobs/view/%D0%BE%D0%BF%D0%B5%D1%80%D0%B0%D1%82%D0%BE%D1%80-%D0%BD%D0%B0%D0%BB%D0%B0%D0%B4%D1%87%D0%B8%D0%BA-at-itms-group-of-companies-4452478761,Оператор-наладчик,,scraped,2026-08-12T02:32:41.547678,
6ee95fe337e4614f,https://kg.linkedin.com/jobs/view/transport-economist-at-association-malienne-de-recherche-action-pour-le-d%C3%A9veloppement-4453026353,Transport Economist,Association Malienne de Recherche Action pour le Développement,posted,2026-08-12T05:43:49.668967,1429
ab4dd75d913bc445,https://kg.linkedin.com/jobs/view/%D0%BD%D1%8F%D0%BD%D1%8F-%D0%BA-%D0%BC%D0%B0%D0%BB%D1%8C%D1%87%D0%B8%D0%BA%D1%83-4-%D0%BC%D0%B5%D1%81%D1%8F%D1%86%D0%B5%D0%B2-at-pomogatel-ru-4452359076,Няня к мальчику 4 месяцев,,scraped,2026-08-12T05:44:04.266320,
db03c59e7d2e32b2,https://kg.linkedin.com/jobs/view/lead-devops-engineer-big-data-at-epam-systems-4453035911,Lead DevOps Engineer (Big Data),EPAM Systems,posted,2026-08-12T05:45:08.303144,362
c8cdd793e895f463,https://kg.linkedin.com/jobs/view/test-automation-architect-javascript-python-at-epam-systems-4453041881,Test Automation Architect (JavaScript / Python),EPAM Systems,posted,2026-08-12T05:45:17.433802,386
4eaecf3ee875db54,https://kg.linkedin.com/jobs/view/lead-data-engineer-ai-at-epam-systems-4453031966,"Lead Data Engineer, AI",EPAM Systems,posted,2026-08-12T05:45:22.414342,226
a21795f3ec25efe9,https://kg.linkedin.com/jobs/view/senior-ai-devops-sre-at-epam-systems-4453041879,Senior AI DevOps/SRE,EPAM Systems,posted,2026-08-12T05:45:27.346467,478
db7d9bab0236287f,https://kg.linkedin.com/jobs/view/senior-ai-engineer-with-net-at-epam-systems-4098517919,Senior AI Engineer with .NET,EPAM Systems,posted,2026-08-12T05:45:58.126770,614
138e9854b6c4086f,https://kg.linkedin.com/jobs/view/%D0%B1%D1%80%D0%BE%D0%BA%D0%B5%D1%80-%D0%BF%D0%BE-%D0%BD%D0%B5%D0%B4%D0%B2%D0%B8%D0%B6%D0%B8%D0%BC%D0%BE%D1%81%D1%82%D0%B8%0A%D0%BC%D0%BE%D1%81%D0%BA%D0%B2%D0%B0-%D1%81%D0%B8%D1%82%D0%B8-at-mcity-4451512802,"БРОКЕР ПО НЕДВИЖИМОСТИ
МОСКВА-СИТИ",,scraped,2026-08-12T07:43:17.364205,
93239f83f0b32722,https://kg.linkedin.com/jobs/view/growmark-at-farm-and-ranch-jobs-4451631467,Growmark,Farm and Ranch Jobs,posted,2026-08-12T07:43:49.538805,1431
ae12147d06785138,https://kg.linkedin.com/jobs/view/team-leader-and-climate-change-expert-at-association-malienne-de-recherche-action-pour-le-d%C3%A9veloppement-4453036264,Team Leader and Climate Change Expert,Association Malienne de Recherche Action pour le Développement,posted,2026-08-12T07:44:39.742008,1433
a7d2169ec81b114b,https://kg.linkedin.com/jobs/view/senior-functional-consultant-sap-mm-sd-with-retail-at-epam-systems-4453038912,Senior Functional Consultant (SAP MM / SD with Retail),EPAM Systems,posted,2026-08-12T07:44:46.482304,500
e64099faa4bc8f25,https://kg.linkedin.com/jobs/view/civil-engineer-climate-change-mitigation-transport-specialist-at-association-malienne-de-recherche-action-pour-le-d%C3%A9veloppement-4452138552,Civil Engineer / Climate Change Mitigation (Transport) Specialist,Association Malienne de Recherche Action pour le Développement,posted,2026-08-12T07:44:59.423650,1435
c14ffe1542b57887,https://kg.linkedin.com/jobs/view/lead-devops-engineer-azure-at-epam-systems-4453048818,Lead DevOps Engineer (Azure),EPAM Systems,posted,2026-08-12T07:45:04.363111,722
aefce3289639bbba,https://kg.linkedin.com/jobs/view/automated-testing-in-net-trainee-at-epam-systems-4453035914,Automated Testing in .NET Trainee,EPAM Systems,posted,2026-08-12T07:45:26.925541,402
ade6112ddd9690b3,https://kg.linkedin.com/jobs/view/senior-pro-code-net-developer-at-epam-systems-4453033961,Senior Pro-Code .NET Developer,EPAM Systems,posted,2026-08-12T07:45:39.819771,762
a64b52980fc354e9,https://kg.linkedin.com/jobs/view/waste-water-equipment-operator-at-the-inland-group-of-companies-4452415420,Waste Water Equipment Operator,,scraped,2026-08-12T09:18:57.109077,
0be3ab336ff19168,https://kg.linkedin.com/jobs/view/fae-ai-data-center-high-speed-interconnect-solutions-at-michael-page-4453082393,FAE - AI Data Center & High-Speed Interconnect Solutions,Michael Page,posted,2026-08-12T09:19:32.703776,1437
8213e128ff8ec884,https://kg.linkedin.com/jobs/view/soziale-arbeit-mit-schwerpunkt-sport-naher-osten-%E2%80%A2-sozialwesen-at-coworkers-4450110785,Soziale Arbeit mit Schwerpunkt Sport - Naher Osten • Sozialwesen,,scraped,2026-08-12T09:19:45.105230,
05f623a43ef8a630,https://kg.linkedin.com/jobs/view/engineering-manager-sap-cap-java-at-epam-systems-4453040899,"Engineering Manager, SAP CAP Java",EPAM Systems,posted,2026-08-12T09:20:26.029976,588
9e731df192c9b277,https://kg.linkedin.com/jobs/view/engineering-manager-sap-cap-java-at-epam-systems-4453035902,"Engineering Manager, SAP CAP Java",EPAM Systems,scraped,2026-08-12T09:20:31.995564,
e3aadd4c4b34d07e,https://kg.linkedin.com/jobs/view/sales-manager-%E2%80%93-plant-protein-at-agrocorp-international-4453088830,Sales Manager – Plant Protein,,scraped,2026-08-12T11:10:21.959080,
620b5df13c6e1df4,https://kg.linkedin.com/jobs/view/everything-you-need-to-know-about-international-marketing-at-sup-de-pub-4450662498,Everything you need to know about international marketing,Sup de Pub,posted,2026-08-12T13:25:35.342112,1439
7fe51efd403fcb68,https://kg.linkedin.com/jobs/view/nke-3-2-capacity-building-institutional-development-specialist-at-association-malienne-de-recherche-action-pour-le-d%C3%A9veloppement-4453028331,NKE-3.2 Capacity Building & Institutional Development Specialist,,scraped,2026-08-12T13:25:51.961409,
99aa53ab3ae5837e,https://kg.linkedin.com/jobs/view/electric-vehicles-charging-stations-fuel-switching-expert-at-association-malienne-de-recherche-action-pour-le-d%C3%A9veloppement-4453039255,Electric Vehicles / Charging Stations / Fuel Switching Expert,Association Malienne de Recherche Action pour le Développement,posted,2026-08-12T13:26:59.113803,1441
40e5691b8aaeaa81,https://kg.linkedin.com/jobs/view/senior-sap-bw-4hana-consultant-at-epam-systems-4453043896,Senior SAP BW/4HANA Consultant,EPAM Systems,posted,2026-08-12T13:27:22.182318,566
34b3185c1503b11b,https://kg.linkedin.com/jobs/view/priority-private-rm-nri-at-michael-page-4453135325,Priority Private RM (NRI),Michael Page,posted,2026-08-12T15:12:04.605030,1443
8bfdc6ec31787a68,https://kg.linkedin.com/jobs/view/freelance-at-firstsource-4452384260,Freelance,,scraped,2026-08-12T15:12:27.219136,
056f13663e7103bf,https://kg.linkedin.com/jobs/view/systems-engineer-at-general-dynamics-information-technology-4453092498,Systems Engineer,General Dynamics Information Technology,posted,2026-08-12T15:13:16.827809,1445
de3fd2734cb22329,https://kg.linkedin.com/jobs/view/support-supply-operations-kyrgyzstan-at-glovo-4452393451,"Support Supply Operations, Kyrgyzstan",,scraped,2026-08-12T15:13:23.421554,
5c436660f7cbdea3,https://kg.linkedin.com/jobs/view/%D1%82%D0%BE%D1%80%D0%B3%D0%BE%D0%B2%D1%8B%D0%B9-%D0%BF%D1%80%D0%B5%D0%B4%D1%81%D1%82%D0%B0%D0%B2%D0%B8%D1%82%D0%B5%D0%BB%D1%8C-%D0%BD%D0%B0-%D0%BA%D0%BE%D1%80%D0%BF%D0%BE%D1%80%D0%B0%D1%82%D0%B8%D0%B2%D0%BD%D0%BE%D0%BC-%D0%B0%D0%B2%D1%82%D0%BE%D0%BC%D0%BE%D0%B1%D0%B8%D0%BB%D0%B5-%D0%BF%D0%B0%D0%B2%D0%B5%D0%BB%D0%B5%D1%86%D0%BA%D0%B0%D1%8F-at-itms-group-of-companies-4453136923,Торговый представитель на корпоративном автомобиле (Павелецкая),,scraped,2026-08-12T17:06:06.120117,
695e4b2731611a68,https://kg.linkedin.com/jobs/view/forward-deployed-engineer-chief-role-relocation-to-latvia-at-epam-systems-4450165107,Forward Deployed Engineer/Chief role (relocation to Latvia),EPAM Systems,posted,2026-08-12T17:06:54.974478,1447
d3cf5f8454d89e8b,https://kg.linkedin.com/jobs/view/junior-data-developer-at-detroit-data-company-4452383063,Junior Data Developer,Detroit Data Company,posted,2026-08-12T19:12:29.346959,1449
af2c2a0a578ce64a,https://kg.linkedin.com/jobs/view/senior-sap-drc-consultant-at-epam-systems-4450131900,Senior SAP DRC Consultant,EPAM Systems,posted,2026-08-12T19:12:56.894219,1451
1ac7419842813513,https://kg.linkedin.com/jobs/view/senior-aws-devops-engineer-at-epam-systems-4450158853,Senior AWS DevOps Engineer,EPAM Systems,posted,2026-08-12T19:13:24.806384,1453
314e38e1aa146b56,https://kg.linkedin.com/jobs/view/senior-azure-devops-engineer-at-epam-systems-4450157832,Senior Azure DevOps Engineer,EPAM Systems,posted,2026-08-12T19:13:36.406306,1455
2ae489881351a415,https://kg.linkedin.com/jobs/view/senior-azure-cloud-engineer-at-epam-systems-4450176150,Senior Azure Cloud Engineer,EPAM Systems,posted,2026-08-12T19:13:45.978697,1457
ffc53027369511cd,https://kg.linkedin.com/jobs/view/senior-data-software-engineer-with-apache-airflow-databricks-at-epam-systems-4450160771,"Senior Data Software Engineer with Apache Airflow, Databricks",EPAM Systems,posted,2026-08-12T19:14:10.099650,1459
4306246838b8b60a,https://kg.linkedin.com/jobs/view/forward-deployed-engineer-chief-role-relocation-to-spain-at-epam-systems-4450165743,Forward Deployed Engineer/Chief role (relocation to Spain),EPAM Systems,posted,2026-08-12T19:14:24.301268,1461
55bfa2b47ce67078,https://kg.linkedin.com/jobs/view/engineer-estimator-at-crystalia-glass-llc-4453149470,Engineer-Estimator,Crystalia Glass LLC,posted,2026-08-12T20:54:53.624768,1463
f0d91c810deb6d6c,https://kg.linkedin.com/jobs/view/lead-aws-cloud-devops-engineer-at-epam-systems-4450160755,Lead AWS Cloud DevOps Engineer,EPAM Systems,posted,2026-08-12T20:55:33.832906,1465
b4985979cd627d59,https://kg.linkedin.com/jobs/view/senior-infrastructure-automation-engineer-at-epam-systems-4450169694,Senior Infrastructure Automation Engineer,EPAM Systems,posted,2026-08-12T20:55:41.607552,1467
91055ac5081d5a12,https://kg.linkedin.com/jobs/view/lead-azure-cloud-engineer-at-epam-systems-4450165709,Lead Azure Cloud Engineer,EPAM Systems,posted,2026-08-12T20:55:49.650942,1469
18d7d806682e76ea,https://kg.linkedin.com/jobs/view/%D0%B0%D1%81%D1%81%D0%B8%D1%81%D1%82%D0%B5%D0%BD%D1%82-%D0%BE%D1%82%D0%B4%D0%B5%D0%BB%D0%B0-%D0%BC%D0%B0%D1%80%D0%BA%D0%B5%D1%82%D0%B8%D0%BD%D0%B3%D0%B0-team-assistant-consumer-marketing-at-itms-group-of-companies-4453145829,"Ассистент отдела маркетинга (Team Assistant, Consumer Marketing)",,scraped,2026-08-12T20:56:04.187921,
674f1c48e16f8f31,https://kg.linkedin.com/jobs/view/lead-site-reliability-engineer-at-epam-systems-4450157811,Lead Site Reliability Engineer,EPAM Systems,posted,2026-08-12T20:56:19.555672,1471
1e512bb7fa4c6a68,https://kg.linkedin.com/jobs/view/lead-data-software-engineer-with-cloud-services-and-databricks-at-epam-systems-4450171658,Lead Data Software Engineer with Cloud Services and Databricks,EPAM Systems,posted,2026-08-12T20:56:59.354404,1473
d846f8e11d998391,https://kg.linkedin.com/jobs/view/forward-deployed-engineer-chief-role-relocation-to-lithuania-at-epam-systems-4450172687,Forward Deployed Engineer/Chief role (relocation to Lithuania),EPAM Systems,posted,2026-08-12T20:57:15.664040,1475
3cb671d83e400dad,https://kg.linkedin.com/jobs/view/senior-data-software-engineer-with-aws-and-terraform-at-epam-systems-4450165697,Senior Data Software Engineer with AWS and Terraform,EPAM Systems,posted,2026-08-12T20:57:31.965359,1477
3f06120961586541,https://kg.linkedin.com/jobs/view/forward-deployed-engineer-chief-role-relocation-to-germany-at-epam-systems-4450157814,Forward Deployed Engineer/Chief role (relocation to Germany),EPAM Systems,posted,2026-08-12T20:57:40.302277,1479
9f63e5939662ca11,https://kg.linkedin.com/jobs/view/senior-data-software-engineer-spark-java-scala-at-epam-systems-4450177037,"Senior Data Software Engineer, Spark, Java, Scala",EPAM Systems,posted,2026-08-12T20:57:47.830559,1481
d2ecccb83272c8ac,https://kg.linkedin.com/jobs/view/business-development-head-lending-at-michael-page-4453129343,Business Development Head - Lending,Michael Page,posted,2026-08-12T22:52:10.157769,1483
c957065fd036d58e,https://kg.linkedin.com/jobs/view/admissions-executive-at-dhirubhai-ambani-international-school-4450030108,Admissions Executive,Dhirubhai Ambani International School,posted,2026-08-13T02:31:03.041752,1485
55844e630ee258bc,https://kg.linkedin.com/jobs/view/business-editor-at-the-new-york-times-4453628562,Business Editor,The New York Times,posted,2026-08-13T05:45:56.621149,1487
915a999657cb91ae,https://kg.linkedin.com/jobs/view/international-conference-on-the-future-of-wood-science-technology-education-2021-at-14th-malaysian-symposium-of-biomedical-science-4450185803,INTERNATIONAL CONFERENCE ON THE FUTURE OF WOOD SCIENCE & TECHNOLOGY EDUCATION 2021,,scraped,2026-08-13T05:46:43.356505,
2dcbd626f5c8e526,https://kg.linkedin.com/jobs/view/laboratory-technician-at-prince-edward-island-bioalliance-4452786513,Laboratory Technician,,scraped,2026-08-13T07:44:58.081028,
0198c94d83e4e9dc,https://kg.linkedin.com/jobs/view/generator-and-hvac-mechanic-%E2%80%93-swa-at-general-dynamics-information-technology-4453367331,Generator and HVAC Mechanic – SWA,General Dynamics Information Technology,posted,2026-08-13T07:46:11.316388,158
361e1e5b02b15db0,https://kg.linkedin.com/jobs/view/solutions-architect-digital-engagement-practice-at-epam-systems-4452786369,Solutions Architect (Digital Engagement Practice),EPAM Systems,posted,2026-08-13T07:46:20.398871,1489
57c08bcab6a6b841,https://kg.linkedin.com/jobs/view/energy-electricity-power-generation-expert-at-association-malienne-de-recherche-action-pour-le-d%C3%A9veloppement-4453048150,Energy/Electricity Power Generation Expert,,scraped,2026-08-13T07:46:47.016102,
50a7f298a394ff46,https://kg.linkedin.com/jobs/view/senior-application-support-engineer-at-epam-systems-4452787325,Senior Application Support Engineer,EPAM Systems,posted,2026-08-13T07:46:59.019924,1491
7ab006c304a58588,https://kg.linkedin.com/jobs/view/payments-solution-architect-at-epam-systems-4452778910,Payments Solution Architect,EPAM Systems,posted,2026-08-13T07:47:04.348706,512
625f7cb419382e35,https://kg.linkedin.com/jobs/view/sap-technical-engineering-manager-sap-fico-at-epam-systems-4452779873,SAP Technical Engineering Manager (SAP FICO),EPAM Systems,posted,2026-08-13T07:47:11.153313,536
d3a00b5d6cbbf9f3,https://kg.linkedin.com/jobs/view/lead-platform-engineer-at-epam-systems-4452901232,Lead Platform Engineer,EPAM Systems,posted,2026-08-13T07:47:16.000538,328
311c6f73ef28d1b0,https://kg.linkedin.com/jobs/view/lead-ai-engineer-at-epam-systems-4452798239,Lead AI Engineer,EPAM Systems,posted,2026-08-13T07:47:34.922739,296
f2ad9d9f7936b471,https://kg.linkedin.com/jobs/view/senior-servicenow-business-analyst-at-epam-systems-4452791335,Senior ServiceNow Business Analyst,EPAM Systems,posted,2026-08-13T07:47:39.968611,482
9d1a80440900fe92,https://kg.linkedin.com/jobs/view/senior-platform-engineer-at-epam-systems-4452900229,Senior Platform Engineer,EPAM Systems,posted,2026-08-13T07:47:44.982797,354
5796f8bcdfa618d7,https://kg.linkedin.com/jobs/view/senior-full-stack-abap-ui5-developer-at-epam-systems-4452787328,Senior Full Stack ABAP/UI5 Developer,EPAM Systems,posted,2026-08-13T07:47:51.910185,664
68a4d92a748eb0ac,https://kg.linkedin.com/jobs/view/senior-data-engineer-with-terraform-at-epam-systems-4452785402,Senior Data Engineer with Terraform,EPAM Systems,posted,2026-08-13T07:48:00.681876,252
e4451b061c060e95,https://kg.linkedin.com/jobs/view/ai-solution-architect-at-epam-systems-4452783486,AI Solution Architect,EPAM Systems,posted,2026-08-13T09:23:06.027280,352
110e7f15d0af99ec,https://kg.linkedin.com/jobs/view/system-engineer-datacenter-migration-modernization-at-general-dynamics-information-technology-4453690114,System Engineer - Datacenter Migration/Modernization,General Dynamics Information Technology,posted,2026-08-13T09:23:36.400963,1493
efc26ab2c9096661,https://kg.linkedin.com/jobs/view/%D0%BF%D1%80%D0%BE%D0%B4%D0%B0%D0%B2%D0%B5%D1%86-%D1%84%D0%B8%D1%80%D0%BC%D0%B5%D0%BD%D0%BD%D0%BE%D0%B9-%D1%82%D0%BE%D1%80%D0%B3%D0%BE%D0%B2%D0%BB%D0%B8-%D0%B1%D0%BE%D1%80%D0%B8%D1%81%D0%BE%D0%B2%D1%81%D0%BA%D0%B8%D0%B9-%D0%BC%D1%8F%D1%81%D0%BE%D0%BA%D0%BE%D0%BC%D0%B1%D0%B8%D0%BD%D0%B0%D1%82-at-frontpoint-llc-4448445779,Продавец фирменной торговли. Борисовский мясокомбинат,,scraped,2026-08-13T09:24:07.060064,
d808ad92ddc1d607,https://kg.linkedin.com/jobs/view/senior-hr-specialist-at-rakuten-asia-pte-ltd-4454022134,Senior HR Specialist,,scraped,2026-08-13T13:27:24.818459,
455b2d65a87c5082,https://kg.linkedin.com/jobs/view/senior-full-stack-python-engineer-at-epam-systems-4453035913,Senior Full Stack Python Engineer,EPAM Systems,posted,2026-08-13T15:10:21.406229,514
9d6e175f3f9537e3,https://kg.linkedin.com/jobs/view/rgm-revenue-growth-management-specialist-at-coca-cola-cci-4450474429,RGM (Revenue Growth Management) Specialist,Coca-Cola İçecek,posted,2026-08-13T15:11:17.058508,1495
fb59346f5cde8f2c,https://kg.linkedin.com/jobs/view/re-advertisement-un-women-executive-and-administrative-assistant-bishkek-kyrgyzstan-n-ppsa6-at-un-women-4454016835,"Re-Advertisement UN Women: Executive and Administrative Assistant, Bishkek, Kyrgyzstan, N-PPSA6",UN Women,posted,2026-08-13T15:12:01.097107,1497
f296f30a65470471,https://kg.linkedin.com/jobs/view/re-advertisement-un-women-programme-analyst-bishkek-kyrgyzstan-n-ppsa9-at-un-women-4454028772,"Re-Advertisement UN Women: Programme Analyst, Bishkek, Kyrgyzstan, N-PPSA9",UN Women,posted,2026-08-13T17:04:49.996208,1499
b4289f5e7960c824,https://kg.linkedin.com/jobs/view/data-visualization-developer-mavin-at-general-dynamics-information-technology-4453688893,Data & Visualization Developer (MAVIN),General Dynamics Information Technology,posted,2026-08-13T17:05:31.852859,1501
e8348da23a684153,https://kg.linkedin.com/jobs/view/net-solution-architect-at-epam-systems-4452787321,.NET Solution Architect,EPAM Systems,posted,2026-08-13T17:06:14.698456,704
633bb7ecd44ca2db,https://kg.linkedin.com/jobs/view/lead-full-stack-engineer-ai-driven-systems-at-epam-systems-4452784414,Lead Full-Stack Engineer (AI-Driven Systems),EPAM Systems,posted,2026-08-13T17:06:39.900033,78
a21d6d63abac36bc,https://kg.linkedin.com/jobs/view/senior-lead-sap-is-retail-master-data-functional-consultant-at-epam-systems-4452787326,Senior/Lead SAP IS Retail Master Data Functional Consultant,EPAM Systems,posted,2026-08-13T17:06:48.571248,1503
1602b783b082d0b6,https://kg.linkedin.com/jobs/view/lead-ai-engineer-with-machine-learning-at-epam-systems-4452780887,Lead AI Engineer with Machine Learning,EPAM Systems,posted,2026-08-13T17:06:53.542795,334
280a3f0d3b8fd14b,https://kg.linkedin.com/jobs/view/%D1%81%D1%82%D0%B0%D1%80%D1%88%D0%B8%D0%B9-%D1%84%D0%B8%D0%BD%D0%B0%D0%BD%D1%81%D0%BE%D0%B2%D1%8B%D0%B9-%D0%B0%D0%BD%D0%B0%D0%BB%D0%B8%D1%82%D0%B8%D0%BA-senior-finance-analyst-at-itms-group-of-companies-4454059607,Старший финансовый аналитик (Senior Finance Analyst),,scraped,2026-08-13T17:07:02.140882,
9390a32e2ac99ed7,https://kg.linkedin.com/jobs/view/forward-deployed-engineer-chief-relocation-to-bulgaria-at-epam-systems-4450174597,Forward Deployed Engineer/Chief (relocation to Bulgaria),EPAM Systems,posted,2026-08-13T17:07:21.755328,1505
59c051011f808e5d,https://kg.linkedin.com/jobs/view/senior-data-software-engineer-with-databricks-dbt-data-quality-at-epam-systems-4450157797,"Senior Data Software Engineer with Databricks, dbt, Data Quality",EPAM Systems,posted,2026-08-13T17:07:29.940596,1507
4ba32234a88a8261,https://kg.linkedin.com/jobs/view/lead-data-software-engineer-with-databricks-with-apache-kafka-apache-spark-kubernetes-at-epam-systems-4450166727,"Lead Data Software Engineer with Databricks with Apache Kafka, Apache Spark, Kubernetes",EPAM Systems,posted,2026-08-13T17:07:39.785574,1509
c8f913f886b8aad4,https://kg.linkedin.com/jobs/view/%D0%B3%D0%BB%D0%B0%D0%B2%D0%BD%D1%8B%D0%B9-%D0%B1%D1%83%D1%85%D0%B3%D0%B0%D0%BB%D1%82%D0%B5%D1%80-at-frontpoint-llc-4449535493,Главный бухгалтер,,scraped,2026-08-13T20:53:20.061833,
7029dd905a673a4e,https://kg.linkedin.com/jobs/view/%D0%BF%D1%80%D0%B5%D0%BF%D0%BE%D0%B4%D0%B0%D0%B2%D0%B0%D1%82%D0%B5%D0%BB%D1%8C-%D1%80%D0%BE%D0%B1%D0%BE%D1%82%D0%BE%D1%82%D0%B5%D1%85%D0%BD%D0%B8%D0%BA%D0%B8-%D0%BC%D0%B5%D1%82%D0%BE%D0%B4%D0%B8%D1%81%D1%82-%D0%B7%D0%B0%D0%BC%D0%B5%D1%81%D1%82%D0%B8%D1%82%D0%B5%D0%BB%D1%8C-%D0%B4%D0%B8%D1%80%D0%B5%D0%BA%D1%82%D0%BE%D1%80%D0%B0-%D0%B3-%D1%8F%D1%80%D0%BE%D1%81%D0%BB%D0%B0%D0%B2%D0%BB%D1%8C-%D1%80%D0%BF-%D0%BD%D0%B5%D0%BA%D1%80%D0%B0%D1%81%D0%BE%D0%B2%D1%81%D0%BA%D0%BE%D0%B5-at-%D0%B7%D0%B0%D0%BD%D0%B8%D0%BC%D0%B0%D1%82%D0%B5%D0%BB%D1%8C%D0%BD%D0%B0%D1%8F-%D1%80%D0%BE%D0%B1%D0%BE%D1%82%D0%BE%D1%82%D0%B5%D1%85%D0%BD%D0%B8%D0%BA%D0%B0-4454040564,"Преподаватель робототехники, методист, заместитель директора, г. Ярославль, рп Некрасовское",Занимательная робототехника,posted,2026-08-13T20:53:45.392515,1511
28045bfeac243f5e,https://kg.linkedin.com/jobs/view/blender-specialist-at-sme-careers-4452652220,Blender Specialist,SME Careers,posted,2026-08-13T20:54:02.199872,1513
af40487e3ca289e3,https://kg.linkedin.com/jobs/view/senior-knowledge-management-support-specialist-at-epam-systems-4452781717,Senior Knowledge Management Support Specialist,EPAM Systems,posted,2026-08-13T20:54:19.018494,786
06747e0e5269a409,https://kg.linkedin.com/jobs/view/principal-forward-deployed-ai-engineer-at-epam-systems-4452797263,Principal Forward Deployed AI Engineer,EPAM Systems,posted,2026-08-13T20:55:22.239687,1515
1581192532b84946,https://kg.linkedin.com/jobs/view/soziale-arbeit-mit-schwerpunkt-sport-naher-osten-%E2%80%A2-sozialwesen-at-coworkers-4450830530,Soziale Arbeit mit Schwerpunkt Sport - Naher Osten • Sozialwesen,,scraped,2026-08-13T22:53:17.503510,
617982e9206a377b,https://kg.linkedin.com/jobs/view/lost-on-the-prairies%3F-at-new-roots-manitoba-4452610382,Lost on the Prairies?,,scraped,2026-08-14T02:29:34.333282,
16c88e057cda9906,https://kg.linkedin.com/jobs/view/eureka-eurostars-programme-at-cortyne-4454096017,EUREKA Eurostars Programme,Cortyne,posted,2026-08-14T02:29:50.283900,1517
a157038d8dea31a5,https://kg.linkedin.com/jobs/view/prompt-engineer-at-archon-agents-4453283586,Prompt Engineer,Archon Agents,posted,2026-08-14T02:29:59.129053,1423
9cba07cff39b81e7,https://kg.linkedin.com/jobs/view/software-tester-at-idab-4454316897,Software Tester,,scraped,2026-08-14T02:30:21.678188,
3d1cf2e54313a2e2,https://kg.linkedin.com/jobs/view/issyk-kul-environmental-inspections-detect-no-contamination-after-f1h2o-races-at-global-threat-signal-4454341485,Issyk-Kul environmental inspections detect no contamination after F1H2O races,Global Threat Signal,posted,2026-08-14T05:44:00.357079,1519
936faa829acd6167,https://kg.linkedin.com/jobs/view/%D0%BF%D0%BE%D0%BC%D0%BE%D1%89%D0%BD%D0%B8%D0%BA-%D0%BC%D0%B5%D0%BD%D0%B5%D0%B4%D0%B6%D0%B5%D1%80%D0%B0-%D0%BF%D0%BE-%D1%80%D0%B0%D0%B1%D0%BE%D1%82%D0%B5-%D1%81-%D0%BC%D0%B0%D1%80%D0%BA%D0%B5%D1%82%D0%BF%D0%BB%D0%B5%D0%B9%D1%81%D0%B0%D0%BC%D0%B8-at-frontpoint-llc-4449545211,Помощник менеджера по работе с маркетплейсами,,scraped,2026-08-14T05:44:47.062710,
e2740ce8ad1f1e63,https://kg.linkedin.com/jobs/view/%D0%B4%D0%B8%D1%80%D0%B5%D0%BA%D1%82%D0%BE%D1%80-%D0%BF%D0%BE-%D0%B4%D0%B5%D0%BB%D0%BE%D0%B2%D1%8B%D0%BC-%D0%BA%D0%BE%D0%BC%D0%BC%D1%83%D0%BD%D0%B8%D0%BA%D0%B0%D1%86%D0%B8%D1%8F%D0%BC-%D0%B2-%D1%81%D1%82%D1%80%D0%BE%D0%B8%D1%82%D0%B5%D0%BB%D1%8C%D1%81%D1%82%D0%B2%D0%B5-at-frontpoint-llc-4449835405,Директор по деловым коммуникациям в строительстве,,scraped,2026-08-14T07:43:01.932096,
41e133ebe7eb3c1e,https://kg.linkedin.com/jobs/view/rig-electrician-at-atlas-nextwave-4454390084,Rig Electrician,,scraped,2026-08-14T11:05:17.112400,
f7a58a6afea6f247,https://kg.linkedin.com/jobs/view/senior-instructional-designer-contract-remote-at-infuse-4454368107,"Senior Instructional Designer (Contract, Remote)",INFUSE,posted,2026-08-14T13:22:33.108658,1521
3c729ad4cb4ecffb,https://kg.linkedin.com/jobs/view/deputy-director-nuclear-policy-regulations-at-michael-page-4454550385,Deputy Director (Nuclear Policy & Regulations),Michael Page,posted,2026-08-14T15:04:09.077662,1523
6bae9a0dc177cc49,https://kg.linkedin.com/jobs/view/%D0%B2%D0%B5%D0%B4%D1%83%D1%89%D0%B8%D0%B9-%D1%81%D0%BF%D0%B5%D1%86%D0%B8%D0%B0%D0%BB%D0%B8%D1%81%D1%82-%D0%BF%D0%BE-%D0%BA%D0%BE%D1%80%D0%BF%D0%BE%D1%80%D0%B0%D1%82%D0%B8%D0%B2%D0%BD%D0%BE%D0%B9-%D0%B1%D0%B5%D0%B7%D0%BE%D0%BF%D0%B0%D1%81%D0%BD%D0%BE%D1%81%D1%82%D0%B8-at-itms-group-of-companies-4453148093,Ведущий специалист по корпоративной безопасности,,scraped,2026-08-14T15:04:25.682253,
080fb4584526dafd,https://kg.linkedin.com/jobs/view/%D0%BC%D0%B5%D0%BD%D0%B5%D0%B4%D0%B6%D0%B5%D1%80-%D0%BF%D0%BE-%D1%80%D0%B0%D0%B1%D0%BE%D1%82%D0%B5-%D1%81-%D0%BC%D0%B0%D1%80%D0%BA%D0%B5%D1%82%D0%BF%D0%BB%D0%B5%D0%B9%D1%81%D0%B0%D0%BC%D0%B8-ozon-at-frontpoint-llc-4449526998,Менеджер по работе с маркетплейсами (Ozon),,scraped,2026-08-14T15:05:11.451780,
eb415f68ce66426c,https://kg.linkedin.com/jobs/view/senior-analyst-credit-control-premium-beverage-company-at-michael-page-4454554337,Senior Analyst - Credit Control - Premium Beverage Company,Michael Page,posted,2026-08-14T17:02:47.012920,1525
cbe070d7abe475bc,https://kg.linkedin.com/jobs/view/data-collector-at-indicators-4451071397,Data Collector,,scraped,2026-08-14T19:03:52.818143,
36efc42644d8fa62,https://kg.linkedin.com/jobs/view/engineering-head-nuclear-fuel-cycle-safety-at-michael-page-4454550383,Engineering Head (Nuclear Fuel Cycle & Safety),Michael Page,posted,2026-08-14T20:39:58.956648,1527
e4c9d6ec3a6c650c,https://kg.linkedin.com/jobs/view/mid-level-instructional-designer-contract-remote-at-infuse-4454582217,"Mid-Level Instructional Designer (Contract, Remote)",INFUSE,posted,2026-08-14T20:40:14.528213,1529
f3936f9ef177322f,https://kg.linkedin.com/jobs/view/information-assurance-analyst-at-general-dynamics-information-technology-4444419327,Information Assurance Analyst,General Dynamics Information Technology,posted,2026-08-14T22:32:51.471978,1531
bf5c31a30100072b,https://kg.linkedin.com/jobs/view/international-adoption-at-adoption-center-for-family-building-4454845144,International Adoption,Adoption Center for Family Building,posted,2026-08-15T01:40:21.004010,1383
5743b7235ac28d20,https://kg.linkedin.com/jobs/view/team-lead-learning-and-development-contract-remote-at-infuse-4454812156,"Team Lead, Learning and Development (Contract, Remote)",INFUSE,posted,2026-08-15T03:01:09.406503,1533
e300f6e39e30fe11,https://kg.linkedin.com/jobs/view/wealth-management-advisor-monaco-at-learnlux-financial-wellbeing-4451273546,"Wealth Management Advisor, Monaco",LearnLux Financial Wellbeing,posted,2026-08-15T03:01:28.215178,1535
09fa7662046ce949,https://kg.linkedin.com/jobs/view/b2b-content-writer-remote-contract-at-infuse-4454807939,"B2B Content Writer (Remote, Contract)",INFUSE,posted,2026-08-15T03:01:58.548142,1537
462c5740f6738f35,https://kg.linkedin.com/jobs/view/business-development-strategic-partnerships-manager-at-invest-globally-4453726702,Business Development & Strategic Partnerships Manager,Invest Globally,posted,2026-08-15T04:40:20.322115,1539
b50169dce0898490,https://kg.linkedin.com/jobs/view/instructional-designer-contract-remote-at-infuse-4454807618,"Instructional Designer (Contract, Remote)",INFUSE,posted,2026-08-15T04:40:53.262815,1541
acd298c3b082c2e0,https://kg.linkedin.com/jobs/view/marketing-specialist-social-media-content-at-dantepay-4451211000,Marketing Specialist (Social Media&Content),,scraped,2026-08-15T08:37:24.313418,
31e6a5e78264ce3f,https://kg.linkedin.com/jobs/view/data-enumerators%E2%80%93-mobility-tracking-matrix-mtm-at-vnu-s%C3%A9n%C3%A9gal-gambie-4453904896,Data Enumerators– Mobility Tracking Matrix (MTM),VNU Sénégal/Gambie,posted,2026-08-15T10:31:02.009880,1399
c9439eb0d12c6b08,https://kg.linkedin.com/jobs/view/%D0%BC%D0%BE%D0%BD%D1%82%D0%B0%D0%B6%D0%B5%D1%80-%D0%B2%D0%B8%D0%B4%D0%B5%D0%BE%D0%BC%D0%BE%D0%BD%D1%82%D0%B0%D0%B6%D0%B5%D1%80-%D0%BA%D1%80%D0%B5%D0%BE%D0%BC%D0%B5%D0%B9%D0%BA%D0%B5%D1%80-%D0%BA%D1%80%D0%B5%D0%B0%D1%82%D0%B8%D0%B2%D1%89%D0%B8%D0%BA-e-commers-at-frontpoint-llc-4449546224,Монтажер / Видеомонтажер / Креомейкер / Креативщик (E-commers),,scraped,2026-08-15T16:33:40.121983,
0e840f44919e42e3,https://kg.linkedin.com/jobs/view/comsec-ekms-manager-qatar-at-general-dynamics-information-technology-4455121599,COMSEC/EKMS Manager Qatar,General Dynamics Information Technology,posted,2026-08-15T16:34:07.770658,1543
f520b3fb19cb10a7,https://kg.linkedin.com/jobs/view/power-platform-developer-at-general-dynamics-information-technology-4455128486,Power Platform Developer,General Dynamics Information Technology,posted,2026-08-15T16:34:19.082289,1545
c87dc7593f82d4cd,https://kg.linkedin.com/jobs/view/%D0%B4%D0%BE%D0%BC%D1%80%D0%B0%D0%B1%D0%BE%D1%82%D0%BD%D0%B8%D1%86%D0%B0-%D1%81-%D0%BF%D1%80%D0%BE%D0%B6%D0%B8%D0%B2%D0%B0%D0%BD%D0%B8%D0%B5%D0%BC-%D0%B2-%D0%B7%D0%B0%D0%B3%D0%BE%D1%80%D0%BE%D0%B4%D0%BD%D1%8B%D0%B9-%D0%B4%D0%BE%D0%BC-at-pomogatel-ru-4453956036,Домработница с проживанием в загородный дом,,scraped,2026-08-15T18:39:20.211520,
9610f57dc1413f0a,https://kg.linkedin.com/jobs/view/%D0%BD%D0%B0%D1%87%D0%B0%D0%BB%D1%8C%D0%BD%D0%B8%D0%BA-%D0%BE%D1%82%D0%B4%D0%B5%D0%BB%D0%B0-%D0%BA%D0%B0%D0%B4%D1%80%D0%BE%D0%B2-at-%D0%BE%D1%81%D0%BE%D0%BE-%D0%BA%D0%B0%D0%BD%D1%82-%D1%82%D1%88%D0%BF-4450706710,Начальник отдела кадров,"ОсОО ""Кант ТШП""",failed|wp_post_failed,2026-08-15T20:31:02.549771,
7413e502fe2a0eb5,https://kg.linkedin.com/jobs/view/%D0%B1%D0%BB%D0%B0%D0%B3%D0%BE%D1%83%D1%81%D1%82%D1%80%D0%BE%D0%B9%D1%81%D1%82%D0%B2%D0%BE-%D1%83%D0%BA%D0%BB%D0%B0%D0%B4%D0%BA%D0%B0-%D1%82%D1%80%D0%BE%D1%82%D1%83%D0%B0%D1%80%D0%BD%D0%BE%D0%B9-%D0%BF%D0%BB%D0%B8%D1%82%D0%BA%D0%B8-at-kufar-4455135203,Благоустройство укладка тротуарной плитки,,scraped,2026-08-15T22:29:57.783401,
97c6eb550e705ba9,https://kg.linkedin.com/jobs/view/soziale-arbeit-mit-schwerpunkt-sport-naher-osten-%E2%80%A2-sozialwesen-at-coworkers-4451746863,Soziale Arbeit mit Schwerpunkt Sport - Naher Osten • Sozialwesen,,scraped,2026-08-15T22:30:41.141976,
fdacd408a6b50f9f,https://kg.linkedin.com/jobs/view/everything-you-need-to-know-about-international-marketing-at-sup-de-pub-4455147620,Everything you need to know about international marketing,Sup de Pub,posted,2026-08-16T03:07:41.822839,1439
204a75af5e8036cb,https://kg.linkedin.com/jobs/view/%D0%BD%D1%8F%D0%BD%D1%8F-%D0%BC%D0%B0%D0%BB%D1%8C%D1%87%D0%B8%D0%BA-1%D0%B3%D0%BE%D0%B4-at-pomogatel-ru-4453982497,"Няня, мальчик 1год",,scraped,2026-08-16T06:51:26.222388,
fa11598dae422e7e,https://kg.linkedin.com/jobs/view/strategic-communications-manager-at-dt-global-4454203129,Strategic Communications Manager,DT Global,posted,2026-08-16T16:34:37.000436,1547
ca976f50d7daf0ee,https://kg.linkedin.com/jobs/view/climate-change-policy-manager-at-dt-global-4454206113,Climate Change Policy Manager,DT Global,posted,2026-08-16T16:34:45.670870,1549
32ddb5f65058b97d,https://kg.linkedin.com/jobs/view/%D1%81%D0%B8%D0%B4%D0%B5%D0%BB%D0%BA%D0%B0-%D0%BF%D0%BE%D0%BC%D0%BE%D1%89%D0%BD%D0%B8%D1%86%D0%B0-%D0%BF%D0%BE-%D0%B4%D0%BE%D0%BC%D1%83-at-pomogatel-ru-4454206289,Сиделка-помощница по дому,,scraped,2026-08-16T18:38:28.239963,
4f54999a49b0fd70,https://kg.linkedin.com/jobs/view/senior-client-solutions-manager-%E2%80%93-large-customers-international-hebrew-linkedin-marketing-solutions-at-bullpen-capital-4452205051,Senior Client Solutions Manager – Large Customers International (Hebrew) - LinkedIn Marketing Solutions,Bullpen Capital,posted,2026-08-16T18:39:12.643290,1551
9c224b91b4314064,https://kg.linkedin.com/jobs/view/international-adoption-at-adoption-center-for-family-building-4455214652,International Adoption,Adoption Center for Family Building,posted,2026-08-17T01:44:24.588400,1383
a1412f57ff830a81,https://kg.linkedin.com/jobs/view/agreements-manager-at-dt-global-4454234515,Agreements Manager,DT Global,posted,2026-08-17T03:07:21.677547,1553
c574c52c5acc92f6,https://kg.linkedin.com/jobs/view/partnerships-lead-at-dt-global-4453998163,Partnerships Lead,DT Global,posted,2026-08-17T04:52:42.477420,1555
358e0dbf90b7255c,https://kg.linkedin.com/jobs/view/akamai-security-expert-at-epam-systems-4453795266,Akamai Security Expert,EPAM Systems,posted,2026-08-17T07:09:09.046778,148
326412b160b43880,https://kg.linkedin.com/jobs/view/software-engineer-internal-tools-hr-automation-at-salmon-group-ltd-4454246134,Software Engineer (Internal Tools & HR Automation),,scraped,2026-08-17T12:58:46.267322,
38b9e5961f73f55f,https://kg.linkedin.com/jobs/view/national-consultant-digital-health-technical-integration-support-at-world-health-organization-4455255871,National Consultant - Digital Health Technical Integration Support,,scraped,2026-08-17T12:59:00.030346,
fe1b5f65d4984e75,https://kg.linkedin.com/jobs/view/configuration-management-analyst-at-general-dynamics-information-technology-4455316174,Configuration Management Analyst,General Dynamics Information Technology,posted,2026-08-17T16:36:04.355804,1557
61fcc6f558216fc9,https://kg.linkedin.com/jobs/view/customer-service-specialist-at-xm-4452252332,Customer Service Specialist,XM,posted,2026-08-17T16:36:34.392344,1559
1d9ae94939062f84,https://kg.linkedin.com/jobs/view/ports-and-shipping-specialist-at-ntu-international-a-s-4455320753,Ports and Shipping Specialist,,scraped,2026-08-17T22:32:36.316288,
72411c6e8e0de042,https://kg.linkedin.com/jobs/view/project-manager-middle%2B-at-secreate-io-4453956328,Project Manager [Middle+],,scraped,2026-08-17T22:33:01.850777,
7ebd21cdd1414e0b,https://kg.linkedin.com/jobs/view/senior-project-manager-remote-contract-at-infuse-4455382150,"Senior Project Manager (Remote, Contract)",INFUSE,posted,2026-08-18T01:41:29.440510,546
1221c8e7356fd5d7,https://kg.linkedin.com/jobs/view/%D0%BC%D0%BB%D0%B0%D0%B4%D1%88%D0%B8%D0%B9-%D0%BC%D0%B5%D0%BD%D0%B5%D0%B4%D0%B6%D0%B5%D1%80-%D0%BF%D0%BE-%D1%80%D0%B0%D0%B1%D0%BE%D1%82%D0%B5-%D1%81-%D0%BA%D0%BB%D1%8E%D1%87%D0%B5%D0%B2%D1%8B%D0%BC%D0%B8-%D0%BA%D0%BB%D0%B8%D0%B5%D0%BD%D1%82%D0%B0%D0%BC%D0%B8-at-splat-global-4341390336,Младший менеджер по работе с ключевыми клиентами,,scraped,2026-08-18T03:06:33.755675,
812e086f7108663b,https://kg.linkedin.com/jobs/view/soziale-arbeit-mit-schwerpunkt-sport-naher-osten-%E2%80%A2-sozialwesen-at-coworkers-4452509214,Soziale Arbeit mit Schwerpunkt Sport - Naher Osten • Sozialwesen,,scraped,2026-08-18T03:06:57.172137,
d7467fadf45e40ff,https://kg.linkedin.com/jobs/view/%D1%81%D0%B8%D1%81%D1%82%D0%B5%D0%BC%D0%BD%D1%8B%D0%B9-%D0%B1%D0%B8%D0%B7%D0%BD%D0%B5%D1%81-%D0%B0%D0%BD%D0%B0%D0%BB%D0%B8%D1%82%D0%B8%D0%BA-%D1%81%D0%B5%D0%BA%D1%82%D0%BE%D1%80%D0%B0-%D1%80%D0%B0%D0%B7%D0%B2%D0%B8%D1%82%D0%B8%D1%8F-crm-%D1%81%D0%B8%D1%81%D1%82%D0%B5%D0%BC%D1%8B-at-bakai-bank-4455577249,Системный/Бизнес аналитик Сектора развития CRM-системы,,scraped,2026-08-18T04:43:16.108889,
4906cd2eed6951f8,https://kg.linkedin.com/jobs/view/international-school-teacher-at-ilim-nur-4444523752,INTERNATIONAL SCHOOL TEACHER,Ilim-Nur,posted,2026-08-18T06:55:08.121024,1561
bb7e7938ff741415,https://kg.linkedin.com/jobs/view/national-forestry-specialist-at-fao-4452297245,National Forestry Specialist,,scraped,2026-08-18T06:55:22.839953,
2fe6605e4d872993,https://kg.linkedin.com/jobs/view/%D0%BC%D0%B5%D0%BD%D0%B5%D0%B4%D0%B6%D0%B5%D1%80-%D0%BF%D0%BE-%D1%80%D0%B0%D0%B1%D0%BE%D1%82%D0%B5-%D1%81-%D0%BA%D0%BB%D0%B8%D0%B5%D0%BD%D1%82%D0%B0%D0%BC%D0%B8-at-frontpoint-llc-4450473275,Менеджер по работе с клиентами,,scraped,2026-08-18T08:45:44.821239,
514338045f381d03,https://kg.linkedin.com/jobs/view/%D0%B2%D0%B5%D0%B4%D1%83%D1%89%D0%B8%D0%B9-%D1%81%D0%BF%D0%B5%D1%86%D0%B8%D0%B0%D0%BB%D0%B8%D1%81%D1%82-%D0%BF%D0%BE-%D0%B8%D0%BD%D1%84%D0%BE%D1%80%D0%BC%D0%B0%D1%86%D0%B8%D0%BE%D0%BD%D0%BD%D0%BE%D0%B9-%D0%B1%D0%B5%D0%B7%D0%BE%D0%BF%D0%B0%D1%81%D0%BD%D0%BE%D1%81%D1%82%D0%B8-at-%C2%ABksb-commercial-bank%C2%BB-cjsc-4452223694,Ведущий специалист по информационной безопасности,,scraped,2026-08-18T10:36:25.595401,
0f57b183c7badf89,https://kg.linkedin.com/jobs/view/cybersecurity-auditor-at-general-dynamics-information-technology-4446124620,CyberSecurity Auditor,General Dynamics Information Technology,posted,2026-08-18T10:36:46.222028,1563
d9d633bf5ddbe9be,https://kg.linkedin.com/jobs/view/production-engineer-at-coca-cola-cci-4452587508,Production Engineer,Coca-Cola İçecek,posted,2026-08-18T10:37:32.825663,1565
925319bac194528c,https://kg.linkedin.com/jobs/view/%D0%BD%D1%8F%D0%BD%D1%8F-%D0%B4%D0%B5%D0%B2%D0%BE%D1%87%D0%BA%D0%B5-2-%D0%B3%D0%BE%D0%B4%D0%B0-at-pomogatel-ru-4454782859,Няня девочке 2 года,,scraped,2026-08-18T18:48:54.895373,
bf3c147694bcbecf,https://kg.linkedin.com/jobs/view/head-of-finance-at-antal-international-4455734735,Head of Finance,,scraped,2026-08-18T18:49:02.402159,
5c4dcda320ca0e63,https://kg.linkedin.com/jobs/view/soziale-arbeit-mit-schwerpunkt-sport-naher-osten-%E2%80%A2-sozialwesen-at-coworkers-4452845641,Soziale Arbeit mit Schwerpunkt Sport - Naher Osten • Sozialwesen,,scraped,2026-08-18T22:32:03.580751,
48acc29b68501234,https://kg.linkedin.com/jobs/view/tactical-data-link-architecture-integration-engineer-at-general-dynamics-information-technology-4455949796,Tactical Data Link Architecture & Integration Engineer,General Dynamics Information Technology,posted,2026-08-18T22:32:30.991349,1567
0a21734b5d6be963,https://kg.linkedin.com/jobs/view/%D1%83%D0%BF%D1%80%D0%B0%D0%B2%D0%BB%D0%B5%D0%BD%D0%B8%D0%B5-%D0%BF%D1%80%D0%BE%D0%B5%D0%BA%D1%82%D0%B0%D0%BC%D0%B8-at-iprofi-it-consulting-company-4452895273,Управление проектами,,scraped,2026-08-19T04:44:35.703873,
1f7f3637010bb003,https://kg.linkedin.com/jobs/view/afb-maintenance-manager-at-twu-center-for-women-entrepreneurs-4454960312,AFB Maintenance Manager,TWU-Center for Women Entrepreneurs,posted,2026-08-19T06:55:28.012959,1569
ae29e81904c20028,https://kg.linkedin.com/jobs/view/kg-human-resources-manager-at-mta-solutions-global-4454975268,KG_Human Resources Manager,MTA Solutions Global,posted,2026-08-19T08:46:20.694268,1571
5a2bbf6ab7f6eab5,https://kg.linkedin.com/jobs/view/operations-manager-at-muk-4454980505,Operations Manager,,scraped,2026-08-19T10:35:44.111684,
adfe3c51b8857482,https://kg.linkedin.com/jobs/view/data-engineer-at-salmon-group-ltd-4454754480,Data Engineer,,scraped,2026-08-19T10:36:04.036103,
0b9e7aadbf7e9c69,https://kg.linkedin.com/jobs/view/freelance-english-to-kyrgyz-subtitle-translator-at-iyuno-4454967789,Freelance English to Kyrgyz Subtitle Translator,Iyuno,posted,2026-08-19T10:36:33.231106,286
d89842549fe70d32,https://kg.linkedin.com/jobs/view/national-project-coordinator-at-fao-4452815038,National Project Coordinator,,scraped,2026-08-19T10:36:39.794218,
b1d2a839dffa49a5,https://kg.linkedin.com/jobs/view/irandau-2025-international-symposium-of-social-sciences-management-science-technology-at-14th-malaysian-symposium-of-biomedical-science-4455542012,"iRANDAU 2025 : INTERNATIONAL SYMPOSIUM OF SOCIAL SCIENCES, MANAGEMENT, SCIENCE & TECHNOLOGY",,scraped,2026-08-19T10:36:46.226722,
7f7363e1268ee420,https://kg.linkedin.com/jobs/view/country-manager-insurtech-fintech-at-michael-page-4456168448,Country Manager (Insurtech/Fintech),Michael Page,posted,2026-08-19T13:00:06.634441,1573
f102fc4e9a9a696d,https://kg.linkedin.com/jobs/view/database-analyst-principal-ramstein-at-general-dynamics-information-technology-4456166690,DATABASE ANALYST PRINCIPAL-Ramstein,General Dynamics Information Technology,posted,2026-08-19T13:00:26.943103,1575
2d42d983924d30ac,https://kg.linkedin.com/jobs/view/marketing-officer-campaigns-at-swansea-university-prifysgol-abertawe-4455447021,MARKETING OFFICER - CAMPAIGNS,Swansea University / Prifysgol Abertawe,posted,2026-08-19T20:36:34.945585,1577
b7e55d0748b3280e,https://kg.linkedin.com/jobs/view/soziale-arbeit-mit-schwerpunkt-sport-naher-osten-%E2%80%A2-sozialwesen-at-coworkers-4453805110,Soziale Arbeit mit Schwerpunkt Sport - Naher Osten • Sozialwesen,,scraped,2026-08-19T22:32:44.381762,
85f35f0520c84ad7,https://kg.linkedin.com/jobs/view/head-of-payment-operations-at-salmon-group-ltd-4455401288,Head of Payment Operations,,scraped,2026-08-19T22:33:14.863738,
3f28fc2390619f9e,https://kg.linkedin.com/jobs/view/%D1%82%D0%B5%D0%BD%D0%B4%D0%B5%D1%80%D0%BD%D1%8B%D0%B9-%D1%81%D0%BF%D0%B5%D1%86%D0%B8%D0%B0%D0%BB%D0%B8%D1%81%D1%82-at-secreate-io-4453956328,Тендерный специалист,,scraped,2026-08-20T03:04:35.209835,
d87d61a7803f4a0e,https://kg.linkedin.com/jobs/view/program-security-representative-psr-ii-gunsan-republic-of-south-korea-at-general-dynamics-information-technology-4456402233,"Program Security Representative (PSR) II - Gunsan, Republic of South Korea",General Dynamics Information Technology,posted,2026-08-20T03:05:16.814186,1579
d8309b4440544bde,https://kg.linkedin.com/jobs/view/network-system-administrator-net-sys-admin-iii-gunsan-south-korea-at-general-dynamics-information-technology-4456333571,"Network/System Administrator (Net/Sys Admin) III - Gunsan, South Korea",General Dynamics Information Technology,posted,2026-08-20T03:05:26.028602,1581
0981974d2c2335ff,https://kg.linkedin.com/jobs/view/program-security-representative-psr-iii-gunsan-republic-of-south-korea-at-general-dynamics-information-technology-4456396335,"Program Security Representative (PSR) III - Gunsan, Republic of South Korea",General Dynamics Information Technology,posted,2026-08-20T03:05:34.872268,1583
4a45d727f37f5a88,https://kg.linkedin.com/jobs/view/head-of-card-atm-operations-at-salmon-group-ltd-4455404281,Head of Card & ATM Operations,,scraped,2026-08-20T03:05:37.454806,
da62d09fdd65b2d5,https://kg.linkedin.com/jobs/view/senior-product-design-engineer-at-duckduckgo-4455419587,Senior Product Design Engineer,DuckDuckGo,posted,2026-08-20T04:45:13.295656,1585
2e89c7f77cefd42c,https://kg.linkedin.com/jobs/view/%D0%B8%D0%BD%D0%B6%D0%B5%D0%BD%D0%B5%D1%80-%D0%BF%D1%80%D0%BE%D0%B5%D0%BA%D1%82%D0%B8%D1%80%D0%BE%D0%B2%D1%89%D0%B8%D0%BA-%D1%81%D0%B8%D1%81%D1%82%D0%B5%D0%BC-%D1%8D%D0%BB%D0%B5%D0%BA%D1%82%D1%80%D0%BE%D1%81%D0%BD%D0%B0%D0%B1%D0%B6%D0%B5%D0%BD%D0%B8%D1%8F-%D1%8D%D0%BE%D0%BC-at-frontpoint-llc-4451206133,Инженер-проектировщик систем электроснабжения (ЭОМ),,scraped,2026-08-20T04:45:15.889888,
8ba4ab3569536b26,https://kg.linkedin.com/jobs/view/analyst-banking-at-ebrd-4456315627,"Analyst, Banking",,scraped,2026-08-20T04:45:23.886384,
7f01d272ada3a8a6,https://kg.linkedin.com/jobs/view/personal-assistant-at-puffy-4453436248,Personal Assistant,Puffy,posted,2026-08-20T04:45:36.835452,922
925cfd4ec21944ba,https://kg.linkedin.com/jobs/view/senior-manager-customer-care-operations-at-tandem-diabetes-care-international-4456165380,"Senior Manager, Customer Care Operations",,scraped,2026-08-20T04:45:41.496575,
af603f89d9625018,https://kg.linkedin.com/jobs/view/%D1%81%D0%B8%D0%B4%D0%B5%D0%BB%D0%BA%D0%B0-%D1%83%D1%85%D0%BE%D0%B4-%D0%B7%D0%B0-%D0%BF%D0%BE%D0%B6%D0%B8%D0%BB%D1%8B%D0%BC-%D1%87%D0%B5%D0%BB%D0%BE%D0%B2%D0%B5%D0%BA%D0%BE%D0%BC-at-pomogatel-ru-4455610459,"Сиделка, уход за пожилым человеком",,scraped,2026-08-20T06:56:39.810041,
8555d5111095da63,https://kg.linkedin.com/jobs/view/overseas-market-manager-international-market-manager-at-weichai-power-co-ltd-4455614969,Overseas Market Manager / International Market Manager,"Weichai Power Co., Ltd",posted,2026-08-20T08:49:58.945661,1587
f87423229d166fbc,https://kg.linkedin.com/jobs/view/operations-manager-iad-at-the-inland-group-of-companies-4455452342,Operations Manager - IAD,,scraped,2026-08-20T10:39:04.704886,
8588a4139545f698,https://kg.linkedin.com/jobs/view/cis-lawyer-at-people-solutions-vn-4454980244,CIS Lawyer,People Solutions VN,posted,2026-08-20T10:39:22.687269,962
d304559e159aa8ff,https://kg.linkedin.com/jobs/view/administrateur-de-comptes-bilingue-bilingual-account-administrator-montr%C3%A9al-quebec-canada-at-claimspro-lp-4455478726,"Administrateur de comptes bilingue / Bilingual Account Administrator - Montréal, Quebec, Canada",,scraped,2026-08-20T10:39:33.307750,
a7e5370ea9d56450,https://kg.linkedin.com/jobs/view/product-marketing-manager-prediction-markets-at-improbable-4435648802,"Product Marketing Manager, Prediction Markets",,scraped,2026-08-20T18:49:57.456510,
cdb50ff6f90163bd,https://kg.linkedin.com/jobs/view/product-marketing-manager-dex-at-improbable-4435656665,"Product Marketing Manager, DEX",,scraped,2026-08-20T18:50:04.495574,
10751792a62b94c0,https://kg.linkedin.com/jobs/view/railways-specialist-at-ntu-international-a-s-4456758565,Railways Specialist,,scraped,2026-08-20T18:50:42.997494,
c1aee73b30fe228a,https://kg.linkedin.com/jobs/view/systems-engineer-administrator-windows-at-general-dynamics-information-technology-4457012181,Systems Engineer/Administrator - Windows,General Dynamics Information Technology,posted,2026-08-20T22:35:39.647163,1589
59fd4554eed78725,https://kg.linkedin.com/jobs/view/%D0%BC%D0%B5%D0%BD%D0%B5%D0%B4%D0%B6%D0%B5%D1%80-it-%D0%BF%D1%80%D0%BE%D0%B5%D0%BA%D1%82%D0%BE%D0%B2-at-itms-group-of-companies-4457079096,Менеджер IT-проектов,,scraped,2026-08-21T04:47:16.212166,
ad8ba359ed95b10b,https://kg.linkedin.com/jobs/view/international-audio-video-remote-afghani-dari-interpreter-at-language-services-associates-4456050153,International Audio/Video Remote Afghani/Dari Interpreter,Language Services Associates,posted,2026-08-21T04:48:00.807155,1591
5741075abb600bc2,https://kg.linkedin.com/jobs/view/%D0%B4%D0%B8%D0%B7%D0%B0%D0%B9%D0%BD%D0%B5%D1%80-%D0%BC%D0%B5%D0%B1%D0%B5%D0%BB%D0%B8-%D0%BA%D0%BE%D1%80%D0%BF%D1%83%D1%81%D0%BD%D0%B0%D1%8F-%D0%B8-%D0%B2%D1%81%D1%82%D1%80%D0%BE%D0%B5%D0%BD%D0%BD%D0%B0%D1%8F-%D0%BC%D0%B5%D0%B1%D0%B5%D0%BB%D1%8C-at-frontpoint-llc-4454188361,Дизайнер мебели (корпусная и встроенная мебель),,scraped,2026-08-21T08:49:54.395028,
1b5a1aad910c74ef,https://kg.linkedin.com/jobs/view/accounts-analyst-at-agrocorp-international-4457315342,Accounts Analyst,,scraped,2026-08-21T10:37:38.383202,
03119009ec5a9a6c,https://kg.linkedin.com/jobs/view/vdi-engineer-ramstein-at-general-dynamics-information-technology-4457313042,VDI Engineer - Ramstein,General Dynamics Information Technology,posted,2026-08-21T10:38:27.912946,1593
c07ce8988539bbba,https://kg.linkedin.com/jobs/view/junior-integration-launch-specialist-at-emerging-travel-group-4457303684,Junior Integration Launch Specialist,Emerging Travel Group,posted,2026-08-21T13:01:27.063249,1595
45589ecae948fe1a,https://kg.linkedin.com/jobs/view/senior-security-test-engineer-a2a-at-epam-systems-4456075352,"Senior Security & Test Engineer, A2A",EPAM Systems,posted,2026-08-21T13:01:38.023440,1597
e1d7c950828b25d6,https://kg.linkedin.com/jobs/view/sofcom-business-relationship-manager-at-general-dynamics-information-technology-4457097967,SOFCOM Business Relationship Manager,General Dynamics Information Technology,posted,2026-08-21T14:44:01.036622,1599
8e54eac6169464ae,https://kg.linkedin.com/jobs/view/%D0%B8%D0%BD%D0%B6%D0%B5%D0%BD%D0%B5%D1%80-%D0%BA%D0%BE%D0%BD%D1%81%D1%82%D1%80%D1%83%D0%BA%D1%82%D0%BE%D1%80-at-m-konstruktor-4454639900,Инженер-конструктор,M-Konstruktor,posted,2026-08-21T16:42:11.325402,1601
d4298b450a1f8036,https://kg.linkedin.com/jobs/view/%D1%81%D1%82%D0%B0%D1%80%D1%88%D0%B8%D0%B9-%D1%84%D0%B8%D0%BD%D0%B0%D0%BD%D1%81%D0%BE%D0%B2%D1%8B%D0%B9-%D0%B0%D0%BD%D0%B0%D0%BB%D0%B8%D1%82%D0%B8%D0%BA-senior-finance-analyst-at-itms-group-of-companies-4457357455,Старший финансовый аналитик (Senior Finance Analyst),,scraped,2026-08-21T18:47:33.757054,
84278c81be0e102e,https://kg.linkedin.com/jobs/view/regional-marketing-manager-at-xm-4454182401,Regional Marketing Manager,XM,posted,2026-08-21T20:33:06.184892,144
3520c32e36397050,https://kg.linkedin.com/jobs/view/field-service-representative-at-general-dynamics-information-technology-4457520423,Field Service Representative,General Dynamics Information Technology,posted,2026-08-21T22:31:57.673297,454
6429bd11e0086710,https://kg.linkedin.com/jobs/view/%D1%81%D0%BF%D0%B5%D1%86%D0%B8%D0%B0%D0%BB%D0%B8%D1%81%D1%82-%D0%BF%D0%BE-%D0%BE%D1%80%D0%B3%D0%B0%D0%BD%D0%B8%D0%B7%D0%B0%D1%86%D0%B8%D0%B8-%D0%BC%D1%83%D0%BB%D1%8C%D1%82%D0%B8%D0%BC%D0%BE%D0%B4%D0%B0%D0%BB%D1%8C%D0%BD%D1%8B%D1%85-%D0%BF%D0%B5%D1%80%D0%B5%D0%B2%D0%BE%D0%B7%D0%BE%D0%BA-%D1%8D%D0%BA%D1%81%D0%BF%D0%B5%D0%B4%D0%B8%D1%82%D0%BE%D1%80-at-frontpoint-llc-4454666632,Специалист по организации мультимодальных перевозок (Экспедитор),,scraped,2026-08-21T22:32:26.198477,
5bb99d98e76d45de,https://kg.linkedin.com/jobs/view/backend-%D1%80%D0%B0%D0%B7%D1%80%D0%B0%D0%B1%D0%BE%D1%82%D1%87%D0%B8%D0%BA-node-nest-js-at-frontpoint-llc-4454658738,Backend-разработчик(Node-Nest.js),,scraped,2026-08-21T22:32:43.153008,
17c37c12ce61d4e8,https://kg.linkedin.com/jobs/view/it-project-manager-at-general-dynamics-information-technology-4457525371,IT Project Manager,General Dynamics Information Technology,posted,2026-08-21T22:33:00.108697,1603
bf768cf2870fbc16,https://kg.linkedin.com/jobs/view/information-systems-security-officer-isso-iii-lakenheath-uk-at-general-dynamics-information-technology-4446174670,"Information Systems Security Officer (ISSO) III - Lakenheath, UK",General Dynamics Information Technology,posted,2026-08-21T22:33:13.744834,1605
d59d24a7ebaeef63,https://kg.linkedin.com/jobs/view/soziale-arbeit-mit-schwerpunkt-sport-naher-osten-%E2%80%A2-sozialwesen-at-coworkers-4454667890,Soziale Arbeit mit Schwerpunkt Sport - Naher Osten • Sozialwesen,,scraped,2026-08-22T01:39:40.033520,
cfbb47d2b37cb6c1,https://kg.linkedin.com/jobs/view/senior-devops-engineer-aws-at-epam-systems-4456615841,"Senior DevOps Engineer, AWS",EPAM Systems,posted,2026-08-22T04:40:55.368735,990
44d111ba896260e6,https://kg.linkedin.com/jobs/view/g4s-s%C3%B8ger-sikkerhedsvagter-til-patrulje-i-aalborg-%E2%80%93-er-du-klar-p%C3%A5-en-aktiv-og-udfordrende-arbejdsdag%3F-at-g4s-4457560500,G4S søger Sikkerhedsvagter til Patrulje i Aalborg – Er du klar på en aktiv og udfordrende arbejdsdag?,G4S,posted,2026-08-22T04:41:42.653465,1607
30ea677c8554740c,https://kg.linkedin.com/jobs/view/prompt-engineer-at-archon-agents-4456610256,Prompt Engineer,Archon Agents,posted,2026-08-22T06:51:37.793311,1423
f8d8a8f59f25c77e,https://kg.linkedin.com/jobs/view/%D0%BA%D0%BE%D0%BD%D1%82%D0%B5%D0%BD%D1%82-%D0%BA%D1%80%D0%B5%D0%B0%D1%82%D0%BE%D1%80-smm-%D1%81%D0%BF%D0%B5%D1%86%D0%B8%D0%B0%D0%BB%D0%B8%D1%81%D1%82-at-frontpoint-llc-4454651501,Контент-креатор / SMM специалист,,scraped,2026-08-22T08:38:55.998663,
59be82556c31819a,https://kg.linkedin.com/jobs/view/%D0%BC%D0%B5%D0%BD%D0%B5%D0%B4%D0%B6%D0%B5%D1%80-%D0%BF%D0%BE-%D0%BF%D1%80%D0%BE%D0%B4%D0%B0%D0%B6%D0%B0%D0%BC-at-frontpoint-llc-4455013883,Менеджер по продажам,,scraped,2026-08-22T08:39:43.331824,
80178bc4640cbc70,https://kg.linkedin.com/jobs/view/vdi-engineer-ramstein-at-general-dynamics-information-technology-4457301404,VDI Engineer - Ramstein,General Dynamics Information Technology,posted,2026-08-22T12:52:32.362570,1593
330372fa5f256ef7,https://kg.linkedin.com/jobs/view/%D0%B8%D0%BD%D0%B6%D0%B5%D0%BD%D0%B5%D1%80-%D0%BF%D1%80%D0%BE%D0%B5%D0%BA%D1%82%D0%B8%D1%80%D0%BE%D0%B2%D1%89%D0%B8%D0%BA-%D1%80%D0%B0%D0%B7%D0%B4%D0%B5%D0%BB%D0%B0-%D0%B3%D0%B5%D0%BD%D0%B5%D1%80%D0%B0%D0%BB%D1%8C%D0%BD%D1%8B%D0%B9-%D0%BF%D0%BB%D0%B0%D0%BD-%D0%B3%D0%BF-at-frontpoint-llc-4454195207,"Инженер-проектировщик раздела ""Генеральный план"" (ГП)",,scraped,2026-08-22T14:28:27.815861,
69ba3439b2bebd78,https://kg.linkedin.com/jobs/view/%D1%81%D1%82%D0%B0%D1%80%D1%88%D0%B8%D0%B9-%D0%BC%D0%B5%D0%BD%D0%B5%D0%B4%D0%B6%D0%B5%D1%80-%D0%BF%D0%BE-%D0%B7%D0%B0%D0%BA%D1%83%D0%BF%D0%BA%D0%B0%D0%BC-at-itms-group-of-companies-4457362508,Старший менеджер по закупкам,,scraped,2026-08-22T14:29:13.572140,
b5f412cb253e57ee,https://kg.linkedin.com/jobs/view/water-pump-station-operator-at-kingston-police-department-massachusetts-4457808934,Water Pump Station Operator,"Kingston Police Department, Massachusetts",posted,2026-08-22T16:32:18.666272,1609
a726730613fc2a95,https://kg.linkedin.com/jobs/view/%D0%BD%D1%8F%D0%BD%D1%8F-%D0%BA-%D0%BC%D0%B0%D0%BB%D1%8C%D1%87%D0%B8%D0%BA%D1%83-3-%D1%85-%D0%BB%D0%B5%D1%82-at-pomogatel-ru-4456651703,Няня к мальчику 3-х лет,,scraped,2026-08-22T18:39:46.542357,
16d1b3bbdfb88c1e,https://kg.linkedin.com/jobs/view/business-development-manager-cis-global-at-libertex-group-4457078709,Business Development Manager - CIS&Global,,scraped,2026-08-22T20:30:41.262810,
c7af5b1b01b03045,https://kg.linkedin.com/jobs/view/%D0%BE%D0%BF%D0%B5%D1%80%D0%B0%D1%82%D0%BE%D1%80-%D0%BD%D0%B0%D0%BB%D0%B0%D0%B4%D1%87%D0%B8%D0%BA-at-itms-group-of-companies-4457880309,Оператор-наладчик,,scraped,2026-08-23T08:38:54.899095,
4b43f1a371ad9060,https://kg.linkedin.com/jobs/view/bangkok-monitoring-and-evaluation-officer-triangle-partnerships-at-changemaker-4457875928,"Bangkok Monitoring and Evaluation Officer, TRIANGLE Partnerships",Changemaker,posted,2026-08-23T10:31:40.180248,1611
8131acd3f71473c1,https://kg.linkedin.com/jobs/view/khartoum-national-project-officer-skills-development-at-changemaker-4457893850,Khartoum National Project Officer Skills Development,Changemaker,posted,2026-08-23T10:31:49.470327,1613
3f8b9dd8e4275f0e,https://kg.linkedin.com/jobs/view/prompt-engineer-at-archon-agents-4456824220,Prompt Engineer,Archon Agents,posted,2026-08-23T14:30:39.393578,1423
6191fac9f7b60548,https://kg.linkedin.com/jobs/view/%D0%B8%D0%BD%D0%B6%D0%B5%D0%BD%D0%B5%D1%80-%D0%BF%D0%BE-%D0%B8%D0%BD%D1%84%D0%BE%D1%80%D0%BC%D0%B0%D1%86%D0%B8%D0%BE%D0%BD%D0%BD%D0%BE%D0%B9-%D0%B1%D0%B5%D0%B7%D0%BE%D0%BF%D0%B0%D1%81%D0%BD%D0%BE%D1%81%D1%82%D0%B8-at-itms-group-of-companies-4458142996,Инженер по информационной безопасности,,scraped,2026-08-24T04:53:46.915998,
8913a9ad990bbb05,https://kg.linkedin.com/jobs/view/%D0%BA%D0%BE%D1%80%D1%80%D0%B5%D1%81%D0%BF%D0%BE%D0%BD%D0%B4%D0%B5%D0%BD%D1%82%D1%82%D0%B8%D0%BA-%D0%BC%D0%B0%D0%BC%D0%B8%D0%BB%D0%B5%D0%BB%D0%B5%D1%80-%D0%B1%D3%A9%D0%BB%D2%AF%D0%BC%D2%AF%D0%BD%D2%AF%D0%BD-%D0%B1%D0%B0%D1%88%D0%BA%D1%8B-%D0%B0%D0%B4%D0%B8%D1%81%D0%B8-at-keremet-bank-4458169054,Корреспонденттик мамилелер бөлүмүнүн башкы адиси,KEREMET BANK,failed|wp_post_failed,2026-08-24T04:53:56.314062,
6f86dede1a60ae30,https://kg.linkedin.com/jobs/view/soziale-arbeit-mit-schwerpunkt-sport-naher-osten-%E2%80%A2-sozialwesen-at-coworkers-4455822087,Soziale Arbeit mit Schwerpunkt Sport - Naher Osten • Sozialwesen,,scraped,2026-08-24T04:54:14.811354,
2adc23c2ff7acb36,https://kg.linkedin.com/jobs/view/%D1%81%D1%82%D0%B0%D0%B6%D1%91%D1%80-%D0%B2-%D0%BE%D1%82%D0%B4%D0%B5%D0%BB-%D0%BA%D0%BE%D1%80%D0%BF%D0%BE%D1%80%D0%B0%D1%82%D0%B8%D0%B2%D0%BD%D1%8B%D1%85-%D1%84%D0%B8%D0%BD%D0%B0%D0%BD%D1%81%D0%BE%D0%B2-corporate-finance-intern-at-itms-group-of-companies-4458170022,Стажёр в отдел корпоративных финансов (Corporate Finance Intern),,scraped,2026-08-24T04:54:55.263271,
e07759859869bc56,https://kg.linkedin.com/jobs/view/%D0%BD%D1%8F%D0%BD%D1%8F-%D0%B4%D0%B5%D0%B2%D0%BE%D1%87%D0%BA%D0%B5-6-%D0%BB%D0%B5%D1%82-%D0%B8-%D0%BC%D0%B0%D0%BB%D1%8C%D1%87%D0%B8%D0%BA%D1%83-10-%D0%BB%D0%B5%D1%82-at-pomogatel-ru-4456849610,Няня девочке 6 лет и мальчику 10 лет,,scraped,2026-08-24T07:11:30.197885,
c35d9bb7246e01a2,https://kg.linkedin.com/jobs/view/%D0%BD%D1%8F%D0%BD%D1%8F-%D0%BA-%D0%BC%D0%B0%D0%BB%D1%8C%D1%87%D0%B8%D0%BA%D1%83-3-5-%D0%B3%D0%BE%D0%B4%D0%B0-%D0%B7%D0%B0%D0%B1%D0%B8%D1%80%D0%B0%D1%82%D1%8C-%D0%B8%D0%B7-%D1%81%D0%B0%D0%B4%D0%B8%D0%BA%D0%B0-at-pomogatel-ru-4456839593,"Няня к мальчику 3.5 года, забирать из садика",,scraped,2026-08-24T07:11:39.498195,
4e8905841be2fec9,https://kg.linkedin.com/jobs/view/senior-marketing-system-integrations-specialist-at-epam-systems-4456888149,Senior Marketing System Integrations Specialist,EPAM Systems,posted,2026-08-24T10:44:14.455265,710
dad7365f85c4560d,https://kg.linkedin.com/jobs/view/%D0%B3%D0%BB%D0%B0%D0%B2%D0%BD%D1%8B%D0%B9-%D1%81%D0%BF%D0%B5%D1%86%D0%B8%D0%B0%D0%BB%D0%B8%D1%81%D1%82-%D0%B3%D0%BB%D0%B0%D0%B2%D0%BD%D0%BE%D0%B3%D0%BE-%D0%BE%D0%BF%D0%B5%D1%80%D0%B0%D1%86%D0%B8%D0%BE%D0%BD%D0%BD%D0%BE%D0%B3%D0%BE-%D1%83%D0%BF%D1%80%D0%B0%D0%B2%D0%BB%D0%B5%D0%BD%D0%B8%D1%8F-at-%D0%BE%D0%B0%D0%BE-%E2%80%9C%D0%BA%D0%B0%D0%BF%D0%B8%D1%82%D0%B0%D0%BB-%D0%B1%D0%B0%D0%BD%D0%BA-%D1%86%D0%B5%D0%BD%D1%82%D1%80%D0%B0%D0%BB%D1%8C%D0%BD%D0%BE%D0%B9-%D0%B0%D0%B7%D0%B8%D0%B8%E2%80%9D-4458158941,Главный специалист Главного операционного управления,ОАО “Капитал Банк Центральной Азии”,failed|wp_post_failed,2026-08-24T10:44:50.458835,
20215bd1ab6ec8e5,https://kg.linkedin.com/jobs/view/senior-cloud-software-architect-at-michael-page-4458159886,Senior Cloud Software Architect,Michael Page,posted,2026-08-24T10:45:02.383651,1615
2d80132267608b7b,https://kg.linkedin.com/jobs/view/%D1%81%D0%BF%D0%B5%D1%86%D0%B8%D0%B0%D0%BB%D0%B8%D1%81%D1%82-%D0%BF%D0%BE-%D0%BE%D1%80%D0%B3%D0%B0%D0%BD%D0%B8%D0%B7%D0%B0%D1%86%D0%B8%D0%B8-%D0%B4%D0%BE%D1%81%D1%82%D0%B0%D0%B2%D0%BA%D0%B8-%D1%81%D0%B1%D0%BE%D1%80%D0%BD%D1%8B%D1%85-%D0%B3%D1%80%D1%83%D0%B7%D0%BE%D0%B2-%D1%8D%D0%BA%D1%81%D0%BF%D0%B5%D0%B4%D0%B8%D1%82%D0%BE%D1%80-at-frontpoint-llc-4455047265,Специалист по организации доставки сборных грузов (Экспедитор),,scraped,2026-08-24T10:45:06.908472,
b981bb51d9cffd59,https://kg.linkedin.com/jobs/view/lead-aws-devops-engineer-at-epam-systems-4456881190,Lead AWS DevOps Engineer,EPAM Systems,posted,2026-08-24T10:45:30.746209,408
fdf78b0394f84e2a,https://kg.linkedin.com/jobs/view/senior-salesforce-consultant-at-epam-systems-4456883160,Senior Salesforce Consultant,EPAM Systems,posted,2026-08-24T13:03:58.643083,564
edb3d38f20e1cdea,https://kg.linkedin.com/jobs/view/regional-expert-to-strengthen-safe-migration-hotline-services-at-iom-un-migration-4458220513,Regional Expert to Strengthen Safe Migration Hotline Services,IOM - UN Migration,posted,2026-08-24T14:51:56.245195,1617
6dfb316d728be535,https://kg.linkedin.com/jobs/view/database-administrator-at-general-dynamics-information-technology-4456166690,Database Administrator,General Dynamics Information Technology,posted,2026-08-24T18:50:50.608809,1619
125caab3a712db14,https://kg.linkedin.com/jobs/view/aviation-specialist-at-ntu-international-a-s-4458233571,Aviation Specialist,,scraped,2026-08-24T18:51:15.203158,
1af7826dc13bce00,https://kg.linkedin.com/jobs/view/trainer-on-capacity-building-for-hotline-operators-at-iom-un-migration-4458218580,Trainer on Capacity Building for Hotline Operators,IOM - UN Migration,posted,2026-08-24T18:51:35.692664,1621
ab7261686fa4a396,https://kg.linkedin.com/jobs/view/%D1%81%D0%B8%D0%B4%D0%B5%D0%BB%D0%BA%D0%B0-%D0%BF%D0%BE%D0%BC%D0%BE%D1%89%D0%BD%D0%B8%D1%86%D0%B0-%D0%B4%D0%BB%D1%8F-%D0%BF%D0%BE%D0%B6%D0%B8%D0%BB%D0%BE%D0%B9-%D0%B6%D0%B5%D0%BD%D1%89%D0%B8%D0%BD%D1%8B-%D0%BE%D0%B1%D1%81%D0%BB%D1%83%D0%B6%D0%B8%D0%B2%D0%B0%D0%B5%D1%82-%D1%81%D0%B5%D0%B1%D1%8F-at-pomogatel-ru-4457145022,Сиделка-помощница для пожилой женщины ( обслуживает себя...,,scraped,2026-08-24T18:51:40.120176,
b081ba51094c311a,https://kg.linkedin.com/jobs/view/java-development-trainee-at-epam-systems-4456865444,Java Development Trainee,EPAM Systems,posted,2026-08-24T22:35:09.156699,640
8535c50347e67ee3,https://kg.linkedin.com/jobs/view/transport-economist-at-yooshin-engineering-corporation-4458577035,Transport Economist,,scraped,2026-08-25T03:06:38.618517,
635a56a577a81879,https://kg.linkedin.com/jobs/view/g4s-s%C3%B8ger-butiksdetektiver-i-k%C3%B8benhavn-at-g4s-4458570174,G4S søger Butiksdetektiver i København.,G4S,posted,2026-08-25T03:07:51.683115,1623
6df68f1b1ee814ba,https://kg.linkedin.com/jobs/view/senior-azure-cloud-engineer-at-epam-systems-4457422034,Senior Azure Cloud Engineer,EPAM Systems,posted,2026-08-25T04:46:26.495067,1457
b54a646bffb9e0b9,https://kg.linkedin.com/jobs/view/project-manager-middle%2B-at-secreate-io-4456812858,Project Manager [Middle+],,scraped,2026-08-25T04:46:53.055906,
4e493087cc18e24a,https://kg.linkedin.com/jobs/view/network-support-technician-intermediate-ts-sci-required-at-general-dynamics-information-technology-4458165956,Network Support Technician - Intermediate - TS/SCI Required,General Dynamics Information Technology,posted,2026-08-25T04:47:27.582935,1625
2356674a6ba892a3,https://kg.linkedin.com/jobs/view/forward-deployed-engineer-chief-role-relocation-to-lithuania-at-epam-systems-4457415368,Forward Deployed Engineer/Chief role (relocation to Lithuania),EPAM Systems,posted,2026-08-25T04:47:46.749566,1475
caf46f391eee543d,https://kg.linkedin.com/jobs/view/automated-testing-in-net-trainee-at-epam-systems-4456871216,Automated Testing in .NET Trainee,EPAM Systems,posted,2026-08-25T04:47:53.541826,402
983d9089938a3656,https://kg.linkedin.com/jobs/view/%D0%BE%D0%BF%D0%B5%D1%80%D0%B0%D1%82%D0%BE%D1%80-%D0%BD%D0%B0%D0%BB%D0%B0%D0%B4%D1%87%D0%B8%D0%BA-at-itms-group-of-companies-4458580623,Оператор-наладчик,,scraped,2026-08-25T06:58:53.827950,
3fce083ca053109e,https://kg.linkedin.com/jobs/view/senior-data-software-engineer-with-apache-airflow-databricks-at-epam-systems-4457409925,"Senior Data Software Engineer with Apache Airflow, Databricks",EPAM Systems,posted,2026-08-25T06:59:14.397254,1459
cad05970555a6227,https://kg.linkedin.com/jobs/view/international-engagement-support-at-zdeno-solutions-llc-4458595901,International Engagement Support,"Zdeno Solutions, LLC",posted,2026-08-25T08:51:26.355244,1627
05a7727c2718c143,https://kg.linkedin.com/jobs/view/assistant-manager-member-experience-at-woodruff-arts-ctr-14th-st-4456565386,"Assistant Manager, Member Experience",Woodruff Arts Ctr 14th St,posted,2026-08-25T08:51:46.634671,1629
2ab46a9cba32cf84,https://kg.linkedin.com/jobs/view/academic-facilities-specialist-senior-photo-studio-technician-at-endless-games-and-learning-lab-4458714530,"Academic Facilities Specialist Senior, Photo Studio Technician",Endless Games and Learning Lab,posted,2026-08-25T08:51:57.005428,1631
11f8e4eda530c41a,https://kg.linkedin.com/jobs/view/country-manager-south-korea-at-michael-page-4458720463,"Country Manager, South Korea",Michael Page,posted,2026-08-25T08:52:14.351439,1633
99de987c46810bd6,https://kg.linkedin.com/jobs/view/%D1%81%D0%BF%D0%B5%D1%86%D0%B8%D0%B0%D0%BB%D0%B8%D1%81%D1%82-%D0%BF%D0%BE-%D1%81%D1%82%D1%80%D0%B0%D1%85%D0%BE%D0%B2%D0%B0%D0%BD%D0%B8%D1%8E-at-rosgosstrakh-4455897181,Специалист по страхованию,,scraped,2026-08-25T08:52:28.938533,
0526b03b02d93966,https://kg.linkedin.com/jobs/view/senior-financial-accountant-m-w-d-100%25-at-michael-page-4458289708,Senior Financial Accountant (m/w/d) 100%,Michael Page,posted,2026-08-25T08:52:45.125481,1635
040c2dee9b91440b,https://kg.linkedin.com/jobs/view/%D0%B8%D0%BD%D0%B6%D0%B5%D0%BD%D0%B5%D1%80-%D1%81%D0%B8%D1%81%D1%82%D0%B5%D0%BC-%D0%BE%D1%85%D1%80%D0%B0%D0%BD%D1%8B-at-lumi-crm-4452891139,Инженер систем охраны,Lumi.CRM,failed|wp_post_failed,2026-08-25T08:52:49.363195,
73f7640928d406c4,https://kg.linkedin.com/jobs/view/commodity-accountant-a4-at-agrocorp-international-4457319270,Commodity Accountant-A4,,scraped,2026-08-25T12:59:34.154502,
a7bb3964c947a79f,https://kg.linkedin.com/jobs/view/%D0%BC%D0%B5%D0%BD%D0%B5%D0%B4%D0%B6%D0%B5%D1%80-%D0%BF%D0%BE-%D0%BF%D1%80%D0%BE%D0%B4%D0%B0%D0%B6%D0%B0%D0%BC-at-secreate-io-4456812858,Менеджер по продажам,,scraped,2026-08-25T13:00:03.225796,
8cec0446e3a983bc,https://kg.linkedin.com/jobs/view/sales-specialist-4456591964,Sales Specialist,iTourism KG,posted,2026-08-25T14:53:52.101192,1637
7c0acddf50c73f94,https://kg.linkedin.com/jobs/view/director-m-a-project-finance-clean-energy-at-michael-page-4458756849,"Director, M&A & Project Finance - Clean Energy",Michael Page,posted,2026-08-25T14:54:03.576399,1639
1576e7ca2c6f11be,https://kg.linkedin.com/jobs/view/operat%C3%B8rer-s%C3%B8ges-til-kontrolcentral-hos-attraktiv-kunde-i-billund-at-g4s-4457571357,Operatører søges til Kontrolcentral hos attraktiv kunde i Billund,G4S,posted,2026-08-25T16:46:09.428014,1641
df0e512a94f0e1e1,https://kg.linkedin.com/jobs/view/g4s-s%C3%B8ger-service-centervagter-i-aalborg-og-hj%C3%B8rring-at-g4s-4458581025,G4S søger Service/centervagter i Aalborg og Hjørring,G4S,posted,2026-08-25T16:46:23.381030,1643
2f6ef77e185c4c30,https://kg.linkedin.com/jobs/view/%D1%81%D1%82%D0%B0%D1%80%D1%88%D0%B8%D0%B9-%D1%84%D0%B8%D0%BD%D0%B0%D0%BD%D1%81%D0%BE%D0%B2%D1%8B%D0%B9-%D0%B0%D0%BD%D0%B0%D0%BB%D0%B8%D1%82%D0%B8%D0%BA-senior-finance-analyst-at-itms-group-of-companies-4458788587,Старший финансовый аналитик (Senior Finance Analyst),,scraped,2026-08-25T16:46:40.000128,
85b7c19d7ee06e2a,https://kg.linkedin.com/jobs/view/%D1%81%D1%82%D0%B0%D1%80%D1%88%D0%B8%D0%B9-%D0%BC%D0%B5%D0%BD%D0%B5%D0%B4%D0%B6%D0%B5%D1%80-%D0%BF%D0%BE-%D0%B7%D0%B0%D0%BA%D1%83%D0%BF%D0%BA%D0%B0%D0%BC-at-itms-group-of-companies-4458773745,Старший менеджер по закупкам,,scraped,2026-08-25T16:46:48.591716,
1f0b32fa78a6cd9e,https://kg.linkedin.com/jobs/view/%D0%BA%D0%BE%D1%80%D1%80%D0%B5%D1%81%D0%BF%D0%BE%D0%BD%D0%B4%D0%B5%D0%BD%D1%82%D1%82%D0%B8%D0%BA-%D0%BC%D0%B0%D0%BC%D0%B8%D0%BB%D0%B5%D0%BB%D0%B5%D1%80-%D0%B1%D3%A9%D0%BB%D2%AF%D0%BC%D2%AF%D0%BD%D2%AF%D0%BD-%D0%B1%D0%B0%D1%88%D0%BA%D1%8B-%D0%B0%D0%B4%D0%B8%D1%81%D0%B8-at-keremet-bank-4458777841,Корреспонденттик мамилелер бөлүмүнүн башкы адиси,KEREMET BANK,failed|wp_post_failed,2026-08-25T18:49:08.083321,
a496954d320f0586,https://kg.linkedin.com/jobs/view/translator-at-llp-weichai-power-kazakhstan-4457469326,Translator,LLP Weichai Power Kazakhstan,posted,2026-08-25T18:49:23.257652,1645
95cdc8e4f381adf9,https://kg.linkedin.com/jobs/view/%D0%B8%D0%BD%D0%B6%D0%B5%D0%BD%D0%B5%D1%80-%D0%BF%D0%BE-%D0%B8%D0%BD%D1%84%D0%BE%D1%80%D0%BC%D0%B0%D1%86%D0%B8%D0%BE%D0%BD%D0%BD%D0%BE%D0%B9-%D0%B1%D0%B5%D0%B7%D0%BE%D0%BF%D0%B0%D1%81%D0%BD%D0%BE%D1%81%D1%82%D0%B8-at-itms-group-of-companies-4458782673,Инженер по информационной безопасности,,scraped,2026-08-25T18:49:39.910618,
2cbed11745c94616,https://kg.linkedin.com/jobs/view/winkelmedewerker-kassa-service-dordrecht-at-mediamarkt-nederland-4456937889,Winkelmedewerker Kassa & Service Dordrecht,MediaMarkt Nederland,posted,2026-08-25T18:50:11.020653,1647
08b6c7f6909e558e,https://kg.linkedin.com/jobs/view/verkoopmedewerker-retail-dordrecht-at-mediamarkt-nederland-4456944711,Verkoopmedewerker Retail Dordrecht,MediaMarkt Nederland,posted,2026-08-25T18:50:24.677515,1649
3a0ca51ef703b305,https://kg.linkedin.com/jobs/view/%D0%BC%D0%B5%D0%BD%D0%B5%D0%B4%D0%B6%D0%B5%D1%80-it-%D0%BF%D1%80%D0%BE%D0%B5%D0%BA%D1%82%D0%BE%D0%B2-at-itms-group-of-companies-4458789609,Менеджер IT-проектов,,scraped,2026-08-25T18:50:31.183738,
96ef09aaab49ea80,https://kg.linkedin.com/jobs/view/%D1%82%D0%BE%D1%80%D0%B3%D0%BE%D0%B2%D1%8B%D0%B9-%D0%BF%D1%80%D0%B5%D0%B4%D1%81%D1%82%D0%B0%D0%B2%D0%B8%D1%82%D0%B5%D0%BB%D1%8C-%D0%BD%D0%B0-%D0%BA%D0%BE%D1%80%D0%BF%D0%BE%D1%80%D0%B0%D1%82%D0%B8%D0%B2%D0%BD%D0%BE%D0%BC-%D0%B0%D0%B2%D1%82%D0%BE%D0%BC%D0%BE%D0%B1%D0%B8%D0%BB%D0%B5-%D0%BF%D0%B0%D0%B2%D0%B5%D0%BB%D0%B5%D1%86%D0%BA%D0%B0%D1%8F-at-itms-group-of-companies-4458577608,Торговый представитель на корпоративном автомобиле (Павелецкая),,scraped,2026-08-25T18:50:43.476105,
b804ae5b3927155d,https://kg.linkedin.com/jobs/view/epp-iii-patriot-generator-rebuild-technician-camp-arifjan-kuwait-at-general-dynamics-information-technology-4459030832,"EPP III Patriot Generator Rebuild Technician (Camp Arifjan, Kuwait)",General Dynamics Information Technology,posted,2026-08-26T01:47:11.115886,846
a503cc0011e46dd9,https://kg.linkedin.com/jobs/view/operations-coordinator-at-ecordia-eu-4458793638,Operations Coordinator,Ecordia EU,posted,2026-08-26T04:48:16.103196,1651
218bc2e2f54bf5bb,https://kg.linkedin.com/jobs/view/generator-technician-southwest-asia-secret-clearance-at-general-dynamics-information-technology-4459035771,Generator Technician (Southwest Asia) Secret Clearance,General Dynamics Information Technology,posted,2026-08-26T04:48:42.793063,964
057606e0a9723611,https://kg.linkedin.com/jobs/view/epp-iii-patriot-generator-rebuild-technician-camp-arifjan-kuwait-at-general-dynamics-information-technology-4459096710,"EPP III Patriot Generator Rebuild Technician (Camp Arifjan, Kuwait)",General Dynamics Information Technology,posted,2026-08-26T04:48:53.568913,846
5899bec9ea148c0b,https://kg.linkedin.com/jobs/view/lead-editor-remote-latam-at-tubescience-4459111988,Lead Editor | Remote - LATAM,TubeScience,posted,2026-08-26T06:59:51.114676,1653
04b3a11cf73cec9f,https://kg.linkedin.com/jobs/view/senior-devops-engineer-ms-azure-fabric-at-epam-systems-4457672641,Senior DevOps Engineer (MS Azure/Fabric),EPAM Systems,posted,2026-08-26T07:00:20.027621,892
89baca8ef045f096,https://kg.linkedin.com/jobs/view/senior-devops-engineer-aws-at-epam-systems-4457684505,"Senior DevOps Engineer, AWS",EPAM Systems,posted,2026-08-26T07:00:26.694328,990
c877cc56a4e9b0c0,https://kg.linkedin.com/jobs/view/accounting-associate-at-coca-cola-cci-4457221548,Accounting Associate,,scraped,2026-08-26T08:52:39.227255,
b5afe0e13bee408c,https://kg.linkedin.com/jobs/view/project-engineer-central-asia-at-nanolumi-4457910195,Project Engineer (Central Asia),,scraped,2026-08-26T08:52:53.401536,
beb5dbf004260940,https://kg.linkedin.com/jobs/view/principal-water-sector-policy-specialist-at-ebrd-4458766964,"Principal, Water Sector Policy Specialist",,scraped,2026-08-26T08:53:03.576310,
097769a00501f953,https://kg.linkedin.com/jobs/view/%E5%94%AE%E5%90%8E%E6%9C%8D%E5%8A%A1%E5%B7%A5%E7%A8%8B%E5%B8%88-at-%E4%B8%89%E4%B8%80%E9%87%8D%E5%B7%A5%E8%82%A1%E4%BB%BD%E6%9C%89%E9%99%90%E5%85%AC%E5%8F%B8-4457903016,售后服务工程师,三一重工股份有限公司,failed|wp_post_failed,2026-08-26T08:53:14.341431,
5ad6c2e79a1e272c,https://kg.linkedin.com/jobs/view/apply-now-at-everbright-care-ltd-4457237991,Apply now,,scraped,2026-08-26T17:01:11.227777,
8789b86ba374f904,https://kg.linkedin.com/jobs/view/generator-technician-bahrain-secret-clearance-at-general-dynamics-information-technology-4459026874,Generator Technician (Bahrain) Secret Clearance,General Dynamics Information Technology,posted,2026-08-26T17:01:58.016615,1655
436402ea3ad87300,https://kg.linkedin.com/jobs/view/directeur-general-h-f-fonds-souverain-guin%C3%A9e-at-michael-page-4459306765,DIRECTEUR GENERAL H/F - Fonds Souverain - Guinée,Michael Page,posted,2026-08-26T17:02:13.045907,1657
8f8d15f99004953c,https://kg.linkedin.com/jobs/view/systems-administrator-at-general-dynamics-information-technology-4459330088,Systems Administrator,General Dynamics Information Technology,posted,2026-08-26T19:56:04.227445,244
85d9537f7177712f,https://kg.linkedin.com/jobs/view/%D0%BA%D0%BE%D1%80%D1%80%D0%B5%D1%81%D0%BF%D0%BE%D0%BD%D0%B4%D0%B5%D0%BD%D1%82%D1%82%D0%B8%D0%BA-%D0%BC%D0%B0%D0%BC%D0%B8%D0%BB%D0%B5%D0%BB%D0%B5%D1%80-%D0%B1%D3%A9%D0%BB%D2%AF%D0%BC%D2%AF%D0%BD%D2%AF%D0%BD-%D0%B1%D0%B0%D1%88%D0%BA%D1%8B-%D0%B0%D0%B4%D0%B8%D1%81%D0%B8-at-keremet-bank-4459334633,Корреспонденттик мамилелер бөлүмүнүн башкы адиси,KEREMET BANK,failed|wp_post_failed,2026-08-26T19:56:08.361462,
06ae142ed004d29b,https://kg.linkedin.com/jobs/view/%D0%BB%D0%B8%D0%B4%D0%B5%D1%80%D1%81%D0%BA%D0%B0%D1%8F-%D0%BF%D1%80%D0%BE%D0%B3%D1%80%D0%B0%D0%BC%D0%BC%D0%B0-%D1%84%D0%B8%D0%BD%D0%B0%D0%BD%D1%81%D1%8B-management-trainee-at-itms-group-of-companies-4459317537,Лидерская программа - Финансы (Management Trainee),,scraped,2026-08-26T19:56:20.915043,
d9dc431768891c03,https://kg.linkedin.com/jobs/view/directeur-des-risques-h-f-fonds-souverain-guin%C3%A9e-at-michael-page-4459192771,DIRECTEUR DES RISQUES H/F - Fonds Souverain - Guinée,Michael Page,posted,2026-08-26T19:56:38.799039,1659
6d5abe07941fd580,https://kg.linkedin.com/jobs/view/directeur-des-investissements-h-f-fonds-souverain-guin%C3%A9e-at-michael-page-4459198812,DIRECTEUR DES INVESTISSEMENTS H/F - Fonds Souverain - Guinée,Michael Page,posted,2026-08-26T19:56:51.910840,1661
01e35ae82aecd097,https://kg.linkedin.com/jobs/view/project-manager-growth-at-salmon-group-ltd-4457975749,Project Manager (Growth),,scraped,2026-08-26T23:15:01.879532,
debb9b826c075970,https://kg.linkedin.com/jobs/view/%D1%8D%D0%BA%D1%81%D0%BF%D0%B5%D1%80%D1%82-%D0%BF%D0%BE-%D0%BA%D0%BE%D1%80%D0%BF%D0%BE%D1%80%D0%B0%D1%82%D0%B8%D0%B2%D0%BD%D0%BE%D0%B9-%D0%B1%D0%B5%D0%B7%D0%BE%D0%BF%D0%B0%D1%81%D0%BD%D0%BE%D1%81%D1%82%D0%B8-at-itms-group-of-companies-4459328490,Эксперт по корпоративной безопасности,,scraped,2026-08-26T23:15:37.323639,
59bc5f9491c02c4b,https://kg.linkedin.com/jobs/view/general-manager-retail-destination-asset-management-dubai-at-michael-page-4459368633,General Manager - Retail & Destination Asset Management - Dubai,Michael Page,posted,2026-08-26T23:15:59.666141,1663
66f550f377754777,https://kg.linkedin.com/jobs/view/senior-accountant-payroll-at-rox-group-4457761348,Senior Accountant Payroll,,scraped,2026-08-27T08:48:26.999093,
8188c0454229f347,https://kg.linkedin.com/jobs/view/cis-lawyer-at-mta-solutions-global-4458360058,CIS Lawyer,MTA Solutions Global,posted,2026-08-27T08:48:41.384104,962
235931011633e743,https://kg.linkedin.com/jobs/view/%D0%BA%D0%BE%D0%BC%D0%BF%D0%B0%D0%BD%D1%8C%D0%BE%D0%BD%D0%BA%D0%B0-%D0%B4%D0%BB%D1%8F-%D0%B6%D0%B5%D0%BD%D1%89%D0%B8%D0%BD%D1%8B-6-1-%D1%81-%D0%BF%D1%80%D0%BE%D0%B6%D0%B8%D0%B2%D0%B0%D0%BD%D0%B8%D0%B5%D0%BC-at-pomogatel-ru-4458347524,"Компаньонка для женщины, 6/1 с проживанием",,scraped,2026-08-27T08:48:59.897548,
040fcc5992d44dc8,https://kg.linkedin.com/jobs/view/%D0%BF%D0%BE%D0%B2%D0%B0%D1%80-%D0%B3%D0%BE%D1%80%D1%8F%D1%87%D0%B5%D0%B3%D0%BE-%D0%B8-%D0%BC%D1%8F%D1%81%D0%BD%D0%BE%D0%B3%D0%BE-%D1%86%D0%B5%D1%85%D0%B0-at-lumi-crm-4459641498,Повар горячего и мясного цеха,Lumi.CRM,failed|wp_post_failed,2026-08-27T08:49:08.553349,
62362e12d1f76799,https://kg.linkedin.com/jobs/view/professionel-og-ansvarsbevidst-vagt-i-g4s-temp-afdeling-at-g4s-4459650314,Professionel og ansvarsbevidst vagt i G4S' TEMP-afdeling,G4S,posted,2026-08-27T08:49:35.813845,1665
c2aa22d675cb2960,https://kg.linkedin.com/jobs/view/generator-technician-kuwait-secret-clearance-at-general-dynamics-information-technology-4459027849,Generator Technician ( Kuwait) Secret Clearance,General Dynamics Information Technology,posted,2026-08-27T08:49:55.511839,1667
b57ef078861d14fa,https://kg.linkedin.com/jobs/view/coordinator-community-engagement-at-woodruff-arts-ctr-14th-st-4458000312,"Coordinator, Community Engagement",Woodruff Arts Ctr 14th St,posted,2026-08-27T20:16:28.672346,1669
de8ebd43f3e64732,https://kg.linkedin.com/jobs/view/uzbek-russian-linguist-cat-iii-at-valiant-integrated-services-4459654325,Uzbek/Russian Linguist CAT III,Valiant Integrated Services,posted,2026-08-27T20:16:51.904254,1671
4757e917dd7838c4,https://kg.linkedin.com/jobs/view/snoop-dogg%E2%80%99s-international-ice-cream-taster-at-dr-bombay-bosslady-foods-4457992776,Snoop Dogg’s International Ice Cream Taster,Dr.Bombay / Bosslady Foods,posted,2026-08-27T20:17:19.482133,1673
56410754b49a32f1,https://kg.linkedin.com/jobs/view/soziale-arbeit-mit-schwerpunkt-sport-naher-osten-%E2%80%A2-sozialwesen-at-coworkers-4457758515,Soziale Arbeit mit Schwerpunkt Sport - Naher Osten • Sozialwesen,,scraped,2026-08-27T20:17:21.943389,
4de6dc12f23447d9,https://kg.linkedin.com/jobs/view/apply-now-at-everbright-care-ltd-4457245158,Apply now,,scraped,2026-08-27T20:18:08.418029,
a83ef82f145004c4,https://kg.linkedin.com/jobs/view/%D1%80%D0%B5%D0%BF%D0%B5%D1%82%D0%B8%D1%82%D0%BE%D1%80-at-pomogatel-ru-4458933489,Репетитор,,scraped,2026-08-28T06:03:41.078989,
6ee3700f61b840b1,https://kg.linkedin.com/jobs/view/automated-testing-in-javascript-trainee-at-epam-systems-4457683499,Automated Testing in JavaScript Trainee,EPAM Systems,posted,2026-08-28T06:04:31.835874,392
09998ae72bea5d62,https://kg.linkedin.com/jobs/view/sikkerhedsvagter-til-g4s-security-services-str%C3%B8get-k%C3%B8benhavn-k-at-g4s-4458048523,"Sikkerhedsvagter til G4S Security Services, Strøget, København K",G4S,posted,2026-08-28T06:04:50.436864,1675
e97d1bdd0a335c81,https://kg.linkedin.com/jobs/view/%D0%B4%D0%BE%D0%BC%D1%80%D0%B0%D0%B1%D0%BE%D1%82%D0%BD%D0%B8%D1%86%D0%B0-3-4-%D1%80%D0%B0%D0%B7%D0%B0-%D0%B2-%D0%BD%D0%B5%D0%B4%D0%B5%D0%BB%D1%8E-at-pomogatel-ru-4459400120,Домработница 3-4 раза в неделю,,scraped,2026-08-28T20:08:55.404219,
18c786be4eedec32,https://kg.linkedin.com/jobs/view/assistant-banking-at-ebrd-4459844366,"Assistant, Banking",,scraped,2026-08-28T20:09:12.769607,
de27b29594e0fc16,https://kg.linkedin.com/jobs/view/senior-platform-engineer-at-epam-systems-4459468445,Senior Platform Engineer,EPAM Systems,posted,2026-08-29T03:37:23.792730,354
270ff98973cbb664,https://kg.linkedin.com/jobs/view/senior-ai-engineer-at-epam-systems-4459476401,Senior AI Engineer,EPAM Systems,posted,2026-08-29T03:37:28.823027,294
9de31b4a4ad3adfe,https://kg.linkedin.com/jobs/view/senior-data-engineer-ai-at-epam-systems-4459479351,"Senior Data Engineer, AI",EPAM Systems,posted,2026-08-29T03:38:15.931733,80
ec4b537f40c01a0a,https://kg.linkedin.com/jobs/view/senior-infrastructure-engineer-at-epam-systems-4460180359,Senior Infrastructure Engineer,EPAM Systems,posted,2026-08-29T03:38:26.912836,1677
32bef31e21c59093,https://kg.linkedin.com/jobs/view/principal-site-reliability-engineer-sre-at-epam-systems-4459466451,Principal Site Reliability Engineer (SRE),EPAM Systems,posted,2026-08-29T03:38:34.557709,1679
78eb29f7026c3aff,https://kg.linkedin.com/jobs/view/lead-aws-devops-engineer-at-epam-systems-4459457473,Lead AWS DevOps Engineer,EPAM Systems,posted,2026-08-29T03:38:39.568391,408
354dbb8a7662ea7b,https://kg.linkedin.com/jobs/view/senior-gcp-devops-engineer-at-epam-systems-4459461441,Senior GCP DevOps Engineer,EPAM Systems,posted,2026-08-29T03:38:44.142843,460
77d9239ecee57fb7,https://kg.linkedin.com/jobs/view/lead-unreal-engine-developer-at-epam-systems-4459464442,Lead Unreal Engine Developer,EPAM Systems,posted,2026-08-29T03:38:49.741764,1415
9687141a186fd6b2,https://kg.linkedin.com/jobs/view/cloud-devops-intern-at-epam-lab-at-epam-systems-4459457485,Cloud & DevOps Intern at EPAM Lab,EPAM Systems,posted,2026-08-29T03:39:00.570133,1681
fc31ddb5b3e55c23,https://kg.linkedin.com/jobs/view/senior-platform-engineer-at-epam-systems-4459464438,Senior Platform Engineer,EPAM Systems,scraped,2026-08-29T03:39:12.658190,
bcd4bb1fa7671ec9,https://kg.linkedin.com/jobs/view/senior-platform-engineer-at-epam-systems-4459471412,Senior Platform Engineer,EPAM Systems,scraped,2026-08-29T03:39:16.760106,
e060c1fc25248ab4,https://kg.linkedin.com/jobs/view/%D0%B3%D0%BB%D0%B0%D0%B2%D0%BD%D1%8B%D0%B9-%D0%B1%D1%83%D1%85%D0%B3%D0%B0%D0%BB%D1%82%D0%B5%D1%80-%D0%B2-%D0%BE%D0%BE%D0%BE-%D0%BD%D0%B0-%D0%BE%D0%B1%D1%89%D0%B5%D0%B9-%D1%81%D0%B8%D1%81%D1%82%D0%B5%D0%BC%D0%B5-%D0%BD%D0%B0%D0%BB%D0%BE%D0%B3%D0%BE%D0%BE%D0%B1%D0%BB%D0%BE%D0%B6%D0%B5%D0%BD%D0%B8%D1%8F-at-frontpoint-llc-4458459521,Главный бухгалтер в ООО на общей системе налогообложения,,scraped,2026-08-29T10:58:17.063891,
ac678992ad10ce0e,https://kg.linkedin.com/jobs/view/%D1%82%D0%B5%D0%BD%D0%B4%D0%B5%D1%80%D0%BD%D1%8B%D0%B9-%D1%81%D0%BF%D0%B5%D1%86%D0%B8%D0%B0%D0%BB%D0%B8%D1%81%D1%82-at-secreate-io-4456812858,Тендерный специалист,,scraped,2026-08-29T10:58:50.496036,
fee66ed2728ae1ce,https://kg.linkedin.com/jobs/view/material-handler-at-the-inland-group-of-companies-4459473938,Material Handler,,scraped,2026-08-29T10:58:59.570258,
598f6110e95f2caa,https://kg.linkedin.com/jobs/view/material-handler-qas-bdl-at-the-inland-group-of-companies-4459480853,Material Handler (QAS-BDL),,scraped,2026-08-29T10:59:06.040698,
a4d8004aefa35af4,https://kg.linkedin.com/jobs/view/senior-sap-e-invoicing-consultant-sd-fi-at-epam-systems-4459457484,Senior SAP e-invoicing Consultant (SD/FI),EPAM Systems,posted,2026-08-29T10:59:48.506611,1683
7a19b568ffddb8fa,https://kg.linkedin.com/jobs/view/material-handler-qas-bdl-at-the-inland-group-of-companies-4458943696,Material Handler (QAS-BDL),,scraped,2026-08-29T11:00:03.395260,
91f5d0bfb115474d,https://kg.linkedin.com/jobs/view/%D0%BA%D0%BE%D1%80%D1%80%D0%B5%D1%81%D0%BF%D0%BE%D0%BD%D0%B4%D0%B5%D0%BD%D1%82%D1%82%D0%B8%D0%BA-%D0%BC%D0%B0%D0%BC%D0%B8%D0%BB%D0%B5%D0%BB%D0%B5%D1%80-%D0%B1%D3%A9%D0%BB%D2%AF%D0%BC%D2%AF%D0%BD%D2%AF%D0%BD-%D0%B1%D0%B0%D1%88%D0%BA%D1%8B-%D0%B0%D0%B4%D0%B8%D1%81%D0%B8-at-keremet-bank-4460588503,Корреспонденттик мамилелер бөлүмүнүн башкы адиси,KEREMET BANK,failed|wp_post_failed,2026-08-29T16:35:59.648869,
15c18b3f6f004542,https://kg.linkedin.com/jobs/view/%D0%BD%D1%8F%D0%BD%D1%8F-5-%D0%BC%D0%B5%D1%81%D1%8F%D1%87%D0%BD%D0%BE%D0%BC%D1%83-%D0%BC%D0%B0%D0%BB%D1%8B%D1%88%D1%83-at-pomogatel-ru-4459461784,Няня 5 месячному малышу,,scraped,2026-08-29T16:36:10.107330,
b475d72054a89f7d,https://kg.linkedin.com/jobs/view/%D1%82%D0%B8%D0%BC%D0%BB%D0%B8%D0%B4-%D0%BE%D1%82%D0%B4%D0%B5%D0%BB%D0%B0-%D1%80%D0%B0%D0%B7%D1%80%D0%B0%D0%B1%D0%BE%D1%82%D0%BA%D0%B8-java-python-php-1%D1%81-at-alion-4460816019,Тимлид отдела разработки (Java / Python / PHP / 1С),,scraped,2026-08-29T16:36:23.237126,
dc95a369488b1953,https://kg.linkedin.com/jobs/view/sr-customer-technical-support-specialist-quality-at-ball-corporation-4441499884,Sr Customer Technical Support Specialist (Quality),Ball Corporation,posted,2026-08-29T16:36:47.622864,1685
208dbef37fed6f62,https://kg.linkedin.com/jobs/view/data-analytics-engineering-trainee-at-epam-systems-4459480345,Data Analytics Engineering Trainee,EPAM Systems,posted,2026-08-29T16:37:28.255054,476
5d65a15af27b4e59,https://kg.linkedin.com/jobs/view/%D0%BF%D1%80%D0%BE%D0%B3%D1%80%D0%B0%D0%BC%D0%BC%D0%B8%D1%81%D1%82-1%D1%81-at-alion-4460813572,Программист 1С,,scraped,2026-08-29T20:49:15.385341,
ce7a33097da183a9,https://kg.linkedin.com/jobs/view/%D0%BA%D0%BE%D0%BD%D1%82%D0%B5%D0%BD%D1%82-%D0%BC%D0%B5%D0%BD%D0%B5%D0%B4%D0%B6%D0%B5%D1%80-%D0%BD%D0%BE%D0%B2%D0%BE%D1%81%D1%82%D0%BD%D0%BE%D0%B3%D0%BE-%D0%BF%D0%BE%D1%80%D1%82%D0%B0%D0%BB%D0%B0-at-frontpoint-llc-4458824040,Контент-менеджер новостного портала,,scraped,2026-08-29T20:49:23.394631,
5164843771663a6a,https://kg.linkedin.com/jobs/view/founding-product-designer-at-improbable-4456969049,Founding Product Designer,,scraped,2026-08-29T20:49:46.914644,
bd65214e99229ead,https://kg.linkedin.com/jobs/view/graphic-designer-%E2%80%94-ai-training-project-remote-flexible-up-to-%2425-hr-at-humansignal-services-formerly-erud-ai-4460587583,"Graphic Designer — AI Training Project (Remote, Flexible, Up to $25/hr)",HumanSignal Services (formerly Erud AI),posted,2026-08-29T20:50:12.202887,1687
d67b34a4d040eb9d,https://kg.linkedin.com/jobs/view/it-operations-support-trainee-at-epam-systems-4459466459,IT Operations & Support Trainee,EPAM Systems,posted,2026-08-29T20:50:39.142274,838
cfa9b4e8067bc443,https://kg.linkedin.com/jobs/view/project-manager-middle%2B-at-secreate-io-4459701874,Project Manager [Middle+],,scraped,2026-08-30T00:03:11.771068,
7035ac2cfee62501,https://kg.linkedin.com/jobs/view/%D0%BC%D0%B5%D0%BD%D0%B5%D0%B4%D0%B6%D0%B5%D1%80-%D0%BF%D0%BE-%D0%BF%D0%BE%D0%B4%D0%B1%D0%BE%D1%80%D1%83-%D0%BF%D0%B5%D1%80%D1%81%D0%BE%D0%BD%D0%B0%D0%BB%D0%B0-at-frontpoint-llc-4458831456,Менеджер по подбору персонала,,scraped,2026-08-30T08:11:34.512481,
6530427490252f94,https://kg.linkedin.com/jobs/view/%D1%81%D0%B8%D0%B4%D0%B5%D0%BB%D0%BA%D0%B0-at-pomogatel-ru-4459718754,Сиделка,,scraped,2026-08-30T08:11:58.464879,
474f5107c7fa4e3e,https://kg.linkedin.com/jobs/view/%D0%BF%D1%80%D0%B5%D0%BF%D0%BE%D0%B4%D0%B0%D0%B2%D0%B0%D1%82%D0%B5%D0%BB%D1%8C-%D0%BA%D0%B8%D1%82%D0%B0%D0%B9%D1%81%D0%BA%D0%BE%D0%B3%D0%BE-%D1%8F%D0%B7%D1%8B%D0%BA%D0%B0-at-frontpoint-llc-4458845379,Преподаватель китайского языка,,scraped,2026-08-30T08:12:55.822456,
ba9ff22b5394eda0,https://kg.linkedin.com/jobs/view/%E5%9B%BD%E9%99%85%E8%90%A5%E9%94%80%E7%BB%8F%E7%90%86%EF%BC%88%E6%B7%B7%E5%87%9D%E5%9C%9F%E5%B7%A5%E7%A8%8B%E6%9C%BA%E6%A2%B0%EF%BC%89-at-%E4%B8%89%E4%B8%80%E9%87%8D%E5%B7%A5%E8%82%A1%E4%BB%BD%E6%9C%89%E9%99%90%E5%85%AC%E5%8F%B8-4457688915,国际营销经理（混凝土工程机械）,三一重工股份有限公司,failed|wp_post_failed,2026-08-30T14:46:12.441989,
6853cd3c1fd850c0,https://kg.linkedin.com/jobs/view/client-solutions-operations-specialist-at-tubescience-4460546232,Client Solutions Operations Specialist,TubeScience,posted,2026-08-30T14:46:24.124925,1689
7c97266bbde0d623,https://kg.linkedin.com/jobs/view/solution-architect-at-epam-systems-4459726523,Solution Architect,EPAM Systems,posted,2026-08-30T14:46:49.076144,1691
d9a55bfbdaf4368a,https://kg.linkedin.com/jobs/view/abap-tech-lead-at-epam-systems-4459707687,ABAP Tech Lead,EPAM Systems,posted,2026-08-30T14:47:00.031203,558
197fadfc5508623d,https://kg.linkedin.com/jobs/view/soziale-arbeit-mit-schwerpunkt-sport-naher-osten-%E2%80%A2-sozialwesen-at-coworkers-4458859393,Soziale Arbeit mit Schwerpunkt Sport - Naher Osten • Sozialwesen,,scraped,2026-08-30T22:38:14.057197,
369a7d09999ca0b8,https://kg.linkedin.com/jobs/view/transport-experts-at-ntu-international-a-s-4461052709,Transport Experts,,scraped,2026-08-31T13:22:36.742029,
18ebe3ae5dea72f6,https://kg.linkedin.com/jobs/view/%F0%9F%9A%A8-hiring-network-engineer-%E2%80%93-kyrgyzstan-upcoming-project-at-breiriach-4459202400,🚨 HIRING: Network Engineer – Kyrgyzstan | Upcoming Project,,scraped,2026-08-31T13:23:06.344636,
5150458a59f37df9,https://kg.linkedin.com/jobs/view/account-manager-smb-kyrgyzstan-at-glovo-4461228123,"Account Manager SMB, Kyrgyzstan",,scraped,2026-08-31T19:54:58.281816,
086fa6a9e4899807,https://kg.linkedin.com/jobs/view/%D1%84%D0%B0%D1%85%D1%96%D0%B2%D0%B5%D1%86%D1%8C-%D0%BA%D0%BE%D0%BB-%D1%86%D0%B5%D0%BD%D1%82%D1%80%D1%83-at-usm-machines-%D1%83%D0%BA%D1%80%D1%81%D0%BF%D0%B5%D1%86%D0%BC%D0%B5%D1%85%D0%B0%D0%BD%D1%96%D0%B7%D0%B0%D1%86%D1%96%D1%8F-4461090170,Фахівець Кол-Центру,,scraped,2026-08-31T19:55:18.932031,
8d04dc138e132572,https://kg.linkedin.com/jobs/view/senior-knowledge-management-support-specialist-at-epam-systems-4459767269,Senior Knowledge Management Support Specialist,EPAM Systems,posted,2026-08-31T19:55:35.975724,786
a5bed06560ac4e39,https://kg.linkedin.com/jobs/view/network-engineer-systems-integrator-at-general-dynamics-information-technology-4461219062,Network Engineer / Systems Integrator,General Dynamics Information Technology,posted,2026-08-31T19:56:19.901681,1693
66032363ab1ef6b5,https://kg.linkedin.com/jobs/view/%D0%B2%D0%B5%D0%B4%D1%83%D1%89%D0%B8%D0%B9-%D1%81%D0%BF%D0%B5%D1%86%D0%B8%D0%B0%D0%BB%D0%B8%D1%81%D1%82-%D0%B3%D0%BB%D0%B0%D0%B2%D0%BD%D1%8B%D0%B9-%D0%BC%D0%B5%D0%BD%D0%B5%D0%B4%D0%B6%D0%B5%D1%80-%D0%BF%D0%BE-%D0%BA%D1%80%D0%B5%D0%B4%D0%B8%D1%82%D0%BE%D0%B2%D0%B0%D0%BD%D0%B8%D1%8E-at-%D0%B1%D0%B0%D0%B9-%D1%82%D1%83%D1%88%D1%83%D0%BC-%D0%B1%D0%B0%D0%BD%D0%BA-%D0%BA%D1%8B%D1%80%D0%B3%D1%8B%D0%B7%D1%81%D1%82%D0%B0%D0%BD-4460007200,Ведущий специалист/Главный менеджер по кредитованию,,scraped,2026-08-31T19:56:22.414490,
f4928c8d63de4dcb,https://kg.linkedin.com/jobs/view/%D1%81%D0%BF%D0%B5%D1%86%D0%B8%D0%B0%D0%BB%D0%B8%D1%81%D1%82-%D1%81%D1%82%D0%B0%D1%80%D1%88%D0%B8%D0%B9-%D1%81%D0%BF%D0%B5%D1%86%D0%B8%D0%B0%D0%BB%D0%B8%D1%81%D1%82-%D0%BF%D0%BE-%D0%BA%D1%80%D0%B5%D0%B4%D0%B8%D1%82%D0%BE%D0%B2%D0%B0%D0%BD%D0%B8%D1%8E-at-%D0%B1%D0%B0%D0%B9-%D1%82%D1%83%D1%88%D1%83%D0%BC-%D0%B1%D0%B0%D0%BD%D0%BA-%D0%BA%D1%8B%D1%80%D0%B3%D1%8B%D0%B7%D1%81%D1%82%D0%B0%D0%BD-4460013068,Специалист/Старший специалист по кредитованию,,scraped,2026-08-31T19:56:30.347975,
abda7734aae9844b,https://kg.linkedin.com/jobs/view/generative-ai-systems-architect-at-epam-systems-4459777099,Generative AI Systems Architect,EPAM Systems,posted,2026-08-31T19:56:41.174281,300
c1ee1ec2a91d8a7a,https://kg.linkedin.com/jobs/view/lead-devops-engineer-at-epam-systems-4459766258,Lead DevOps Engineer,EPAM Systems,posted,2026-08-31T19:56:48.846773,518
275c2efebbff1145,https://kg.linkedin.com/jobs/view/technical-ai-consultant-at-epam-systems-4459760346,Technical AI Consultant,EPAM Systems,posted,2026-08-31T19:56:53.989869,316
20f7df03ca768808,https://kg.linkedin.com/jobs/view/%D0%BC%D0%B5%D0%BD%D0%B5%D0%B4%D0%B6%D0%B5%D1%80-%D0%BF%D0%BE-%D1%80%D0%B0%D0%B1%D0%BE%D1%82%D0%B5-%D1%81-%D1%80%D0%BE%D0%B7%D0%BD%D0%B8%D1%87%D0%BD%D1%8B%D0%BC%D0%B8-%D0%BA%D0%BB%D0%B8%D0%B5%D0%BD%D1%82%D0%B0%D0%BC%D0%B8-business-unit-key-account-manager-kam-at-itms-group-of-companies-4460031863,"Менеджер по работе с розничными клиентами (Business Unit Key Account Manager, KAM)",,scraped,2026-08-31T19:56:56.623448,
8e8151102810ed95,https://kg.linkedin.com/jobs/view/laboratory-technician-at-prince-edward-island-bioalliance-4460037263,Laboratory Technician,,scraped,2026-08-31T23:42:15.664823,
72bf5bc6bd797229,https://kg.linkedin.com/jobs/view/%D0%B0%D1%83%D0%B4%D0%B8%D1%82%D0%BE%D1%80-at-%D0%B1%D0%B0%D0%B9-%D1%82%D1%83%D1%88%D1%83%D0%BC-%D0%B1%D0%B0%D0%BD%D0%BA-%D0%BA%D1%8B%D1%80%D0%B3%D1%8B%D0%B7%D1%81%D1%82%D0%B0%D0%BD-4460010177,Аудитор,,scraped,2026-08-31T23:42:31.241926,
4d089675d7e96c5d,https://kg.linkedin.com/jobs/view/project-manager-middle%2B-at-secreate-io-4459750661,Project Manager [Middle+],,scraped,2026-08-31T23:42:55.572574,
a860dda32700efcc,https://kg.linkedin.com/jobs/view/%D0%BE%D0%BF%D0%B5%D1%80%D0%B0%D1%82%D0%BE%D1%80-%D0%BD%D0%B0-%D0%B2%D1%85%D0%BE%D0%B4%D1%8F%D1%89%D0%B8%D0%B5-%D0%B7%D0%B2%D0%BE%D0%BD%D0%BA%D0%B8-%D0%B1%D0%B5%D0%B7-%D0%BF%D1%80%D0%BE%D0%B4%D0%B0%D0%B6-at-rosgosstrakh-4460025923,Оператор на входящие звонки (без продаж),,scraped,2026-08-31T23:43:05.032301,
1d30bcf896bcab20,https://kg.linkedin.com/jobs/view/generator-technician-jordan-secret-clearance-at-general-dynamics-information-technology-4459035771,Generator Technician (Jordan) Secret Clearance,General Dynamics Information Technology,posted,2026-08-31T23:43:39.593708,1695
5eec6123733951af,https://kg.linkedin.com/jobs/view/%D1%81%D0%BF%D0%B5%D1%86%D0%B8%D0%B0%D0%BB%D0%B8%D1%81%D1%82-%D0%BE%D1%82%D0%B4%D0%B5%D0%BB%D0%B0-%D0%BC%D0%B5%D1%82%D0%BE%D0%B4%D0%BE%D0%BB%D0%BE%D0%B3%D0%B8%D0%B8-at-%D0%B1%D0%B0%D0%B9-%D1%82%D1%83%D1%88%D1%83%D0%BC-%D0%B1%D0%B0%D0%BD%D0%BA-%D0%BA%D1%8B%D1%80%D0%B3%D1%8B%D0%B7%D1%81%D1%82%D0%B0%D0%BD-4460002893,Специалист отдела методологии,,scraped,2026-08-31T23:43:42.200264,
7f8633292830062c,https://kg.linkedin.com/jobs/view/%D0%BC%D0%B5%D0%BD%D0%B5%D0%B4%D0%B6%D0%B5%D1%80-%D0%BF%D0%BE-%D0%BF%D0%B5%D1%80%D1%81%D0%BE%D0%BD%D0%B0%D0%BB%D1%83-at-%D0%B1%D0%B0%D0%B9-%D1%82%D1%83%D1%88%D1%83%D0%BC-%D0%B1%D0%B0%D0%BD%D0%BA-%D0%BA%D1%8B%D1%80%D0%B3%D1%8B%D0%B7%D1%81%D1%82%D0%B0%D0%BD-4460012104,Менеджер по персоналу,,scraped,2026-08-31T23:43:52.230630,
0964f9a47b6956a9,https://kg.linkedin.com/jobs/view/%D0%BF%D0%BE%D0%BC%D0%BE%D1%89%D0%BD%D0%B8%D0%BA-%D0%BC%D0%B5%D0%BD%D0%B5%D0%B4%D0%B6%D0%B5%D1%80%D0%B0-%D0%BF%D0%BE-%D1%80%D0%B0%D0%B1%D0%BE%D1%82%D0%B5-%D1%81-%D0%BC%D0%B0%D1%80%D0%BA%D0%B5%D1%82%D0%BF%D0%BB%D0%B5%D0%B9%D1%81%D0%B0%D0%BC%D0%B8-at-frontpoint-llc-4458882151,Помощник менеджера по работе с маркетплейсами,,scraped,2026-09-01T04:43:26.768819,
0a4648bfff09c983,https://kg.linkedin.com/jobs/view/%D0%BC%D0%B5%D0%BD%D0%B5%D0%B4%D0%B6%D0%B5%D1%80-%D0%BF%D0%BE-%D0%BF%D1%80%D0%BE%D0%B4%D0%B0%D0%B6%D0%B0%D0%BC-%D0%BC%D0%B5%D1%82%D0%B0%D0%BB%D0%BB%D0%BE%D0%BA%D0%BE%D0%BD%D1%81%D1%82%D1%80%D1%83%D0%BA%D1%86%D0%B8%D0%B9-at-frontpoint-llc-4458876213,Менеджер по продажам металлоконструкций,,scraped,2026-09-01T04:43:37.410786,
0925323b8d8fcbbc,https://kg.linkedin.com/jobs/view/%D0%B3%D0%BB%D0%B0%D0%B2%D0%BD%D1%8B%D0%B9-%D1%81%D0%BF%D0%B5%D1%86%D0%B8%D0%B0%D0%BB%D0%B8%D1%81%D1%82-%D1%81%D0%BB%D1%83%D0%B6%D0%B1%D1%8B-%D0%BA%D0%BE%D0%BC%D0%BF%D0%BB%D0%B0%D0%B5%D0%BD%D1%81-%D0%BA%D0%BE%D0%BD%D1%82%D1%80%D0%BE%D0%BB%D1%8F-at-%D0%B1%D0%B0%D0%B9-%D1%82%D1%83%D1%88%D1%83%D0%BC-%D0%B1%D0%B0%D0%BD%D0%BA-%D0%BA%D1%8B%D1%80%D0%B3%D1%8B%D0%B7%D1%81%D1%82%D0%B0%D0%BD-4460001913,Главный специалист Службы комплаенс-контроля,,scraped,2026-09-01T04:43:48.978738,
e7adc962f8a4cf08,https://kg.linkedin.com/jobs/view/%D1%81%D0%BF%D0%B5%D1%86%D0%B8%D0%B0%D0%BB%D0%B8%D1%81%D1%82-%D0%BA%D0%BE%D0%BD%D1%82%D0%B0%D0%BA%D1%82-%D1%86%D0%B5%D0%BD%D1%82%D1%80%D0%B0-at-%D0%B1%D0%B0%D0%B9-%D1%82%D1%83%D1%88%D1%83%D0%BC-%D0%B1%D0%B0%D0%BD%D0%BA-%D0%BA%D1%8B%D1%80%D0%B3%D1%8B%D0%B7%D1%81%D1%82%D0%B0%D0%BD-4460011127,Специалист Контакт-центра,,scraped,2026-09-01T04:43:57.096366,
210a7421bd3cb8ed,https://kg.linkedin.com/jobs/view/%D1%81%D1%82%D0%B0%D1%80%D1%88%D0%B8%D0%B9-%D0%BC%D0%B5%D0%BD%D0%B5%D0%B4%D0%B6%D0%B5%D1%80-%D0%BA%D0%BE%D1%80%D0%BF%D0%BE%D1%80%D0%B0%D1%82%D0%B8%D0%B2%D0%BD%D0%BE%D0%B3%D0%BE-%D0%B1%D0%B0%D0%BD%D0%BA%D0%BE%D0%B2%D1%81%D0%BA%D0%BE%D0%B3%D0%BE-%D0%BE%D0%B1%D1%81%D0%BB%D1%83%D0%B6%D0%B8%D0%B2%D0%B0%D0%BD%D0%B8%D1%8F-%D0%BF%D0%BE-%D1%82%D0%BE%D1%80%D0%B3%D0%BE%D0%B2%D0%BE%D0%BC%D1%83-%D1%84%D0%B8%D0%BD%D0%B0%D0%BD%D1%81%D0%B8%D1%80%D0%BE%D0%B2%D0%B0%D0%BD%D0%B8%D1%8E-at-%D0%B1%D0%B0%D0%B9-%D1%82%D1%83%D1%88%D1%83%D0%BC-%D0%B1%D0%B0%D0%BD%D0%BA-%D0%BA%D1%8B%D1%80%D0%B3%D1%8B%D0%B7%D1%81%D1%82%D0%B0%D0%BD-4460008203,Старший менеджер корпоративного банковского обслуживания по торговому финансированию,,scraped,2026-09-01T04:44:05.191530,
9a7dabb5de86ce78,https://kg.linkedin.com/jobs/view/%D0%BC%D0%B5%D0%BD%D0%B5%D0%B4%D0%B6%D0%B5%D1%80-%D0%BF%D0%BE-%D0%BF%D1%80%D0%BE%D0%B4%D0%B0%D0%B6%D0%B0%D0%BC-at-%D0%B1%D0%B0%D0%B9-%D1%82%D1%83%D1%88%D1%83%D0%BC-%D0%B1%D0%B0%D0%BD%D0%BA-%D0%BA%D1%8B%D1%80%D0%B3%D1%8B%D0%B7%D1%81%D1%82%D0%B0%D0%BD-4460000935,Менеджер по продажам,,scraped,2026-09-01T04:44:13.200370,
33ecc87226f85e3e,https://kg.linkedin.com/jobs/view/%D0%BC%D0%B5%D0%BD%D0%B5%D0%B4%D0%B6%D0%B5%D1%80-%D0%BF%D0%BE-%D0%BF%D1%80%D0%BE%D0%B4%D0%B0%D0%B6%D0%B0%D0%BC-%D0%BC%D0%B5%D0%BD%D0%B5%D0%B4%D0%B6%D0%B5%D1%80-%D0%BF%D0%BE-%D1%80%D0%B0%D0%B1%D0%BE%D1%82%D0%B5-%D1%81-%D0%BA%D0%BB%D0%B8%D0%B5%D0%BD%D1%82%D0%B0%D0%BC%D0%B8-b2b-%D0%B2-%D0%BE%D0%BD%D0%BB%D0%B0%D0%B9%D0%BD-%D1%88%D0%BA%D0%BE%D0%BB%D1%83-at-frontpoint-llc-4459229635,Менеджер по продажам/менеджер по работе с клиентами B2B в онлайн-школу,,scraped,2026-09-01T04:44:23.269377,
1474549ac5740534,https://kg.linkedin.com/jobs/view/leitung-erp-w-m-d-ober%C3%B6sterreich-at-michael-page-4461086176,Leitung ERP (w/m/d) Oberösterreich,Michael Page,posted,2026-09-01T04:44:46.312529,1697
771ead55e6d1ddad,https://kg.linkedin.com/jobs/view/%D1%81%D0%B8%D1%81%D1%82%D0%B5%D0%BC%D0%BD%D1%8B%D0%B9-%D0%B0%D0%B4%D0%BC%D0%B8%D0%BD%D0%B8%D1%81%D1%82%D1%80%D0%B0%D1%82%D0%BE%D1%80-at-food-dream-x-kfc-4459282051,Системный администратор,,scraped,2026-09-01T11:29:31.176172,
a36659232ffcbc16,https://kg.linkedin.com/jobs/view/administrative-specialist-at-ey-4459278766,Administrative Specialist,EY,posted,2026-09-01T11:29:52.546267,1699
a87835284964b1d0,https://kg.linkedin.com/jobs/view/middle-project-manager-remote-contract-at-infuse-4461507847,"Middle Project Manager (Remote, Contract)",INFUSE,posted,2026-09-01T11:30:07.093591,1701
3a18680b6d5f53d0,https://kg.linkedin.com/jobs/view/sikkerhedsmedarbejder-til-sikringen-%E2%80%93-et-job-med-mening-mod-og-menneskeligt-fokus-at-g4s-4459651278,"Sikkerhedsmedarbejder til Sikringen – et job med mening, mod og menneskeligt fokus",G4S,posted,2026-09-01T11:30:29.729524,1703
f8735416e61647e0,https://kg.linkedin.com/jobs/view/middle%2B-project-manager-remote-contract-at-infuse-4461513083,"Middle+ Project Manager (Remote, Contract)",INFUSE,posted,2026-09-01T16:27:52.349904,1701
4f1d0f536e092ad6,https://kg.linkedin.com/jobs/view/cloud-devops-intern-at-epam-lab-at-epam-systems-4460221259,Cloud & DevOps Intern at EPAM Lab,EPAM Systems,posted,2026-09-01T16:28:29.593853,1681
86e5b8b1c77745a4,https://kg.linkedin.com/jobs/view/cloud-native-python-engineer-with-ai-integration-focus-at-epam-systems-4460231087,Cloud Native Python Engineer with AI Integration Focus,EPAM Systems,posted,2026-09-01T20:55:12.381480,1705
dd705ceac8759e8a,https://kg.linkedin.com/jobs/view/senior-python-full-stack-engineer-at-epam-systems-4460217273,Senior Python Full Stack Engineer,EPAM Systems,posted,2026-09-01T20:55:17.434037,428
73044694cf1cbb37,https://kg.linkedin.com/jobs/view/data-solution-architect-at-epam-systems-4460228116,Data Solution Architect,EPAM Systems,posted,2026-09-01T20:55:38.525187,350
f5b528cb293a3bb3,https://kg.linkedin.com/jobs/view/manager-qualit%C3%A9-a%C3%A9ronautique-at-michael-page-4462053281,Manager Qualité - Aéronautique,Michael Page,posted,2026-09-01T20:55:59.092229,1707
f9ecfcc40a42662a,https://kg.linkedin.com/jobs/view/solution-architect-at-epam-systems-4460210550,Solution Architect,EPAM Systems,posted,2026-09-01T20:56:06.368495,1691
30800d97bd94aeb5,https://kg.linkedin.com/jobs/view/senior-lead-ai-engineer-architect-at-epam-systems-4460229093,Senior / Lead AI Engineer / Architect,EPAM Systems,posted,2026-09-01T20:56:15.670671,256
b087a48dc139493e,https://kg.linkedin.com/jobs/view/senior-servicenow-business-analyst-at-epam-systems-4460208728,Senior ServiceNow Business Analyst,EPAM Systems,posted,2026-09-01T20:56:24.933108,482
2b0111ba90613260,https://kg.linkedin.com/jobs/view/senior-lead-sap-mm-consultant-at-epam-systems-4460218265,Senior/Lead SAP MM Consultant,EPAM Systems,posted,2026-09-01T20:56:30.192873,480
e48fa4b5df2cbfdb,https://kg.linkedin.com/jobs/view/%D0%BC%D0%B5%D0%BD%D0%B5%D0%B4%D0%B6%D0%B5%D1%80-%D0%BF%D0%BE-%D0%BF%D1%80%D0%BE%D0%B4%D0%B0%D0%B6%D0%B0%D0%BC-at-frontpoint-llc-4459248138,Менеджер по продажам,,scraped,2026-09-01T23:57:13.001206,
16468d750c9e3610,https://kg.linkedin.com/jobs/view/senior-full-stack-python-engineer-at-epam-systems-4459591880,Senior Full Stack Python Engineer,EPAM Systems,posted,2026-09-02T04:14:12.600073,514
aa8c99e50fabe9f9,https://kg.linkedin.com/jobs/view/technical-talent-acquisition-specialist-at-ultahost-4460676616,Technical Talent Acquisition Specialist,UltaHost,posted,2026-09-02T04:14:31.850135,1709
48dc2c377c6b390c,https://kg.linkedin.com/jobs/view/m%C3%A9decin-embarqu%C3%A9-h-f-at-pmsm-4461742636,Médecin embarqué (H/F),,scraped,2026-09-02T04:15:06.431662,
08467486ccbe0ff3,https://kg.linkedin.com/jobs/view/futuraskolan-international-bergtorp%E2%80%93-l%C3%A4rare-i-spanska-40%25-at-futuraskolan-international-bergtorp-4460092196,Futuraskolan International Bergtorp– Lärare i Spanska (40%),,scraped,2026-09-02T04:15:17.903324,
386ea17f56075fa8,https://kg.linkedin.com/jobs/view/senior-infrastructure-cloud-engineer-at-epam-systems-4459900308,Senior Infrastructure / Cloud Engineer,EPAM Systems,posted,2026-09-02T04:15:51.659678,1711
58c44636bce0b872,https://kg.linkedin.com/jobs/view/sales-director-south-korea-automotive-aftermarket-b2b-b2b2c-at-michael-page-4462151301,"Sales Director, South Korea - Automotive Aftermarket B2B/B2B2C",Michael Page,posted,2026-09-02T11:05:03.491544,1713
996dabbe8a35e628,https://kg.linkedin.com/jobs/view/p2p-growth-operations-manager-cis-cee-at-binance-4460952749,P2P Growth Operations Manager (CIS/CEE),Binance,posted,2026-09-02T16:25:21.733886,1715
f9f54feec1dffed5,https://kg.linkedin.com/jobs/view/member-services-representative-%E2%80%93-temporary-at-woodruff-arts-ctr-14th-st-4459594346,Member Services Representative – Temporary,Woodruff Arts Ctr 14th St,posted,2026-09-02T16:25:50.727380,1717
71da38b2fdf01383,https://kg.linkedin.com/jobs/view/steward-supervisor-f-b-boh-at-sihamco-4462161317,Steward Supervisor - F&B BOH,,scraped,2026-09-02T16:25:53.285940,
aae1349f5c87424b,https://kg.linkedin.com/jobs/view/%D0%BD%D0%B0%D1%87%D0%B0%D0%BB%D1%8C%D0%BD%D0%B8%D0%BA-%D0%BE%D1%82%D0%B4%D0%B5%D0%BB%D0%B0-%D0%BC%D0%B0%D1%80%D0%BA%D0%B5%D1%82%D0%B8%D0%BD%D0%B3%D0%B0-at-%D0%B1%D0%B0%D0%B9-%D1%82%D1%83%D1%88%D1%83%D0%BC-%D0%B1%D0%B0%D0%BD%D0%BA-%D0%BA%D1%8B%D1%80%D0%B3%D1%8B%D0%B7%D1%81%D1%82%D0%B0%D0%BD-4460010174,Начальник Отдела маркетинга,,scraped,2026-09-02T16:26:03.872855,
fa9f7efc14a7f242,https://kg.linkedin.com/jobs/view/foundry-gotham-developer-at-general-dynamics-information-technology-4462472726,Foundry / Gotham Developer,General Dynamics Information Technology,posted,2026-09-02T23:59:06.901555,1719
dd1f9c106aaedcd9,https://kg.linkedin.com/jobs/view/executive-personal-assistant-at-puffy-4459534757,Executive Personal Assistant,Puffy,posted,2026-09-02T23:59:27.546708,1721
d22da443f4f5f199,https://kg.linkedin.com/jobs/view/chandrapur-sambhajinagar-maharashtra-at-agriyuvaa-4459221155,"Chandrapur / Sambhajinagar, Maharashtra",,scraped,2026-09-02T23:59:38.233042,
518d12a83054d4b2,https://kg.linkedin.com/jobs/view/op%C3%A9rateur-d-assemblage-r%C3%A9f%C3%A9rent-m-f-d-at-michael-page-4461758487,"Opérateur d'Assemblage - Référent (m,f,d)",Michael Page,posted,2026-09-02T23:59:56.438058,1723
5afb6c91473f353d,https://kg.linkedin.com/jobs/view/%D0%B8%D0%BD%D0%B6%D0%B5%D0%BD%D0%B5%D1%80-%D0%BF%D1%80%D0%BE%D0%B5%D0%BA%D1%82%D0%B8%D1%80%D0%BE%D0%B2%D1%89%D0%B8%D0%BA-at-%D0%B3%D1%80%D1%83%D0%BF%D0%BF%D0%B0-%D0%BA%D0%BE%D0%BC%D0%BF%D0%B0%D0%BD%D0%B8%D0%B9-%D1%8D%D0%BD%D0%B5%D1%80%D0%B3%D0%B8%D1%8F-4459272778,Инженер-проектировщик,,scraped,2026-09-02T23:59:59.166910,
f8a1daa36e391224,https://kg.linkedin.com/jobs/view/%D0%B8%D0%BD%D0%B6%D0%B5%D0%BD%D0%B5%D1%80-%D1%81%D0%BC%D0%B5%D1%82%D1%87%D0%B8%D0%BA-at-frontpoint-llc-4459984511,Инженер-сметчик,,scraped,2026-09-03T00:00:33.056038,
1a1b2f62b58d82d8,https://kg.linkedin.com/jobs/view/theater-property-equipment-manager-logistics-analyst-at-general-dynamics-information-technology-4462788267,Theater Property Equipment Manager/Logistics Analyst,General Dynamics Information Technology,posted,2026-09-03T11:01:50.126630,1727
34deeb73b27f5396,https://kg.linkedin.com/jobs/view/%D1%81%D0%B8%D1%81%D1%82%D0%B5%D0%BC%D0%BD%D1%8B%D0%B9-%D0%B0%D0%B4%D0%BC%D0%B8%D0%BD%D0%B8%D1%81%D1%82%D1%80%D0%B0%D1%82%D0%BE%D1%80-4460457081,Системный администратор,Dostek Group,failed|wp_post_failed,2026-09-03T11:02:03.746968,
b282c2057ed49fdb,https://kg.linkedin.com/jobs/view/electronics-technician-iii-at-general-dynamics-information-technology-4462788255,Electronics Technician III,General Dynamics Information Technology,posted,2026-09-03T11:02:23.402312,1729
91184d83e5a53f70,https://kg.linkedin.com/jobs/view/clinical-nurse-specialist-gi-at-lister-fertility-clinic-4461323933,Clinical Nurse Specialist (GI),,scraped,2026-09-03T11:02:25.840960,
deeeeda56c8695fa,https://kg.linkedin.com/jobs/view/senior-devops-engineer-aws-at-epam-systems-4461386708,"Senior DevOps Engineer, AWS",EPAM Systems,posted,2026-09-03T11:02:41.282080,990
e891e0535988bb1d,https://kg.linkedin.com/jobs/view/senior-gcp-devops-engineer-at-epam-systems-4461376882,Senior GCP DevOps Engineer,EPAM Systems,posted,2026-09-03T11:02:50.202362,460
1fc46aae0509d1ec,https://kg.linkedin.com/jobs/view/netsuite-functional-consultant-at-frontpoint-llc-4458819042,NetSuite Functional Consultant,,scraped,2026-09-03T11:02:58.708651,
902c335a0867e6e2,https://kg.linkedin.com/jobs/view/theater-property-equipment-manager-logistics-analyst-at-general-dynamics-information-technology-4462795230,Theater Property Equipment Manager/Logistics Analyst,General Dynamics Information Technology,posted,2026-09-03T16:15:20.725287,1727
5b28547474ee3c5c,https://kg.linkedin.com/jobs/view/personal-assistant-at-puffy-4460457132,Personal Assistant,Puffy,posted,2026-09-03T16:15:40.003282,922
c8f068dcacc4bac0,https://kg.linkedin.com/jobs/view/retention-manager-kazakh-kirgiz-russian-languages-at-talk-with-us-4462811878,Retention Manager (Kazakh/Kirgiz & Russian languages),Talk with Us,posted,2026-09-03T16:15:51.546854,1731
1a4653c3dc22b055,https://kg.linkedin.com/jobs/view/theater-property-equipment-manager-logistics-analyst-at-general-dynamics-information-technology-4462790261,Theater Property Equipment Manager/Logistics Analyst,General Dynamics Information Technology,scraped,2026-09-03T16:16:35.704033,
